ERROR:tornado.application:Uncaught exception, closing connection.
Traceback (most recent call last):
  File "D:\workspace\airsim_llm_ground\.venv\lib\site-packages\tornado\iostream.py", line 562, in wrapper
    return callback(*args)
  File "D:\workspace\airsim_llm_ground\.venv\lib\site-packages\tornado\stack_context.py", line 277, in null_wrapper
    return fn(*args, **kwargs)
  File "D:\workspace\airsim_llm_ground\.venv\lib\site-packages\msgpackrpc\transport\tcp.py", line 24, in on_read
    self.on_message(message)
  File "D:\workspace\airsim_llm_ground\.venv\lib\site-packages\msgpackrpc\transport\tcp.py", line 27, in on_message
    msgsize = len(message)
TypeError: object of type 'NoneType' has no len()
ERROR:tornado.application:Uncaught exception, closing connection.
Traceback (most recent call last):
  File "D:\workspace\airsim_llm_ground\AeroMind Console\core\airsim_adapter.py", line 334, in execute_formation_route
    task.join(timeout=10)
TypeError: Future.join() got an unexpected keyword argument 'timeout'

During handling of the above exception, another exception occurred:

Traceback (most recent call last):
  File "D:\workspace\airsim_llm_ground\.venv\lib\site-packages\tornado\iostream.py", line 562, in wrapper
    return callback(*args)
  File "D:\workspace\airsim_llm_ground\.venv\lib\site-packages\tornado\stack_context.py", line 277, in null_wrapper
    return fn(*args, **kwargs)
  File "D:\workspace\airsim_llm_ground\.venv\lib\site-packages\msgpackrpc\transport\tcp.py", line 23, in on_read
    for message in self._unpacker:
  File "D:\workspace\airsim_llm_ground\.venv\lib\site-packages\msgpack\fallback.py", line 626, in __next__
    ret = self._unpack(EX_CONSTRUCT)
  File "D:\workspace\airsim_llm_ground\.venv\lib\site-packages\msgpack\fallback.py", line 579, in _unpack
    ret.append(self._unpack(EX_CONSTRUCT))
  File "D:\workspace\airsim_llm_ground\.venv\lib\site-packages\msgpack\fallback.py", line 600, in _unpack
    ret[key] = self._unpack(EX_CONSTRUCT)
  File "D:\workspace\airsim_llm_ground\.venv\lib\site-packages\msgpack\fallback.py", line 579, in _unpack
    ret.append(self._unpack(EX_CONSTRUCT))
  File "D:\workspace\airsim_llm_ground\.venv\lib\site-packages\msgpack\fallback.py", line 560, in _unpack
    typ, n, obj = self._read_header(execute)
  File "D:\workspace\airsim_llm_ground\.venv\lib\site-packages\msgpack\fallback.py", line 556, in _read_header
    raise UnpackValueError("Unknown header: 0x%x" % b)
msgpack.exceptions.UnpackValueError: Unknown header: 0xc1
ERROR:tornado.application:Exception in callback functools.partial(<function wrap.<locals>.null_wrapper at 0x0000014E7EDC5AB0>)
Traceback (most recent call last):
  File "D:\workspace\airsim_llm_ground\.venv\lib\site-packages\tornado\ioloop.py", line 605, in _run_callback
    ret = callback()
  File "D:\workspace\airsim_llm_ground\.venv\lib\site-packages\tornado\stack_context.py", line 277, in null_wrapper
    return fn(*args, **kwargs)
  File "D:\workspace\airsim_llm_ground\.venv\lib\site-packages\tornado\iostream.py", line 562, in wrapper
    return callback(*args)
  File "D:\workspace\airsim_llm_ground\.venv\lib\site-packages\tornado\stack_context.py", line 277, in null_wrapper
    return fn(*args, **kwargs)
  File "D:\workspace\airsim_llm_ground\.venv\lib\site-packages\msgpackrpc\transport\tcp.py", line 24, in on_read
    self.on_message(message)
  File "D:\workspace\airsim_llm_ground\.venv\lib\site-packages\msgpackrpc\transport\tcp.py", line 27, in on_message
    msgsize = len(message)
TypeError: object of type 'NoneType' has no len()
ERROR:tornado.application:Exception in callback functools.partial(<function wrap.<locals>.null_wrapper at 0x0000014E7EDC7010>)
Traceback (most recent call last):
  File "D:\workspace\airsim_llm_ground\AeroMind Console\core\airsim_adapter.py", line 334, in execute_formation_route
    task.join(timeout=10)
TypeError: Future.join() got an unexpected keyword argument 'timeout'

During handling of the above exception, another exception occurred:

Traceback (most recent call last):
  File "D:\workspace\airsim_llm_ground\.venv\lib\site-packages\tornado\ioloop.py", line 605, in _run_callback
    ret = callback()
  File "D:\workspace\airsim_llm_ground\.venv\lib\site-packages\tornado\stack_context.py", line 277, in null_wrapper
    return fn(*args, **kwargs)
  File "D:\workspace\airsim_llm_ground\.venv\lib\site-packages\tornado\iostream.py", line 562, in wrapper
    return callback(*args)
  File "D:\workspace\airsim_llm_ground\.venv\lib\site-packages\tornado\stack_context.py", line 277, in null_wrapper
    return fn(*args, **kwargs)
  File "D:\workspace\airsim_llm_ground\.venv\lib\site-packages\msgpackrpc\transport\tcp.py", line 23, in on_read
    for message in self._unpacker:
  File "D:\workspace\airsim_llm_ground\.venv\lib\site-packages\msgpack\fallback.py", line 626, in __next__
    ret = self._unpack(EX_CONSTRUCT)
  File "D:\workspace\airsim_llm_ground\.venv\lib\site-packages\msgpack\fallback.py", line 579, in _unpack
    ret.append(self._unpack(EX_CONSTRUCT))
  File "D:\workspace\airsim_llm_ground\.venv\lib\site-packages\msgpack\fallback.py", line 600, in _unpack
    ret[key] = self._unpack(EX_CONSTRUCT)
  File "D:\workspace\airsim_llm_ground\.venv\lib\site-packages\msgpack\fallback.py", line 579, in _unpack
    ret.append(self._unpack(EX_CONSTRUCT))
  File "D:\workspace\airsim_llm_ground\.venv\lib\site-packages\msgpack\fallback.py", line 560, in _unpack
    typ, n, obj = self._read_header(execute)
  File "D:\workspace\airsim_llm_ground\.venv\lib\site-packages\msgpack\fallback.py", line 556, in _read_header
    raise UnpackValueError("Unknown header: 0x%x" % b)
msgpack.exceptions.UnpackValueError: Unknown header: 0xc1
ERROR:tornado.application:Uncaught exception, closing connection.
Traceback (most recent call last):
  File "D:\workspace\airsim_llm_ground\.venv\lib\site-packages\tornado\iostream.py", line 562, in wrapper
    return callback(*args)
  File "D:\workspace\airsim_llm_ground\.venv\lib\site-packages\tornado\stack_context.py", line 277, in null_wrapper
    return fn(*args, **kwargs)
  File "D:\workspace\airsim_llm_ground\.venv\lib\site-packages\msgpackrpc\transport\tcp.py", line 24, in on_read
    self.on_message(message)
  File "D:\workspace\airsim_llm_ground\.venv\lib\site-packages\msgpackrpc\transport\tcp.py", line 29, in on_message
    raise RPCError("Invalid MessagePack-RPC protocol: message = {0}".format(message))
msgpackrpc.error.RPCError: Invalid MessagePack-RPC protocol: message = {}
ERROR:tornado.application:Exception in callback functools.partial(<function wrap.<locals>.null_wrapper at 0x0000014E7EDE4A60>)
Traceback (most recent call last):
  File "D:\workspace\airsim_llm_ground\.venv\lib\site-packages\tornado\ioloop.py", line 605, in _run_callback
    ret = callback()
  File "D:\workspace\airsim_llm_ground\.venv\lib\site-packages\tornado\stack_context.py", line 277, in null_wrapper
    return fn(*args, **kwargs)
  File "D:\workspace\airsim_llm_ground\.venv\lib\site-packages\tornado\iostream.py", line 562, in wrapper
    return callback(*args)
  File "D:\workspace\airsim_llm_ground\.venv\lib\site-packages\tornado\stack_context.py", line 277, in null_wrapper
    return fn(*args, **kwargs)
  File "D:\workspace\airsim_llm_ground\.venv\lib\site-packages\msgpackrpc\transport\tcp.py", line 24, in on_read
    self.on_message(message)
  File "D:\workspace\airsim_llm_ground\.venv\lib\site-packages\msgpackrpc\transport\tcp.py", line 29, in on_message
    raise RPCError("Invalid MessagePack-RPC protocol: message = {0}".format(message))
msgpackrpc.error.RPCError: Invalid MessagePack-RPC protocol: message = {}
WARNING:tornado.general:Connect error on fd 1840: WSAECONNREFUSED
WARNING:tornado.general:Connect error on fd 2332: WSAECONNREFUSED
WARNING:tornado.general:Connect error on fd 2200: WSAECONNREFUSED
WARNING:tornado.general:Connect error on fd 2628: WSAECONNREFUSED
WARNING:tornado.general:Connect error on fd 2640: WSAECONNREFUSED
WARNING:tornado.general:Connect error on fd 2652: WSAECONNREFUSED
WARNING:tornado.general:Connect error on fd 2136: WSAECONNREFUSED
WARNING:tornado.general:Connect error on fd 2244: WSAECONNREFUSED
WARNING:tornado.general:Connect error on fd 2096: WSAECONNREFUSED
WARNING:tornado.general:Connect error on fd 360: WSAECONNREFUSED
WARNING:tornado.general:Connect error on fd 2520: WSAECONNREFUSED
WARNING:tornado.general:Connect error on fd 2092: WSAECONNREFUSED
WARNING:tornado.general:Connect error on fd 1896: WSAECONNREFUSED
WARNING:tornado.general:Connect error on fd 2080: WSAECONNREFUSED
WARNING:tornado.general:Connect error on fd 1656: WSAECONNREFUSED
WARNING:tornado.general:Connect error on fd 356: WSAECONNREFUSED
WARNING:tornado.general:Connect error on fd 2520: WSAECONNREFUSED
WARNING:tornado.general:Connect error on fd 1588: WSAECONNREFUSED
WARNING:tornado.general:Connect error on fd 2660: WSAECONNREFUSED
WARNING:tornado.general:Connect error on fd 2040: WSAECONNREFUSED
WARNING:tornado.general:Connect error on fd 2672: WSAECONNREFUSED
WARNING:tornado.general:Connect error on fd 2060: WSAECONNREFUSED
WARNING:tornado.general:Connect error on fd 2632: WSAECONNREFUSED
WARNING:tornado.general:Connect error on fd 2684: WSAECONNREFUSED
WARNING:tornado.general:Connect error on fd 2116: WSAECONNREFUSED
WARNING:tornado.general:Connect error on fd 2144: WSAECONNREFUSED
WARNING:tornado.general:Connect error on fd 2144: WSAECONNREFUSED
WARNING:tornado.general:Connect error on fd 2696: WSAECONNREFUSED
WARNING:tornado.general:Connect error on fd 2708: WSAECONNREFUSED
WARNING:tornado.general:Connect error on fd 1940: WSAECONNREFUSED
WARNING:tornado.general:Connect error on fd 2452: WSAECONNREFUSED
WARNING:tornado.general:Connect error on fd 2116: WSAECONNREFUSED
WARNING:tornado.general:Connect error on fd 2684: WSAECONNREFUSED
WARNING:tornado.general:Connect error on fd 2592: WSAECONNREFUSED
WARNING:tornado.general:Connect error on fd 2720: WSAECONNREFUSED
WARNING:tornado.general:Connect error on fd 2732: WSAECONNREFUSED
WARNING:tornado.general:Connect error on fd 2332: WSAECONNREFUSED
WARNING:tornado.general:Connect error on fd 2536: WSAECONNREFUSED
WARNING:tornado.general:Connect error on fd 2632: WSAECONNREFUSED
WARNING:tornado.general:Connect error on fd 2756: WSAECONNREFUSED
WARNING:tornado.general:Connect error on fd 2576: WSAECONNREFUSED
WARNING:tornado.general:Connect error on fd 2768: WSAECONNREFUSED
WARNING:tornado.general:Connect error on fd 2088: WSAECONNREFUSED
WARNING:tornado.general:Connect error on fd 2272: WSAECONNREFUSED
WARNING:tornado.general:Connect error on fd 2428: WSAECONNREFUSED
WARNING:tornado.general:Connect error on fd 2480: WSAECONNREFUSED
WARNING:tornado.general:Connect error on fd 2792: WSAECONNREFUSED
WARNING:tornado.general:Connect error on fd 2816: WSAECONNREFUSED
WARNING:tornado.general:Connect error on fd 2796: WSAECONNREFUSED
WARNING:tornado.general:Connect error on fd 2232: WSAECONNREFUSED
WARNING:tornado.general:Connect error on fd 2656: WSAECONNREFUSED
WARNING:tornado.general:Connect error on fd 2840: WSAECONNREFUSED
WARNING:tornado.general:Connect error on fd 2828: WSAECONNREFUSED
WARNING:tornado.general:Connect error on fd 1868: WSAECONNREFUSED
WARNING:tornado.general:Connect error on fd 2892: WSAECONNREFUSED
WARNING:tornado.general:Connect error on fd 2568: WSAECONNREFUSED
WARNING:tornado.general:Connect error on fd 2428: WSAECONNREFUSED
WARNING:tornado.general:Connect error on fd 2088: WSAECONNREFUSED
WARNING:tornado.general:Connect error on fd 2524: WSAECONNREFUSED
WARNING:tornado.general:Connect error on fd 1840: WSAECONNREFUSED
WARNING:tornado.general:Connect error on fd 2040: WSAECONNREFUSED
ERROR:tornado.application:Uncaught exception, closing connection.
Traceback (most recent call last):
  File "D:\workspace\airsim_llm_ground\AeroMind Console\core\airsim_adapter.py", line 334, in execute_formation_route
    client = control_clients[name]
TypeError: Future.join() got an unexpected keyword argument 'timeout'

During handling of the above exception, another exception occurred:

Traceback (most recent call last):
  File "D:\workspace\airsim_llm_ground\.venv\lib\site-packages\tornado\iostream.py", line 562, in wrapper
    return callback(*args)
  File "D:\workspace\airsim_llm_ground\.venv\lib\site-packages\tornado\stack_context.py", line 277, in null_wrapper
    return fn(*args, **kwargs)
  File "D:\workspace\airsim_llm_ground\.venv\lib\site-packages\msgpackrpc\transport\tcp.py", line 23, in on_read
    for message in self._unpacker:
  File "D:\workspace\airsim_llm_ground\.venv\lib\site-packages\msgpack\fallback.py", line 626, in __next__
    ret = self._unpack(EX_CONSTRUCT)
  File "D:\workspace\airsim_llm_ground\.venv\lib\site-packages\msgpack\fallback.py", line 560, in _unpack
    typ, n, obj = self._read_header(execute)
  File "D:\workspace\airsim_llm_ground\.venv\lib\site-packages\msgpack\fallback.py", line 556, in _read_header
    raise UnpackValueError("Unknown header: 0x%x" % b)
msgpack.exceptions.UnpackValueError: Unknown header: 0xc1
ERROR:tornado.application:Uncaught exception, closing connection.
Traceback (most recent call last):
  File "D:\workspace\airsim_llm_ground\.venv\lib\site-packages\tornado\iostream.py", line 562, in wrapper
    return callback(*args)
  File "D:\workspace\airsim_llm_ground\.venv\lib\site-packages\tornado\stack_context.py", line 277, in null_wrapper
    return fn(*args, **kwargs)
  File "D:\workspace\airsim_llm_ground\.venv\lib\site-packages\msgpackrpc\transport\tcp.py", line 23, in on_read
    for message in self._unpacker:
  File "D:\workspace\airsim_llm_ground\.venv\lib\site-packages\msgpack\fallback.py", line 626, in __next__
    ret = self._unpack(EX_CONSTRUCT)
  File "D:\workspace\airsim_llm_ground\.venv\lib\site-packages\msgpack\fallback.py", line 579, in _unpack
    ret.append(self._unpack(EX_CONSTRUCT))
  File "D:\workspace\airsim_llm_ground\.venv\lib\site-packages\msgpack\fallback.py", line 600, in _unpack
    ret[key] = self._unpack(EX_CONSTRUCT)
  File "D:\workspace\airsim_llm_ground\.venv\lib\site-packages\msgpack\fallback.py", line 579, in _unpack
    ret.append(self._unpack(EX_CONSTRUCT))
  File "D:\workspace\airsim_llm_ground\.venv\lib\site-packages\msgpack\fallback.py", line 608, in _unpack
    obj = obj.decode(self._encoding, self._unicode_errors)
UnicodeDecodeError: 'utf-8' codec can't decode byte 0xca in position 2: invalid continuation byte
ERROR:tornado.application:Exception in callback functools.partial(<function wrap.<locals>.null_wrapper at 0x0000014E00009120>)
Traceback (most recent call last):
  File "D:\workspace\airsim_llm_ground\AeroMind Console\core\airsim_adapter.py", line 334, in execute_formation_route
    client = control_clients[name]
TypeError: Future.join() got an unexpected keyword argument 'timeout'

During handling of the above exception, another exception occurred:

Traceback (most recent call last):
  File "D:\workspace\airsim_llm_ground\.venv\lib\site-packages\tornado\ioloop.py", line 605, in _run_callback
    ret = callback()
  File "D:\workspace\airsim_llm_ground\.venv\lib\site-packages\tornado\stack_context.py", line 277, in null_wrapper
    return fn(*args, **kwargs)
  File "D:\workspace\airsim_llm_ground\.venv\lib\site-packages\tornado\iostream.py", line 562, in wrapper
    return callback(*args)
  File "D:\workspace\airsim_llm_ground\.venv\lib\site-packages\tornado\stack_context.py", line 277, in null_wrapper
    return fn(*args, **kwargs)
  File "D:\workspace\airsim_llm_ground\.venv\lib\site-packages\msgpackrpc\transport\tcp.py", line 23, in on_read
    for message in self._unpacker:
  File "D:\workspace\airsim_llm_ground\.venv\lib\site-packages\msgpack\fallback.py", line 626, in __next__
    ret = self._unpack(EX_CONSTRUCT)
  File "D:\workspace\airsim_llm_ground\.venv\lib\site-packages\msgpack\fallback.py", line 560, in _unpack
    typ, n, obj = self._read_header(execute)
  File "D:\workspace\airsim_llm_ground\.venv\lib\site-packages\msgpack\fallback.py", line 556, in _read_header
    raise UnpackValueError("Unknown header: 0x%x" % b)
msgpack.exceptions.UnpackValueError: Unknown header: 0xc1
ERROR:tornado.application:Exception in callback functools.partial(<function wrap.<locals>.null_wrapper at 0x0000014E0000B010>)
Traceback (most recent call last):
  File "D:\workspace\airsim_llm_ground\.venv\lib\site-packages\tornado\ioloop.py", line 605, in _run_callback
    ret = callback()
  File "D:\workspace\airsim_llm_ground\.venv\lib\site-packages\tornado\stack_context.py", line 277, in null_wrapper
    return fn(*args, **kwargs)
  File "D:\workspace\airsim_llm_ground\.venv\lib\site-packages\tornado\iostream.py", line 562, in wrapper
    return callback(*args)
  File "D:\workspace\airsim_llm_ground\.venv\lib\site-packages\tornado\stack_context.py", line 277, in null_wrapper
    return fn(*args, **kwargs)
  File "D:\workspace\airsim_llm_ground\.venv\lib\site-packages\msgpackrpc\transport\tcp.py", line 23, in on_read
    for message in self._unpacker:
  File "D:\workspace\airsim_llm_ground\.venv\lib\site-packages\msgpack\fallback.py", line 626, in __next__
    ret = self._unpack(EX_CONSTRUCT)
  File "D:\workspace\airsim_llm_ground\.venv\lib\site-packages\msgpack\fallback.py", line 579, in _unpack
    ret.append(self._unpack(EX_CONSTRUCT))
  File "D:\workspace\airsim_llm_ground\.venv\lib\site-packages\msgpack\fallback.py", line 600, in _unpack
    ret[key] = self._unpack(EX_CONSTRUCT)
  File "D:\workspace\airsim_llm_ground\.venv\lib\site-packages\msgpack\fallback.py", line 579, in _unpack
    ret.append(self._unpack(EX_CONSTRUCT))
  File "D:\workspace\airsim_llm_ground\.venv\lib\site-packages\msgpack\fallback.py", line 608, in _unpack
    obj = obj.decode(self._encoding, self._unicode_errors)
UnicodeDecodeError: 'utf-8' codec can't decode byte 0xca in position 2: invalid continuation byte
ERROR:tornado.application:Uncaught exception, closing connection.
Traceback (most recent call last):
  File "D:\workspace\airsim_llm_ground\AeroMind Console\core\airsim_adapter.py", line 334, in execute_formation_route
    client = control_clients[name]
TypeError: Future.join() got an unexpected keyword argument 'timeout'

During handling of the above exception, another exception occurred:

Traceback (most recent call last):
  File "D:\workspace\airsim_llm_ground\.venv\lib\site-packages\tornado\iostream.py", line 562, in wrapper
    return callback(*args)
  File "D:\workspace\airsim_llm_ground\.venv\lib\site-packages\tornado\stack_context.py", line 277, in null_wrapper
    return fn(*args, **kwargs)
  File "D:\workspace\airsim_llm_ground\.venv\lib\site-packages\msgpackrpc\transport\tcp.py", line 24, in on_read
    self.on_message(message)
  File "D:\workspace\airsim_llm_ground\.venv\lib\site-packages\msgpackrpc\transport\tcp.py", line 27, in on_message
    msgsize = len(message)
TypeError: object of type 'int' has no len()
ERROR:tornado.application:Exception in callback functools.partial(<function wrap.<locals>.null_wrapper at 0x0000014E0000A680>)
Traceback (most recent call last):
  File "D:\workspace\airsim_llm_ground\AeroMind Console\core\airsim_adapter.py", line 334, in execute_formation_route
    client = control_clients[name]
TypeError: Future.join() got an unexpected keyword argument 'timeout'

During handling of the above exception, another exception occurred:

Traceback (most recent call last):
  File "D:\workspace\airsim_llm_ground\.venv\lib\site-packages\tornado\ioloop.py", line 605, in _run_callback
    ret = callback()
  File "D:\workspace\airsim_llm_ground\.venv\lib\site-packages\tornado\stack_context.py", line 277, in null_wrapper
    return fn(*args, **kwargs)
  File "D:\workspace\airsim_llm_ground\.venv\lib\site-packages\tornado\iostream.py", line 562, in wrapper
    return callback(*args)
  File "D:\workspace\airsim_llm_ground\.venv\lib\site-packages\tornado\stack_context.py", line 277, in null_wrapper
    return fn(*args, **kwargs)
  File "D:\workspace\airsim_llm_ground\.venv\lib\site-packages\msgpackrpc\transport\tcp.py", line 24, in on_read
    self.on_message(message)
  File "D:\workspace\airsim_llm_ground\.venv\lib\site-packages\msgpackrpc\transport\tcp.py", line 27, in on_message
    msgsize = len(message)
TypeError: object of type 'int' has no len()
ERROR:tornado.application:Exception in callback <bound method Session.step_timeout of <msgpackrpc.client.Client object at 0x0000014E0009C100>>
Traceback (most recent call last):
  File "D:\workspace\airsim_llm_ground\AeroMind Console\core\airsim_adapter.py", line 334, in execute_formation_route
    client = control_clients[name]
TypeError: Future.join() got an unexpected keyword argument 'timeout'

During handling of the above exception, another exception occurred:

Traceback (most recent call last):
  File "D:\workspace\airsim_llm_ground\.venv\lib\site-packages\tornado\ioloop.py", line 1026, in _run
    return self.callback()
  File "D:\workspace\airsim_llm_ground\.venv\lib\site-packages\msgpackrpc\session.py", line 114, in step_timeout
    self._loop.start()
  File "D:\workspace\airsim_llm_ground\.venv\lib\site-packages\msgpackrpc\loop.py", line 22, in start
    self._ioloop.start()
  File "D:\workspace\airsim_llm_ground\.venv\lib\site-packages\tornado\ioloop.py", line 755, in start
    raise RuntimeError("IOLoop is already running")
RuntimeError: IOLoop is already running
WARNING:tornado.general:Connect error on fd 2316: WSAECONNREFUSED
WARNING:tornado.general:Connect error on fd 2768: WSAECONNREFUSED
WARNING:tornado.general:Connect error on fd 1864: WSAECONNREFUSED
WARNING:tornado.general:Connect error on fd 3016: WSAECONNREFUSED
WARNING:tornado.general:Connect error on fd 3076: WSAECONNREFUSED
WARNING:tornado.general:Connect error on fd 3152: WSAECONNREFUSED
WARNING:tornado.general:Connect error on fd 3360: WSAECONNREFUSED
WARNING:tornado.general:Connect error on fd 3380: WSAECONNREFUSED
WARNING:tornado.general:Connect error on fd 3380: WSAECONNREFUSED
WARNING:tornado.general:Connect error on fd 1936: WSAECONNREFUSED
WARNING:tornado.general:Connect error on fd 2728: WSAECONNREFUSED
WARNING:tornado.general:Connect error on fd 2980: WSAECONNREFUSED
WARNING:tornado.general:Connect error on fd 2768: WSAECONNREFUSED
WARNING:tornado.general:Connect error on fd 2924: WSAECONNREFUSED
WARNING:tornado.general:Connect error on fd 1892: WSAECONNREFUSED
WARNING:tornado.general:Connect error on fd 1740: WSAECONNREFUSED
WARNING:tornado.general:Connect error on fd 3152: WSAECONNREFUSED
WARNING:tornado.general:Connect error on fd 2984: WSAECONNREFUSED
WARNING:tornado.general:Connect error on fd 1832: WSAECONNREFUSED
WARNING:tornado.general:Connect error on fd 2908: WSAECONNREFUSED
WARNING:tornado.general:Connect error on fd 3392: WSAECONNREFUSED
WARNING:tornado.general:Connect error on fd 2664: WSAECONNREFUSED
WARNING:tornado.general:Connect error on fd 3360: WSAECONNREFUSED
WARNING:tornado.general:Connect error on fd 2768: WSAECONNREFUSED
WARNING:tornado.general:Connect error on fd 1784: WSAECONNREFUSED
WARNING:tornado.general:Connect error on fd 2672: WSAECONNREFUSED
WARNING:tornado.general:Connect error on fd 3356: WSAECONNREFUSED
WARNING:tornado.general:Connect error on fd 2336: WSAECONNREFUSED
WARNING:tornado.general:Connect error on fd 2728: WSAECONNREFUSED
WARNING:tornado.general:Connect error on fd 1772: WSAECONNREFUSED
WARNING:tornado.general:Connect error on fd 3224: WSAECONNREFUSED
WARNING:tornado.general:Connect error on fd 3236: WSAECONNREFUSED
WARNING:tornado.general:Connect error on fd 2468: WSAECONNREFUSED
WARNING:tornado.general:Connect error on fd 3144: WSAECONNREFUSED
WARNING:tornado.general:Connect error on fd 3280: WSAECONNREFUSED
WARNING:tornado.general:Connect error on fd 3232: WSAECONNREFUSED
WARNING:tornado.general:Connect error on fd 3404: WSAECONNREFUSED
WARNING:tornado.general:Connect error on fd 3188: WSAECONNREFUSED
WARNING:tornado.general:Connect error on fd 2404: WSAECONNREFUSED
WARNING:tornado.general:Connect error on fd 3304: WSAECONNREFUSED
WARNING:tornado.general:Connect error on fd 3288: WSAECONNREFUSED
WARNING:tornado.general:Connect error on fd 3288: WSAECONNREFUSED
WARNING:tornado.general:Connect error on fd 3328: WSAECONNREFUSED
WARNING:tornado.general:Connect error on fd 3220: WSAECONNREFUSED
WARNING:tornado.general:Connect error on fd 3236: WSAECONNREFUSED
WARNING:tornado.general:Connect error on fd 360: WSAECONNREFUSED
WARNING:tornado.general:Connect error on fd 2908: WSAECONNREFUSED
WARNING:tornado.general:Connect error on fd 2468: WSAECONNREFUSED
WARNING:tornado.general:Connect error on fd 3372: WSAECONNREFUSED
WARNING:tornado.general:Connect error on fd 2924: WSAECONNREFUSED
WARNING:tornado.general:Connect error on fd 2192: WSAECONNREFUSED
WARNING:tornado.general:Connect error on fd 2600: WSAECONNREFUSED
WARNING:tornado.general:Connect error on fd 3380: WSAECONNREFUSED
WARNING:tornado.general:Connect error on fd 3144: WSAECONNREFUSED
WARNING:tornado.general:Connect error on fd 2404: WSAECONNREFUSED
WARNING:tornado.general:Connect error on fd 2296: WSAECONNREFUSED
WARNING:tornado.general:Connect error on fd 1832: WSAECONNREFUSED
WARNING:tornado.general:Connect error on fd 3308: WSAECONNREFUSED
WARNING:tornado.general:Connect error on fd 3308: WSAECONNREFUSED
WARNING:tornado.general:Connect error on fd 1820: WSAECONNREFUSED
WARNING:tornado.general:Connect error on fd 2952: WSAECONNREFUSED
WARNING:tornado.general:Connect error on fd 3064: WSAECONNREFUSED
WARNING:tornado.general:Connect error on fd 3132: WSAECONNREFUSED
WARNING:tornado.general:Connect error on fd 2332: WSAECONNREFUSED
WARNING:tornado.general:Connect error on fd 2640: WSAECONNREFUSED
WARNING:tornado.general:Connect error on fd 2212: WSAECONNREFUSED
WARNING:tornado.general:Connect error on fd 3296: WSAECONNREFUSED
WARNING:tornado.general:Connect error on fd 1920: WSAECONNREFUSED
WARNING:tornado.general:Connect error on fd 3464: WSAECONNREFUSED
WARNING:tornado.general:Connect error on fd 1912: WSAECONNREFUSED
WARNING:tornado.general:Connect error on fd 3476: WSAECONNREFUSED
WARNING:tornado.general:Connect error on fd 3488: WSAECONNREFUSED
WARNING:tornado.general:Connect error on fd 3276: WSAECONNREFUSED
WARNING:tornado.general:Connect error on fd 3264: WSAECONNREFUSED
WARNING:tornado.general:Connect error on fd 1908: WSAECONNREFUSED
WARNING:tornado.general:Connect error on fd 3240: WSAECONNREFUSED
WARNING:tornado.general:Connect error on fd 1588: WSAECONNREFUSED
WARNING:tornado.general:Connect error on fd 3124: WSAECONNREFUSED
WARNING:tornado.general:Connect error on fd 3500: WSAECONNREFUSED
WARNING:tornado.general:Connect error on fd 2992: WSAECONNREFUSED
WARNING:tornado.general:Connect error on fd 3456: WSAECONNREFUSED
WARNING:tornado.general:Connect error on fd 3504: WSAECONNREFUSED
WARNING:tornado.general:Connect error on fd 2420: WSAECONNREFUSED
WARNING:tornado.general:Connect error on fd 3088: WSAECONNREFUSED
WARNING:tornado.general:Connect error on fd 2468: WSAECONNREFUSED
WARNING:tornado.general:Connect error on fd 2092: WSAECONNREFUSED
WARNING:tornado.general:Connect error on fd 1832: WSAECONNREFUSED
WARNING:tornado.general:Connect error on fd 3216: WSAECONNREFUSED
WARNING:tornado.general:Connect error on fd 1892: WSAECONNREFUSED
WARNING:tornado.general:Connect error on fd 3256: WSAECONNREFUSED
WARNING:tornado.general:Connect error on fd 2200: WSAECONNREFUSED
WARNING:tornado.general:Connect error on fd 3256: WSAECONNREFUSED
WARNING:tornado.general:Connect error on fd 3168: WSAECONNREFUSED
WARNING:tornado.general:Connect error on fd 1820: WSAECONNREFUSED
WARNING:tornado.general:Connect error on fd 2884: WSAECONNREFUSED
WARNING:tornado.general:Connect error on fd 3176: WSAECONNREFUSED
WARNING:tornado.general:Connect error on fd 2864: WSAECONNREFUSED
WARNING:tornado.general:Connect error on fd 2476: WSAECONNREFUSED
WARNING:tornado.general:Connect error on fd 1860: WSAECONNREFUSED
WARNING:tornado.general:Connect error on fd 2148: WSAECONNREFUSED
WARNING:tornado.general:Connect error on fd 2924: WSAECONNREFUSED
WARNING:tornado.general:Connect error on fd 3212: WSAECONNREFUSED
WARNING:tornado.general:Connect error on fd 1940: WSAECONNREFUSED
WARNING:tornado.general:Connect error on fd 2840: WSAECONNREFUSED
WARNING:tornado.general:Connect error on fd 3204: WSAECONNREFUSED
WARNING:tornado.general:Connect error on fd 3236: WSAECONNREFUSED
WARNING:tornado.general:Connect error on fd 3368: WSAECONNREFUSED
WARNING:tornado.general:Connect error on fd 3200: WSAECONNREFUSED
WARNING:tornado.general:Connect error on fd 2504: WSAECONNREFUSED
WARNING:tornado.general:Connect error on fd 2736: WSAECONNREFUSED
WARNING:tornado.general:Connect error on fd 2664: WSAECONNREFUSED
WARNING:tornado.general:Connect error on fd 1892: WSAECONNREFUSED
WARNING:tornado.general:Connect error on fd 3516: WSAECONNREFUSED
WARNING:tornado.general:Connect error on fd 3516: WSAECONNREFUSED
WARNING:tornado.general:Connect error on fd 2252: WSAECONNREFUSED
WARNING:tornado.general:Connect error on fd 3236: WSAECONNREFUSED
WARNING:tornado.general:Connect error on fd 2900: WSAECONNREFUSED
WARNING:tornado.general:Connect error on fd 1864: WSAECONNREFUSED
WARNING:tornado.general:Connect error on fd 3480: WSAECONNREFUSED
WARNING:tornado.general:Connect error on fd 2404: WSAECONNREFUSED
WARNING:tornado.general:Connect error on fd 2980: WSAECONNREFUSED
WARNING:tornado.general:Connect error on fd 3100: WSAECONNREFUSED
WARNING:tornado.general:Connect error on fd 1528: WSAECONNREFUSED
WARNING:tornado.general:Connect error on fd 3392: WSAECONNREFUSED
WARNING:tornado.general:Connect error on fd 3548: WSAECONNREFUSED
WARNING:tornado.general:Connect error on fd 3552: WSAECONNREFUSED
WARNING:tornado.general:Connect error on fd 3132: WSAECONNREFUSED
WARNING:tornado.general:Connect error on fd 3108: WSAECONNREFUSED
WARNING:tornado.general:Connect error on fd 3296: WSAECONNREFUSED
WARNING:tornado.general:Connect error on fd 2736: WSAECONNREFUSED
WARNING:tornado.general:Connect error on fd 2736: WSAECONNREFUSED
WARNING:tornado.general:Connect error on fd 3584: WSAECONNREFUSED
WARNING:tornado.general:Connect error on fd 3596: WSAECONNREFUSED
WARNING:tornado.general:Connect error on fd 2292: WSAECONNREFUSED
WARNING:tornado.general:Connect error on fd 3208: WSAECONNREFUSED
WARNING:tornado.general:Connect error on fd 3240: WSAECONNREFUSED
WARNING:tornado.general:Connect error on fd 2100: WSAECONNREFUSED
WARNING:tornado.general:Connect error on fd 2940: WSAECONNREFUSED
WARNING:tornado.general:Connect error on fd 3616: WSAECONNREFUSED
WARNING:tornado.general:Connect error on fd 1700: WSAECONNREFUSED
WARNING:tornado.general:Connect error on fd 3140: WSAECONNREFUSED
WARNING:tornado.general:Connect error on fd 360: WSAECONNREFUSED
WARNING:tornado.general:Connect error on fd 2360: WSAECONNREFUSED
WARNING:tornado.general:Connect error on fd 3156: WSAECONNREFUSED
WARNING:tornado.general:Connect error on fd 2864: WSAECONNREFUSED
WARNING:tornado.general:Connect error on fd 3368: WSAECONNREFUSED
WARNING:tornado.general:Connect error on fd 2980: WSAECONNREFUSED
WARNING:tornado.general:Connect error on fd 3164: WSAECONNREFUSED
WARNING:tornado.general:Connect error on fd 3412: WSAECONNREFUSED
WARNING:tornado.general:Connect error on fd 3060: WSAECONNREFUSED
WARNING:tornado.general:Connect error on fd 3388: WSAECONNREFUSED
WARNING:tornado.general:Connect error on fd 2548: WSAECONNREFUSED
WARNING:tornado.general:Connect error on fd 2724: WSAECONNREFUSED
WARNING:tornado.general:Connect error on fd 3456: WSAECONNREFUSED
WARNING:tornado.general:Connect error on fd 3356: WSAECONNREFUSED
WARNING:tornado.general:Connect error on fd 3512: WSAECONNREFUSED
WARNING:tornado.general:Connect error on fd 3404: WSAECONNREFUSED
WARNING:tornado.general:Connect error on fd 3612: WSAECONNREFUSED
WARNING:tornado.general:Connect error on fd 1952: WSAECONNREFUSED
WARNING:tornado.general:Connect error on fd 3640: WSAECONNREFUSED
WARNING:tornado.general:Connect error on fd 3128: WSAECONNREFUSED
WARNING:tornado.general:Connect error on fd 3652: WSAECONNREFUSED
WARNING:tornado.general:Connect error on fd 3664: WSAECONNREFUSED
WARNING:tornado.general:Connect error on fd 3664: WSAECONNREFUSED
WARNING:tornado.general:Connect error on fd 3688: WSAECONNREFUSED
WARNING:tornado.general:Connect error on fd 3660: WSAECONNREFUSED
WARNING:tornado.general:Connect error on fd 3648: WSAECONNREFUSED
WARNING:tornado.general:Connect error on fd 3228: WSAECONNREFUSED
WARNING:tornado.general:Connect error on fd 3064: WSAECONNREFUSED
WARNING:tornado.general:Connect error on fd 3128: WSAECONNREFUSED
WARNING:tornado.general:Connect error on fd 1772: WSAECONNREFUSED
WARNING:tornado.general:Connect error on fd 3636: WSAECONNREFUSED
WARNING:tornado.general:Connect error on fd 2044: WSAECONNREFUSED
WARNING:tornado.general:Connect error on fd 3080: WSAECONNREFUSED
WARNING:tornado.general:Connect error on fd 3036: WSAECONNREFUSED
WARNING:tornado.general:Connect error on fd 3220: WSAECONNREFUSED
WARNING:tornado.general:Connect error on fd 3700: WSAECONNREFUSED
WARNING:tornado.general:Connect error on fd 2080: WSAECONNREFUSED
WARNING:tornado.general:Connect error on fd 3620: WSAECONNREFUSED
WARNING:tornado.general:Connect error on fd 2948: WSAECONNREFUSED
WARNING:tornado.general:Connect error on fd 2948: WSAECONNREFUSED
WARNING:tornado.general:Connect error on fd 2044: WSAECONNREFUSED
WARNING:tornado.general:Connect error on fd 1860: WSAECONNREFUSED
WARNING:tornado.general:Connect error on fd 3712: WSAECONNREFUSED
WARNING:tornado.general:Connect error on fd 392: WSAECONNREFUSED
WARNING:tornado.general:Connect error on fd 3616: WSAECONNREFUSED
WARNING:tornado.general:Connect error on fd 3080: WSAECONNREFUSED
WARNING:tornado.general:Connect error on fd 3648: WSAECONNREFUSED
WARNING:tornado.general:Connect error on fd 3696: WSAECONNREFUSED
WARNING:tornado.general:Connect error on fd 3744: WSAECONNREFUSED
WARNING:tornado.general:Connect error on fd 2828: WSAECONNREFUSED
WARNING:tornado.general:Connect error on fd 1936: WSAECONNREFUSED
WARNING:tornado.general:Connect error on fd 2436: WSAECONNREFUSED
WARNING:tornado.general:Connect error on fd 392: WSAECONNREFUSED
WARNING:tornado.general:Connect error on fd 2996: WSAECONNREFUSED
WARNING:tornado.general:Connect error on fd 3220: WSAECONNREFUSED
WARNING:tornado.general:Connect error on fd 3700: WSAECONNREFUSED
WARNING:tornado.general:Connect error on fd 3752: WSAECONNREFUSED
WARNING:tornado.general:Connect error on fd 1944: WSAECONNREFUSED
WARNING:tornado.general:Connect error on fd 2360: WSAECONNREFUSED
WARNING:tornado.general:Connect error on fd 2676: WSAECONNREFUSED
WARNING:tornado.general:Connect error on fd 2904: WSAECONNREFUSED
WARNING:tornado.general:Connect error on fd 2740: WSAECONNREFUSED
WARNING:tornado.general:Connect error on fd 2412: WSAECONNREFUSED
WARNING:tornado.general:Connect error on fd 2532: WSAECONNREFUSED
WARNING:tornado.general:Connect error on fd 2680: WSAECONNREFUSED
WARNING:tornado.general:Connect error on fd 2560: WSAECONNREFUSED
WARNING:tornado.general:Connect error on fd 3228: WSAECONNREFUSED
WARNING:tornado.general:Connect error on fd 2112: WSAECONNREFUSED
WARNING:tornado.general:Connect error on fd 3128: WSAECONNREFUSED
WARNING:tornado.general:Connect error on fd 2912: WSAECONNREFUSED
WARNING:tornado.general:Connect error on fd 3100: WSAECONNREFUSED
WARNING:tornado.general:Connect error on fd 3768: WSAECONNREFUSED
WARNING:tornado.general:Connect error on fd 3768: WSAECONNREFUSED
WARNING:tornado.general:Connect error on fd 3764: WSAECONNREFUSED
WARNING:tornado.general:Connect error on fd 3148: WSAECONNREFUSED
WARNING:tornado.general:Connect error on fd 3144: WSAECONNREFUSED
WARNING:tornado.general:Connect error on fd 2396: WSAECONNREFUSED
WARNING:tornado.general:Connect error on fd 2940: WSAECONNREFUSED
WARNING:tornado.general:Connect error on fd 3688: WSAECONNREFUSED
WARNING:tornado.general:Connect error on fd 2680: WSAECONNREFUSED
WARNING:tornado.general:Connect error on fd 3776: WSAECONNREFUSED
WARNING:tornado.general:Connect error on fd 2200: WSAECONNREFUSED
WARNING:tornado.general:Connect error on fd 3436: WSAECONNREFUSED
WARNING:tornado.general:Connect error on fd 3388: WSAECONNREFUSED
WARNING:tornado.general:Connect error on fd 3356: WSAECONNREFUSED
WARNING:tornado.general:Connect error on fd 3300: WSAECONNREFUSED
WARNING:tornado.general:Connect error on fd 3780: WSAECONNREFUSED
WARNING:tornado.general:Connect error on fd 1876: WSAECONNREFUSED
WARNING:tornado.general:Connect error on fd 2764: WSAECONNREFUSED
WARNING:tornado.general:Connect error on fd 2672: WSAECONNREFUSED
WARNING:tornado.general:Connect error on fd 2604: WSAECONNREFUSED
WARNING:tornado.general:Connect error on fd 3776: WSAECONNREFUSED
WARNING:tornado.general:Connect error on fd 2200: WSAECONNREFUSED
WARNING:tornado.general:Connect error on fd 3436: WSAECONNREFUSED
WARNING:tornado.general:Connect error on fd 2248: WSAECONNREFUSED
WARNING:tornado.general:Connect error on fd 3096: WSAECONNREFUSED
WARNING:tornado.general:Connect error on fd 1852: WSAECONNREFUSED
WARNING:tornado.general:Connect error on fd 2016: WSAECONNREFUSED
WARNING:tornado.general:Connect error on fd 3356: WSAECONNREFUSED
WARNING:tornado.general:Connect error on fd 3300: WSAECONNREFUSED
WARNING:tornado.general:Connect error on fd 3404: WSAECONNREFUSED
WARNING:tornado.general:Connect error on fd 3812: WSAECONNREFUSED
WARNING:tornado.general:Connect error on fd 2748: WSAECONNREFUSED
WARNING:tornado.general:Connect error on fd 2000: WSAECONNREFUSED
WARNING:tornado.general:Connect error on fd 3436: WSAECONNREFUSED
WARNING:tornado.general:Connect error on fd 2904: WSAECONNREFUSED
WARNING:tornado.general:Connect error on fd 2532: WSAECONNREFUSED
WARNING:tornado.general:Connect error on fd 1852: WSAECONNREFUSED
WARNING:tornado.general:Connect error on fd 3820: WSAECONNREFUSED
WARNING:tornado.general:Connect error on fd 2172: WSAECONNREFUSED
WARNING:tornado.general:Connect error on fd 2016: WSAECONNREFUSED
WARNING:tornado.general:Connect error on fd 3764: WSAECONNREFUSED
WARNING:tornado.general:Connect error on fd 1996: WSAECONNREFUSED
WARNING:tornado.general:Connect error on fd 3132: WSAECONNREFUSED
WARNING:tornado.general:Connect error on fd 3824: WSAECONNREFUSED
WARNING:tornado.general:Connect error on fd 2724: WSAECONNREFUSED
WARNING:tornado.general:Connect error on fd 2280: WSAECONNREFUSED
WARNING:tornado.general:Connect error on fd 3624: WSAECONNREFUSED
WARNING:tornado.general:Connect error on fd 2040: WSAECONNREFUSED
WARNING:tornado.general:Connect error on fd 3772: WSAECONNREFUSED
WARNING:tornado.general:Connect error on fd 3632: WSAECONNREFUSED
WARNING:tornado.general:Connect error on fd 3080: WSAECONNREFUSED
WARNING:tornado.general:Connect error on fd 3628: WSAECONNREFUSED
WARNING:tornado.general:Connect error on fd 2628: WSAECONNREFUSED
WARNING:tornado.general:Connect error on fd 3816: WSAECONNREFUSED
WARNING:tornado.general:Connect error on fd 2672: WSAECONNREFUSED
WARNING:tornado.general:Connect error on fd 3784: WSAECONNREFUSED
WARNING:tornado.general:Connect error on fd 1868: WSAECONNREFUSED
WARNING:tornado.general:Connect error on fd 3476: WSAECONNREFUSED
WARNING:tornado.general:Connect error on fd 3032: WSAECONNREFUSED
WARNING:tornado.general:Connect error on fd 3724: WSAECONNREFUSED
WARNING:tornado.general:Connect error on fd 3680: WSAECONNREFUSED
WARNING:tornado.general:Connect error on fd 2600: WSAECONNREFUSED
WARNING:tornado.general:Connect error on fd 2512: WSAECONNREFUSED
WARNING:tornado.general:Connect error on fd 3620: WSAECONNREFUSED
WARNING:tornado.general:Connect error on fd 2912: WSAECONNREFUSED
WARNING:tornado.general:Connect error on fd 1528: WSAECONNREFUSED
WARNING:tornado.general:Connect error on fd 2172: WSAECONNREFUSED
WARNING:tornado.general:Connect error on fd 2136: WSAECONNREFUSED
WARNING:tornado.general:Connect error on fd 3132: WSAECONNREFUSED
WARNING:tornado.general:Connect error on fd 3552: WSAECONNREFUSED
WARNING:tornado.general:Connect error on fd 3696: WSAECONNREFUSED
WARNING:tornado.general:Connect error on fd 3768: WSAECONNREFUSED
WARNING:tornado.general:Connect error on fd 2748: WSAECONNREFUSED
WARNING:tornado.general:Connect error on fd 2748: WSAECONNREFUSED
WARNING:tornado.general:Connect error on fd 3704: WSAECONNREFUSED
WARNING:tornado.general:Connect error on fd 3228: WSAECONNREFUSED
WARNING:tornado.general:Connect error on fd 1860: WSAECONNREFUSED
WARNING:tornado.general:Connect error on fd 1996: WSAECONNREFUSED
WARNING:tornado.general:Connect error on fd 2740: WSAECONNREFUSED
WARNING:tornado.general:Connect error on fd 1996: WSAECONNREFUSED
WARNING:tornado.general:Connect error on fd 3620: WSAECONNREFUSED
WARNING:tornado.general:Connect error on fd 2912: WSAECONNREFUSED
WARNING:tornado.general:Connect error on fd 2412: WSAECONNREFUSED
WARNING:tornado.general:Connect error on fd 2016: WSAECONNREFUSED
WARNING:tornado.general:Connect error on fd 3840: WSAECONNREFUSED
WARNING:tornado.general:Connect error on fd 3676: WSAECONNREFUSED
WARNING:tornado.general:Connect error on fd 2764: WSAECONNREFUSED
WARNING:tornado.general:Connect error on fd 3720: WSAECONNREFUSED
WARNING:tornado.general:Connect error on fd 3044: WSAECONNREFUSED
WARNING:tornado.general:Connect error on fd 3640: WSAECONNREFUSED
WARNING:tornado.general:Connect error on fd 2292: WSAECONNREFUSED
WARNING:tornado.general:Connect error on fd 3180: WSAECONNREFUSED
WARNING:tornado.general:Connect error on fd 3792: WSAECONNREFUSED
WARNING:tornado.general:Connect error on fd 3868: WSAECONNREFUSED
WARNING:tornado.general:Connect error on fd 3472: WSAECONNREFUSED
WARNING:tornado.general:Connect error on fd 3472: WSAECONNREFUSED
WARNING:tornado.general:Connect error on fd 2148: WSAECONNREFUSED
WARNING:tornado.general:Connect error on fd 3720: WSAECONNREFUSED
WARNING:tornado.general:Connect error on fd 2560: WSAECONNREFUSED
WARNING:tornado.general:Connect error on fd 3328: WSAECONNREFUSED
WARNING:tornado.general:Connect error on fd 2604: WSAECONNREFUSED
WARNING:tornado.general:Connect error on fd 3056: WSAECONNREFUSED
WARNING:tornado.general:Connect error on fd 3808: WSAECONNREFUSED
WARNING:tornado.general:Connect error on fd 2896: WSAECONNREFUSED
WARNING:tornado.general:Connect error on fd 2824: WSAECONNREFUSED
WARNING:tornado.general:Connect error on fd 3552: WSAECONNREFUSED
WARNING:tornado.general:Connect error on fd 2520: WSAECONNREFUSED
WARNING:tornado.general:Connect error on fd 2452: WSAECONNREFUSED
WARNING:tornado.general:Connect error on fd 3376: WSAECONNREFUSED
WARNING:tornado.general:Connect error on fd 3148: WSAECONNREFUSED
WARNING:tornado.general:Connect error on fd 1844: WSAECONNREFUSED
WARNING:tornado.general:Connect error on fd 3856: WSAECONNREFUSED
WARNING:tornado.general:Connect error on fd 1844: WSAECONNREFUSED
WARNING:tornado.general:Connect error on fd 2896: WSAECONNREFUSED
WARNING:tornado.general:Connect error on fd 2072: WSAECONNREFUSED
WARNING:tornado.general:Connect error on fd 3028: WSAECONNREFUSED
WARNING:tornado.general:Connect error on fd 2856: WSAECONNREFUSED
WARNING:tornado.general:Connect error on fd 2488: WSAECONNREFUSED
WARNING:tornado.general:Connect error on fd 3624: WSAECONNREFUSED
WARNING:tornado.general:Connect error on fd 2556: WSAECONNREFUSED
WARNING:tornado.general:Connect error on fd 2852: WSAECONNREFUSED
WARNING:tornado.general:Connect error on fd 2588: WSAECONNREFUSED
WARNING:tornado.general:Connect error on fd 3904: WSAECONNREFUSED
WARNING:tornado.general:Connect error on fd 1900: WSAECONNREFUSED
WARNING:tornado.general:Connect error on fd 1804: WSAECONNREFUSED
WARNING:tornado.general:Connect error on fd 2468: WSAECONNREFUSED
WARNING:tornado.general:Connect error on fd 2228: WSAECONNREFUSED
WARNING:tornado.general:Connect error on fd 3544: WSAECONNREFUSED
WARNING:tornado.general:Connect error on fd 3896: WSAECONNREFUSED
WARNING:tornado.general:Connect error on fd 3912: WSAECONNREFUSED
WARNING:tornado.general:Connect error on fd 232: WSAECONNREFUSED
WARNING:tornado.general:Connect error on fd 1588: WSAECONNREFUSED
WARNING:tornado.general:Connect error on fd 2436: WSAECONNREFUSED
WARNING:tornado.general:Connect error on fd 2836: WSAECONNREFUSED
WARNING:tornado.general:Connect error on fd 1904: WSAECONNREFUSED
WARNING:tornado.general:Connect error on fd 2320: WSAECONNREFUSED
WARNING:tornado.general:Connect error on fd 2072: WSAECONNREFUSED
WARNING:tornado.general:Connect error on fd 3540: WSAECONNREFUSED
WARNING:tornado.general:Connect error on fd 2704: WSAECONNREFUSED
WARNING:tornado.general:Connect error on fd 2300: WSAECONNREFUSED
WARNING:tornado.general:Connect error on fd 2884: WSAECONNREFUSED
WARNING:tornado.general:Connect error on fd 3528: WSAECONNREFUSED
WARNING:tornado.general:Connect error on fd 1588: WSAECONNREFUSED
WARNING:tornado.general:Connect error on fd 2924: WSAECONNREFUSED
WARNING:tornado.general:Connect error on fd 3124: WSAECONNREFUSED
WARNING:tornado.general:Connect error on fd 2480: WSAECONNREFUSED
WARNING:tornado.general:Connect error on fd 2400: WSAECONNREFUSED
WARNING:tornado.general:Connect error on fd 3528: WSAECONNREFUSED
WARNING:tornado.general:Connect error on fd 2684: WSAECONNREFUSED
WARNING:tornado.general:Connect error on fd 2884: WSAECONNREFUSED
WARNING:tornado.general:Connect error on fd 3388: WSAECONNREFUSED
WARNING:tornado.general:Connect error on fd 2556: WSAECONNREFUSED
WARNING:tornado.general:Connect error on fd 2228: WSAECONNREFUSED
WARNING:tornado.general:Connect error on fd 2988: WSAECONNREFUSED
WARNING:tornado.general:Connect error on fd 2072: WSAECONNREFUSED
WARNING:tornado.general:Connect error on fd 2320: WSAECONNREFUSED
WARNING:tornado.general:Connect error on fd 2336: WSAECONNREFUSED
WARNING:tornado.general:Connect error on fd 2320: WSAECONNREFUSED
WARNING:tornado.general:Connect error on fd 2896: WSAECONNREFUSED
WARNING:tornado.general:Connect error on fd 2072: WSAECONNREFUSED
WARNING:tornado.general:Connect error on fd 2988: WSAECONNREFUSED
WARNING:tornado.general:Connect error on fd 3868: WSAECONNREFUSED
WARNING:tornado.general:Connect error on fd 3924: WSAECONNREFUSED
WARNING:tornado.general:Connect error on fd 2252: WSAECONNREFUSED
WARNING:tornado.general:Connect error on fd 3932: WSAECONNREFUSED
WARNING:tornado.general:Connect error on fd 2896: WSAECONNREFUSED
WARNING:tornado.general:Connect error on fd 2704: WSAECONNREFUSED
WARNING:tornado.general:Connect error on fd 2704: WSAECONNREFUSED
WARNING:tornado.general:Connect error on fd 2044: WSAECONNREFUSED
WARNING:tornado.general:Connect error on fd 3952: WSAECONNREFUSED
WARNING:tornado.general:Connect error on fd 2172: WSAECONNREFUSED
WARNING:tornado.general:Connect error on fd 3928: WSAECONNREFUSED
WARNING:tornado.general:Connect error on fd 2400: WSAECONNREFUSED
WARNING:tornado.general:Connect error on fd 3964: WSAECONNREFUSED
WARNING:tornado.general:Connect error on fd 3976: WSAECONNREFUSED
WARNING:tornado.general:Connect error on fd 3932: WSAECONNREFUSED
WARNING:tornado.general:Connect error on fd 3608: WSAECONNREFUSED
WARNING:tornado.general:Connect error on fd 3988: WSAECONNREFUSED
WARNING:tornado.general:Connect error on fd 4000: WSAECONNREFUSED
WARNING:tornado.general:Connect error on fd 2600: WSAECONNREFUSED
WARNING:tornado.general:Connect error on fd 3948: WSAECONNREFUSED
WARNING:tornado.general:Connect error on fd 2252: WSAECONNREFUSED
WARNING:tornado.general:Connect error on fd 3928: WSAECONNREFUSED
WARNING:tornado.general:Connect error on fd 3956: WSAECONNREFUSED
WARNING:tornado.general:Connect error on fd 3956: WSAECONNREFUSED
WARNING:tornado.general:Connect error on fd 4020: WSAECONNREFUSED
WARNING:tornado.general:Connect error on fd 3936: WSAECONNREFUSED
WARNING:tornado.general:Connect error on fd 4032: WSAECONNREFUSED
WARNING:tornado.general:Connect error on fd 2772: WSAECONNREFUSED
WARNING:tornado.general:Connect error on fd 3932: WSAECONNREFUSED
WARNING:tornado.general:Connect error on fd 3608: WSAECONNREFUSED
WARNING:tornado.general:Connect error on fd 3988: WSAECONNREFUSED
WARNING:tornado.general:Connect error on fd 1876: WSAECONNREFUSED
WARNING:tornado.general:Connect error on fd 1644: WSAECONNREFUSED
WARNING:tornado.general:Connect error on fd 4036: WSAECONNREFUSED
WARNING:tornado.general:Connect error on fd 3720: WSAECONNREFUSED
WARNING:tornado.general:Connect error on fd 3624: WSAECONNREFUSED
WARNING:tornado.general:Connect error on fd 4060: WSAECONNREFUSED
WARNING:tornado.general:Connect error on fd 3388: WSAECONNREFUSED
WARNING:tornado.general:Connect error on fd 2924: WSAECONNREFUSED
WARNING:tornado.general:Connect error on fd 2140: WSAECONNREFUSED
WARNING:tornado.general:Connect error on fd 3532: WSAECONNREFUSED
WARNING:tornado.general:Connect error on fd 2480: WSAECONNREFUSED
WARNING:tornado.general:Connect error on fd 3756: WSAECONNREFUSED
WARNING:tornado.general:Connect error on fd 3092: WSAECONNREFUSED
WARNING:tornado.general:Connect error on fd 2320: WSAECONNREFUSED
WARNING:tornado.general:Connect error on fd 2900: WSAECONNREFUSED
WARNING:tornado.general:Connect error on fd 3984: WSAECONNREFUSED
WARNING:tornado.general:Connect error on fd 4068: WSAECONNREFUSED
WARNING:tornado.general:Connect error on fd 3092: WSAECONNREFUSED
WARNING:tornado.general:Connect error on fd 3936: WSAECONNREFUSED
WARNING:tornado.general:Connect error on fd 4052: WSAECONNREFUSED
WARNING:tornado.general:Connect error on fd 3756: WSAECONNREFUSED
WARNING:tornado.general:Connect error on fd 2172: WSAECONNREFUSED
WARNING:tornado.general:Connect error on fd 2772: WSAECONNREFUSED
WARNING:tornado.general:Connect error on fd 2884: WSAECONNREFUSED
WARNING:tornado.general:Connect error on fd 4080: WSAECONNREFUSED
WARNING:tornado.general:Connect error on fd 4080: WSAECONNREFUSED
WARNING:tornado.general:Connect error on fd 3976: WSAECONNREFUSED
WARNING:tornado.general:Connect error on fd 2232: WSAECONNREFUSED
WARNING:tornado.general:Connect error on fd 2480: WSAECONNREFUSED
WARNING:tornado.general:Connect error on fd 4088: WSAECONNREFUSED
WARNING:tornado.general:Connect error on fd 4104: WSAECONNREFUSED
WARNING:tornado.general:Connect error on fd 4012: WSAECONNREFUSED
WARNING:tornado.general:Connect error on fd 4116: WSAECONNREFUSED
WARNING:tornado.general:Connect error on fd 3132: WSAECONNREFUSED
WARNING:tornado.general:Connect error on fd 2920: WSAECONNREFUSED
WARNING:tornado.general:Connect error on fd 2772: WSAECONNREFUSED
WARNING:tornado.general:Connect error on fd 2172: WSAECONNREFUSED
WARNING:tornado.general:Connect error on fd 4148: WSAECONNREFUSED
WARNING:tornado.general:Connect error on fd 2024: WSAECONNREFUSED
WARNING:tornado.general:Connect error on fd 3756: WSAECONNREFUSED
WARNING:tornado.general:Connect error on fd 2420: WSAECONNREFUSED
WARNING:tornado.general:Connect error on fd 3864: WSAECONNREFUSED
WARNING:tornado.general:Connect error on fd 3864: WSAECONNREFUSED
WARNING:tornado.general:Connect error on fd 4092: WSAECONNREFUSED
WARNING:tornado.general:Connect error on fd 2556: WSAECONNREFUSED
WARNING:tornado.general:Connect error on fd 3544: WSAECONNREFUSED
WARNING:tornado.general:Connect error on fd 4016: WSAECONNREFUSED
WARNING:tornado.general:Connect error on fd 3756: WSAECONNREFUSED
WARNING:tornado.general:Connect error on fd 4160: WSAECONNREFUSED
WARNING:tornado.general:Connect error on fd 2024: WSAECONNREFUSED
WARNING:tornado.general:Connect error on fd 2252: WSAECONNREFUSED
WARNING:tornado.general:Connect error on fd 2704: WSAECONNREFUSED
WARNING:tornado.general:Connect error on fd 4084: WSAECONNREFUSED
WARNING:tornado.general:Connect error on fd 2072: WSAECONNREFUSED
WARNING:tornado.general:Connect error on fd 3624: WSAECONNREFUSED
WARNING:tornado.general:Connect error on fd 1956: WSAECONNREFUSED
WARNING:tornado.general:Connect error on fd 3508: WSAECONNREFUSED
WARNING:tornado.general:Connect error on fd 2300: WSAECONNREFUSED
WARNING:tornado.general:Connect error on fd 2436: WSAECONNREFUSED
WARNING:tornado.general:Connect error on fd 1588: WSAECONNREFUSED
WARNING:tornado.general:Connect error on fd 3388: WSAECONNREFUSED
WARNING:tornado.general:Connect error on fd 3092: WSAECONNREFUSED
WARNING:tornado.general:Connect error on fd 2084: WSAECONNREFUSED
WARNING:tornado.general:Connect error on fd 2400: WSAECONNREFUSED
WARNING:tornado.general:Connect error on fd 4020: WSAECONNREFUSED
WARNING:tornado.general:Connect error on fd 3780: WSAECONNREFUSED
WARNING:tornado.general:Connect error on fd 3236: WSAECONNREFUSED
WARNING:tornado.general:Connect error on fd 3960: WSAECONNREFUSED
WARNING:tornado.general:Connect error on fd 1804: WSAECONNREFUSED
WARNING:tornado.general:Connect error on fd 4004: WSAECONNREFUSED
WARNING:tornado.general:Connect error on fd 4156: WSAECONNREFUSED
WARNING:tornado.general:Connect error on fd 4136: WSAECONNREFUSED
WARNING:tornado.general:Connect error on fd 2736: WSAECONNREFUSED
WARNING:tornado.general:Connect error on fd 4060: WSAECONNREFUSED
WARNING:tornado.general:Connect error on fd 2900: WSAECONNREFUSED
WARNING:tornado.general:Connect error on fd 2900: WSAECONNREFUSED
WARNING:tornado.general:Connect error on fd 2652: WSAECONNREFUSED
WARNING:tornado.general:Connect error on fd 2644: WSAECONNREFUSED
WARNING:tornado.general:Connect error on fd 1916: WSAECONNREFUSED
WARNING:tornado.general:Connect error on fd 3872: WSAECONNREFUSED
WARNING:tornado.general:Connect error on fd 3168: WSAECONNREFUSED
WARNING:tornado.general:Connect error on fd 3720: WSAECONNREFUSED
WARNING:tornado.general:Connect error on fd 2560: WSAECONNREFUSED
WARNING:tornado.general:Connect error on fd 2556: WSAECONNREFUSED
WARNING:tornado.general:Connect error on fd 1904: WSAECONNREFUSED
WARNING:tornado.general:Connect error on fd 4032: WSAECONNREFUSED
WARNING:tornado.general:Connect error on fd 2148: WSAECONNREFUSED
WARNING:tornado.general:Connect error on fd 4040: WSAECONNREFUSED
WARNING:tornado.general:Connect error on fd 4048: WSAECONNREFUSED
WARNING:tornado.general:Connect error on fd 3236: WSAECONNREFUSED
WARNING:tornado.general:Connect error on fd 3932: WSAECONNREFUSED
WARNING:tornado.general:Connect error on fd 2460: WSAECONNREFUSED
WARNING:tornado.general:Connect error on fd 3132: WSAECONNREFUSED
WARNING:tornado.general:Connect error on fd 1956: WSAECONNREFUSED
WARNING:tornado.general:Connect error on fd 2044: WSAECONNREFUSED
WARNING:tornado.general:Connect error on fd 3956: WSAECONNREFUSED
WARNING:tornado.general:Connect error on fd 3940: WSAECONNREFUSED
WARNING:tornado.general:Connect error on fd 4116: WSAECONNREFUSED
WARNING:tornado.general:Connect error on fd 2468: WSAECONNREFUSED
WARNING:tornado.general:Connect error on fd 2532: WSAECONNREFUSED
WARNING:tornado.general:Connect error on fd 4044: WSAECONNREFUSED
WARNING:tornado.general:Connect error on fd 2600: WSAECONNREFUSED
WARNING:tornado.general:Connect error on fd 3972: WSAECONNREFUSED
WARNING:tornado.general:Connect error on fd 4048: WSAECONNREFUSED
WARNING:tornado.general:Connect error on fd 2644: WSAECONNREFUSED
WARNING:tornado.general:Connect error on fd 4056: WSAECONNREFUSED
WARNING:tornado.general:Connect error on fd 4060: WSAECONNREFUSED
WARNING:tornado.general:Connect error on fd 2288: WSAECONNREFUSED
WARNING:tornado.general:Connect error on fd 3988: WSAECONNREFUSED
WARNING:tornado.general:Connect error on fd 2552: WSAECONNREFUSED
WARNING:tornado.general:Connect error on fd 2140: WSAECONNREFUSED
WARNING:tornado.general:Connect error on fd 4056: WSAECONNREFUSED
WARNING:tornado.general:Connect error on fd 1700: WSAECONNREFUSED
WARNING:tornado.general:Connect error on fd 3952: WSAECONNREFUSED
WARNING:tornado.general:Connect error on fd 4136: WSAECONNREFUSED
WARNING:tornado.general:Connect error on fd 2912: WSAECONNREFUSED
WARNING:tornado.general:Connect error on fd 3724: WSAECONNREFUSED
WARNING:tornado.general:Connect error on fd 4032: WSAECONNREFUSED
WARNING:tornado.general:Connect error on fd 1876: WSAECONNREFUSED
WARNING:tornado.general:Connect error on fd 3508: WSAECONNREFUSED
WARNING:tornado.general:Connect error on fd 3976: WSAECONNREFUSED
WARNING:tornado.general:Connect error on fd 1672: WSAECONNREFUSED
WARNING:tornado.general:Connect error on fd 2556: WSAECONNREFUSED
WARNING:tornado.general:Connect error on fd 3952: WSAECONNREFUSED
WARNING:tornado.general:Connect error on fd 3520: WSAECONNREFUSED
WARNING:tornado.general:Connect error on fd 3992: WSAECONNREFUSED
WARNING:tornado.general:Connect error on fd 3968: WSAECONNREFUSED
WARNING:tornado.general:Connect error on fd 2648: WSAECONNREFUSED
WARNING:tornado.general:Connect error on fd 1904: WSAECONNREFUSED
WARNING:tornado.general:Connect error on fd 2692: WSAECONNREFUSED
WARNING:tornado.general:Connect error on fd 3132: WSAECONNREFUSED
WARNING:tornado.general:Connect error on fd 1700: WSAECONNREFUSED
WARNING:tornado.general:Connect error on fd 2556: WSAECONNREFUSED
WARNING:tornado.general:Connect error on fd 4112: WSAECONNREFUSED
WARNING:tornado.general:Connect error on fd 1904: WSAECONNREFUSED
WARNING:tornado.general:Connect error on fd 1672: WSAECONNREFUSED
WARNING:tornado.general:Connect error on fd 4068: WSAECONNREFUSED
WARNING:tornado.general:Connect error on fd 2560: WSAECONNREFUSED
WARNING:tornado.general:Connect error on fd 3872: WSAECONNREFUSED
WARNING:tornado.general:Connect error on fd 3920: WSAECONNREFUSED
WARNING:tornado.general:Connect error on fd 4192: WSAECONNREFUSED
WARNING:tornado.general:Connect error on fd 4204: WSAECONNREFUSED
WARNING:tornado.general:Connect error on fd 3180: WSAECONNREFUSED
WARNING:tornado.general:Connect error on fd 3536: WSAECONNREFUSED
WARNING:tornado.general:Connect error on fd 2160: WSAECONNREFUSED
WARNING:tornado.general:Connect error on fd 4004: WSAECONNREFUSED
WARNING:tornado.general:Connect error on fd 4196: WSAECONNREFUSED
WARNING:tornado.general:Connect error on fd 4196: WSAECONNREFUSED
WARNING:tornado.general:Connect error on fd 4192: WSAECONNREFUSED
WARNING:tornado.general:Connect error on fd 4140: WSAECONNREFUSED
WARNING:tornado.general:Connect error on fd 3192: WSAECONNREFUSED
WARNING:tornado.general:Connect error on fd 2016: WSAECONNREFUSED
WARNING:tornado.general:Connect error on fd 4168: WSAECONNREFUSED
WARNING:tornado.general:Connect error on fd 2552: WSAECONNREFUSED
WARNING:tornado.general:Connect error on fd 2376: WSAECONNREFUSED
WARNING:tornado.general:Connect error on fd 3844: WSAECONNREFUSED
WARNING:tornado.general:Connect error on fd 2228: WSAECONNREFUSED
WARNING:tornado.general:Connect error on fd 3720: WSAECONNREFUSED
WARNING:tornado.general:Connect error on fd 4060: WSAECONNREFUSED
WARNING:tornado.general:Connect error on fd 2140: WSAECONNREFUSED
WARNING:tornado.general:Connect error on fd 2008: WSAECONNREFUSED
WARNING:tornado.general:Connect error on fd 2404: WSAECONNREFUSED
WARNING:tornado.general:Connect error on fd 4004: WSAECONNREFUSED
WARNING:tornado.general:Connect error on fd 3948: WSAECONNREFUSED
WARNING:tornado.general:Connect error on fd 4188: WSAECONNREFUSED
WARNING:tornado.general:Connect error on fd 4132: WSAECONNREFUSED
WARNING:tornado.general:Connect error on fd 3180: WSAECONNREFUSED
WARNING:tornado.general:Connect error on fd 3892: WSAECONNREFUSED
WARNING:tornado.general:Connect error on fd 3872: WSAECONNREFUSED
WARNING:tornado.general:Connect error on fd 2480: WSAECONNREFUSED
WARNING:tornado.general:Connect error on fd 2416: WSAECONNREFUSED
WARNING:tornado.general:Connect error on fd 1916: WSAECONNREFUSED
WARNING:tornado.general:Connect error on fd 3536: WSAECONNREFUSED
WARNING:tornado.general:Connect error on fd 2240: WSAECONNREFUSED
WARNING:tornado.general:Connect error on fd 4196: WSAECONNREFUSED
WARNING:tornado.general:Connect error on fd 2148: WSAECONNREFUSED
WARNING:tornado.general:Connect error on fd 2652: WSAECONNREFUSED
WARNING:tornado.general:Connect error on fd 1976: WSAECONNREFUSED
WARNING:tornado.general:Connect error on fd 4168: WSAECONNREFUSED
WARNING:tornado.general:Connect error on fd 3436: WSAECONNREFUSED
WARNING:tornado.general:Connect error on fd 4056: WSAECONNREFUSED
WARNING:tornado.general:Connect error on fd 3536: WSAECONNREFUSED
WARNING:tornado.general:Connect error on fd 3540: WSAECONNREFUSED
WARNING:tornado.general:Connect error on fd 2552: WSAECONNREFUSED
WARNING:tornado.general:Connect error on fd 2620: WSAECONNREFUSED
WARNING:tornado.general:Connect error on fd 2252: WSAECONNREFUSED
WARNING:tornado.general:Connect error on fd 2252: WSAECONNREFUSED
WARNING:tornado.general:Connect error on fd 4220: WSAECONNREFUSED
WARNING:tornado.general:Connect error on fd 2400: WSAECONNREFUSED
WARNING:tornado.general:Connect error on fd 4244: WSAECONNREFUSED
WARNING:tornado.general:Connect error on fd 4256: WSAECONNREFUSED
WARNING:tornado.general:Connect error on fd 3540: WSAECONNREFUSED
WARNING:tornado.general:Connect error on fd 4268: WSAECONNREFUSED
WARNING:tornado.general:Connect error on fd 4280: WSAECONNREFUSED
WARNING:tornado.general:Connect error on fd 2648: WSAECONNREFUSED
WARNING:tornado.general:Connect error on fd 4260: WSAECONNREFUSED
WARNING:tornado.general:Connect error on fd 2652: WSAECONNREFUSED
WARNING:tornado.general:Connect error on fd 4252: WSAECONNREFUSED
WARNING:tornado.general:Connect error on fd 2924: WSAECONNREFUSED
WARNING:tornado.general:Connect error on fd 1644: WSAECONNREFUSED
WARNING:tornado.general:Connect error on fd 4248: WSAECONNREFUSED
WARNING:tornado.general:Connect error on fd 3872: WSAECONNREFUSED
WARNING:tornado.general:Connect error on fd 3720: WSAECONNREFUSED
WARNING:tornado.general:Connect error on fd 3536: WSAECONNREFUSED
WARNING:tornado.general:Connect error on fd 4268: WSAECONNREFUSED
WARNING:tornado.general:Connect error on fd 4288: WSAECONNREFUSED
WARNING:tornado.general:Connect error on fd 2588: WSAECONNREFUSED
WARNING:tornado.general:Connect error on fd 2240: WSAECONNREFUSED
WARNING:tornado.general:Connect error on fd 2616: WSAECONNREFUSED
WARNING:tornado.general:Connect error on fd 2700: WSAECONNREFUSED
WARNING:tornado.general:Connect error on fd 2468: WSAECONNREFUSED
WARNING:tornado.general:Connect error on fd 4032: WSAECONNREFUSED
WARNING:tornado.general:Connect error on fd 4312: WSAECONNREFUSED
WARNING:tornado.general:Connect error on fd 3888: WSAECONNREFUSED
WARNING:tornado.general:Connect error on fd 4316: WSAECONNREFUSED
WARNING:tornado.general:Connect error on fd 1780: WSAECONNREFUSED
WARNING:tornado.general:Connect error on fd 3480: WSAECONNREFUSED
WARNING:tornado.general:Connect error on fd 4168: WSAECONNREFUSED
WARNING:tornado.general:Connect error on fd 2016: WSAECONNREFUSED
WARNING:tornado.general:Connect error on fd 2016: WSAECONNREFUSED
WARNING:tornado.general:Connect error on fd 3968: WSAECONNREFUSED
WARNING:tornado.general:Connect error on fd 3436: WSAECONNREFUSED
WARNING:tornado.general:Connect error on fd 4304: WSAECONNREFUSED
WARNING:tornado.general:Connect error on fd 3892: WSAECONNREFUSED
WARNING:tornado.general:Connect error on fd 4324: WSAECONNREFUSED
WARNING:tornado.general:Connect error on fd 4168: WSAECONNREFUSED
WARNING:tornado.general:Connect error on fd 4336: WSAECONNREFUSED
WARNING:tornado.general:Connect error on fd 4272: WSAECONNREFUSED
WARNING:tornado.general:Connect error on fd 1856: WSAECONNREFUSED
WARNING:tornado.general:Connect error on fd 2240: WSAECONNREFUSED
WARNING:tornado.general:Connect error on fd 4268: WSAECONNREFUSED
WARNING:tornado.general:Connect error on fd 2700: WSAECONNREFUSED
WARNING:tornado.general:Connect error on fd 3620: WSAECONNREFUSED
WARNING:tornado.general:Connect error on fd 2484: WSAECONNREFUSED
WARNING:tornado.general:Connect error on fd 4344: WSAECONNREFUSED
WARNING:tornado.general:Connect error on fd 4112: WSAECONNREFUSED
WARNING:tornado.general:Connect error on fd 4112: WSAECONNREFUSED
WARNING:tornado.general:Connect error on fd 4344: WSAECONNREFUSED
WARNING:tornado.general:Connect error on fd 2484: WSAECONNREFUSED
WARNING:tornado.general:Connect error on fd 3844: WSAECONNREFUSED
WARNING:tornado.general:Connect error on fd 2160: WSAECONNREFUSED
WARNING:tornado.general:Connect error on fd 3504: WSAECONNREFUSED
WARNING:tornado.general:Connect error on fd 1876: WSAECONNREFUSED
WARNING:tornado.general:Connect error on fd 4036: WSAECONNREFUSED
WARNING:tornado.general:Connect error on fd 3892: WSAECONNREFUSED
WARNING:tornado.general:Connect error on fd 2900: WSAECONNREFUSED
WARNING:tornado.general:Connect error on fd 2016: WSAECONNREFUSED
WARNING:tornado.general:Connect error on fd 3180: WSAECONNREFUSED
WARNING:tornado.general:Connect error on fd 3148: WSAECONNREFUSED
WARNING:tornado.general:Connect error on fd 3868: WSAECONNREFUSED
WARNING:tornado.general:Connect error on fd 2016: WSAECONNREFUSED
WARNING:tornado.general:Connect error on fd 3556: WSAECONNREFUSED
WARNING:tornado.general:Connect error on fd 4012: WSAECONNREFUSED
WARNING:tornado.general:Connect error on fd 3952: WSAECONNREFUSED
WARNING:tornado.general:Connect error on fd 4228: WSAECONNREFUSED
WARNING:tornado.general:Connect error on fd 2692: WSAECONNREFUSED
WARNING:tornado.general:Connect error on fd 4312: WSAECONNREFUSED
WARNING:tornado.general:Connect error on fd 3536: WSAECONNREFUSED
WARNING:tornado.general:Connect error on fd 2628: WSAECONNREFUSED
WARNING:tornado.general:Connect error on fd 2412: WSAECONNREFUSED
WARNING:tornado.general:Connect error on fd 4140: WSAECONNREFUSED
WARNING:tornado.general:Connect error on fd 2228: WSAECONNREFUSED
WARNING:tornado.general:Connect error on fd 2468: WSAECONNREFUSED
WARNING:tornado.general:Connect error on fd 3780: WSAECONNREFUSED
WARNING:tornado.general:Connect error on fd 2940: WSAECONNREFUSED
WARNING:tornado.general:Connect error on fd 2016: WSAECONNREFUSED
WARNING:tornado.general:Connect error on fd 4020: WSAECONNREFUSED
WARNING:tornado.general:Connect error on fd 2460: WSAECONNREFUSED
WARNING:tornado.general:Connect error on fd 2504: WSAECONNREFUSED
WARNING:tornado.general:Connect error on fd 2504: WSAECONNREFUSED
WARNING:tornado.general:Connect error on fd 4156: WSAECONNREFUSED
WARNING:tornado.general:Connect error on fd 3092: WSAECONNREFUSED
WARNING:tornado.general:Connect error on fd 3892: WSAECONNREFUSED
WARNING:tornado.general:Connect error on fd 4228: WSAECONNREFUSED
WARNING:tornado.general:Connect error on fd 3952: WSAECONNREFUSED
WARNING:tornado.general:Connect error on fd 2400: WSAECONNREFUSED
WARNING:tornado.general:Connect error on fd 3240: WSAECONNREFUSED
WARNING:tornado.general:Connect error on fd 4216: WSAECONNREFUSED
WARNING:tornado.general:Connect error on fd 2008: WSAECONNREFUSED
WARNING:tornado.general:Connect error on fd 4016: WSAECONNREFUSED
WARNING:tornado.general:Connect error on fd 4248: WSAECONNREFUSED
WARNING:tornado.general:Connect error on fd 2460: WSAECONNREFUSED
WARNING:tornado.general:Connect error on fd 2560: WSAECONNREFUSED
WARNING:tornado.general:Connect error on fd 4156: WSAECONNREFUSED
WARNING:tornado.general:Connect error on fd 4324: WSAECONNREFUSED
WARNING:tornado.general:Connect error on fd 4236: WSAECONNREFUSED
WARNING:tornado.general:Connect error on fd 4236: WSAECONNREFUSED
WARNING:tornado.general:Connect error on fd 3180: WSAECONNREFUSED
WARNING:tornado.general:Connect error on fd 1996: WSAECONNREFUSED
WARNING:tornado.general:Connect error on fd 4216: WSAECONNREFUSED
WARNING:tornado.general:Connect error on fd 4168: WSAECONNREFUSED
WARNING:tornado.general:Connect error on fd 3240: WSAECONNREFUSED
WARNING:tornado.general:Connect error on fd 2016: WSAECONNREFUSED
WARNING:tornado.general:Connect error on fd 2400: WSAECONNREFUSED
WARNING:tornado.general:Connect error on fd 4228: WSAECONNREFUSED
WARNING:tornado.general:Connect error on fd 2416: WSAECONNREFUSED
WARNING:tornado.general:Connect error on fd 3844: WSAECONNREFUSED
WARNING:tornado.general:Connect error on fd 3976: WSAECONNREFUSED
WARNING:tornado.general:Connect error on fd 2700: WSAECONNREFUSED
WARNING:tornado.general:Connect error on fd 4228: WSAECONNREFUSED
WARNING:tornado.general:Connect error on fd 3172: WSAECONNREFUSED
WARNING:tornado.general:Connect error on fd 2532: WSAECONNREFUSED
WARNING:tornado.general:Connect error on fd 4292: WSAECONNREFUSED
WARNING:tornado.general:Connect error on fd 1620: WSAECONNREFUSED
WARNING:tornado.general:Connect error on fd 2552: WSAECONNREFUSED
WARNING:tornado.general:Connect error on fd 2448: WSAECONNREFUSED
WARNING:tornado.general:Connect error on fd 4092: WSAECONNREFUSED
WARNING:tornado.general:Connect error on fd 2228: WSAECONNREFUSED
WARNING:tornado.general:Connect error on fd 3888: WSAECONNREFUSED
WARNING:tornado.general:Connect error on fd 4132: WSAECONNREFUSED
WARNING:tornado.general:Connect error on fd 1620: WSAECONNREFUSED
WARNING:tornado.general:Connect error on fd 2084: WSAECONNREFUSED
WARNING:tornado.general:Connect error on fd 4276: WSAECONNREFUSED
WARNING:tornado.general:Connect error on fd 3612: WSAECONNREFUSED
WARNING:tornado.general:Connect error on fd 3284: WSAECONNREFUSED
WARNING:tornado.general:Connect error on fd 4032: WSAECONNREFUSED
WARNING:tornado.general:Connect error on fd 3968: WSAECONNREFUSED
WARNING:tornado.general:Connect error on fd 2644: WSAECONNREFUSED
WARNING:tornado.general:Connect error on fd 4016: WSAECONNREFUSED
WARNING:tornado.general:Connect error on fd 4016: WSAECONNREFUSED
WARNING:tornado.general:Connect error on fd 4236: WSAECONNREFUSED
WARNING:tornado.general:Connect error on fd 3624: WSAECONNREFUSED
WARNING:tornado.general:Connect error on fd 2084: WSAECONNREFUSED
WARNING:tornado.general:Connect error on fd 4228: WSAECONNREFUSED
WARNING:tornado.general:Connect error on fd 4164: WSAECONNREFUSED
WARNING:tornado.general:Connect error on fd 4040: WSAECONNREFUSED
WARNING:tornado.general:Connect error on fd 4308: WSAECONNREFUSED
WARNING:tornado.general:Connect error on fd 2160: WSAECONNREFUSED
WARNING:tornado.general:Connect error on fd 2620: WSAECONNREFUSED
WARNING:tornado.general:Connect error on fd 4344: WSAECONNREFUSED
WARNING:tornado.general:Connect error on fd 2460: WSAECONNREFUSED
WARNING:tornado.general:Connect error on fd 3196: WSAECONNREFUSED
WARNING:tornado.general:Connect error on fd 1956: WSAECONNREFUSED
WARNING:tornado.general:Connect error on fd 4152: WSAECONNREFUSED
WARNING:tornado.general:Connect error on fd 3892: WSAECONNREFUSED
WARNING:tornado.general:Connect error on fd 2240: WSAECONNREFUSED
WARNING:tornado.general:Connect error on fd 2240: WSAECONNREFUSED
WARNING:tornado.general:Connect error on fd 2620: WSAECONNREFUSED
WARNING:tornado.general:Connect error on fd 2328: WSAECONNREFUSED
WARNING:tornado.general:Connect error on fd 2468: WSAECONNREFUSED
WARNING:tornado.general:Connect error on fd 4152: WSAECONNREFUSED
WARNING:tornado.general:Connect error on fd 2028: WSAECONNREFUSED
WARNING:tornado.general:Connect error on fd 3236: WSAECONNREFUSED
WARNING:tornado.general:Connect error on fd 2772: WSAECONNREFUSED
WARNING:tornado.general:Connect error on fd 2016: WSAECONNREFUSED
WARNING:tornado.general:Connect error on fd 3148: WSAECONNREFUSED
WARNING:tornado.general:Connect error on fd 3968: WSAECONNREFUSED
WARNING:tornado.general:Connect error on fd 4288: WSAECONNREFUSED
WARNING:tornado.general:Connect error on fd 2856: WSAECONNREFUSED
WARNING:tornado.general:Connect error on fd 2568: WSAECONNREFUSED
WARNING:tornado.general:Connect error on fd 2852: WSAECONNREFUSED
WARNING:tornado.general:Connect error on fd 4120: WSAECONNREFUSED
WARNING:tornado.general:Connect error on fd 2128: WSAECONNREFUSED
WARNING:tornado.general:Connect error on fd 4072: WSAECONNREFUSED
WARNING:tornado.general:Connect error on fd 4132: WSAECONNREFUSED
WARNING:tornado.general:Connect error on fd 2420: WSAECONNREFUSED
WARNING:tornado.general:Connect error on fd 4128: WSAECONNREFUSED
WARNING:tornado.general:Connect error on fd 3856: WSAECONNREFUSED
WARNING:tornado.general:Connect error on fd 2852: WSAECONNREFUSED
WARNING:tornado.general:Connect error on fd 3440: WSAECONNREFUSED
WARNING:tornado.general:Connect error on fd 3980: WSAECONNREFUSED
WARNING:tornado.general:Connect error on fd 4148: WSAECONNREFUSED
WARNING:tornado.general:Connect error on fd 4240: WSAECONNREFUSED
WARNING:tornado.general:Connect error on fd 4020: WSAECONNREFUSED
WARNING:tornado.general:Connect error on fd 1620: WSAECONNREFUSED
WARNING:tornado.general:Connect error on fd 1792: WSAECONNREFUSED
WARNING:tornado.general:Connect error on fd 4220: WSAECONNREFUSED
WARNING:tornado.general:Connect error on fd 4088: WSAECONNREFUSED
WARNING:tornado.general:Connect error on fd 4084: WSAECONNREFUSED
WARNING:tornado.general:Connect error on fd 4084: WSAECONNREFUSED
WARNING:tornado.general:Connect error on fd 2400: WSAECONNREFUSED
WARNING:tornado.general:Connect error on fd 4124: WSAECONNREFUSED
WARNING:tornado.general:Connect error on fd 2292: WSAECONNREFUSED
WARNING:tornado.general:Connect error on fd 2520: WSAECONNREFUSED
WARNING:tornado.general:Connect error on fd 4236: WSAECONNREFUSED
WARNING:tornado.general:Connect error on fd 3756: WSAECONNREFUSED
WARNING:tornado.general:Connect error on fd 4120: WSAECONNREFUSED
WARNING:tornado.general:Connect error on fd 4288: WSAECONNREFUSED
WARNING:tornado.general:Connect error on fd 2152: WSAECONNREFUSED
WARNING:tornado.general:Connect error on fd 3008: WSAECONNREFUSED
WARNING:tornado.general:Connect error on fd 3476: WSAECONNREFUSED
WARNING:tornado.general:Connect error on fd 2896: WSAECONNREFUSED
WARNING:tornado.general:Connect error on fd 3864: WSAECONNREFUSED
WARNING:tornado.general:Connect error on fd 2856: WSAECONNREFUSED
WARNING:tornado.general:Connect error on fd 2172: WSAECONNREFUSED
WARNING:tornado.general:Connect error on fd 3512: WSAECONNREFUSED
WARNING:tornado.general:Connect error on fd 3512: WSAECONNREFUSED
WARNING:tornado.general:Connect error on fd 4148: WSAECONNREFUSED
WARNING:tornado.general:Connect error on fd 3876: WSAECONNREFUSED
WARNING:tornado.general:Connect error on fd 2228: WSAECONNREFUSED
WARNING:tornado.general:Connect error on fd 3892: WSAECONNREFUSED
WARNING:tornado.general:Connect error on fd 1780: WSAECONNREFUSED
WARNING:tornado.general:Connect error on fd 3928: WSAECONNREFUSED
WARNING:tornado.general:Connect error on fd 2992: WSAECONNREFUSED
WARNING:tornado.general:Connect error on fd 2856: WSAECONNREFUSED
WARNING:tornado.general:Connect error on fd 3788: WSAECONNREFUSED
WARNING:tornado.general:Connect error on fd 4220: WSAECONNREFUSED
WARNING:tornado.general:Connect error on fd 3880: WSAECONNREFUSED
WARNING:tornado.general:Connect error on fd 3200: WSAECONNREFUSED
WARNING:tornado.general:Connect error on fd 4124: WSAECONNREFUSED
WARNING:tornado.general:Connect error on fd 232: WSAECONNREFUSED
WARNING:tornado.general:Connect error on fd 3912: WSAECONNREFUSED
WARNING:tornado.general:Connect error on fd 3856: WSAECONNREFUSED
WARNING:tornado.general:Connect error on fd 3440: WSAECONNREFUSED
WARNING:tornado.general:Connect error on fd 3548: WSAECONNREFUSED
WARNING:tornado.general:Connect error on fd 1792: WSAECONNREFUSED
WARNING:tornado.general:Connect error on fd 2700: WSAECONNREFUSED
WARNING:tornado.general:Connect error on fd 3552: WSAECONNREFUSED
WARNING:tornado.general:Connect error on fd 1964: WSAECONNREFUSED
WARNING:tornado.general:Connect error on fd 3608: WSAECONNREFUSED
WARNING:tornado.general:Connect error on fd 3204: WSAECONNREFUSED
WARNING:tornado.general:Connect error on fd 2128: WSAECONNREFUSED
WARNING:tornado.general:Connect error on fd 2452: WSAECONNREFUSED
WARNING:tornado.general:Connect error on fd 3320: WSAECONNREFUSED
WARNING:tornado.general:Connect error on fd 2656: WSAECONNREFUSED
WARNING:tornado.general:Connect error on fd 2320: WSAECONNREFUSED
WARNING:tornado.general:Connect error on fd 3016: WSAECONNREFUSED
WARNING:tornado.general:Connect error on fd 2328: WSAECONNREFUSED
WARNING:tornado.general:Connect error on fd 3212: WSAECONNREFUSED
WARNING:tornado.general:Connect error on fd 3212: WSAECONNREFUSED
WARNING:tornado.general:Connect error on fd 3576: WSAECONNREFUSED
WARNING:tornado.general:Connect error on fd 232: WSAECONNREFUSED
WARNING:tornado.general:Connect error on fd 2016: WSAECONNREFUSED
WARNING:tornado.general:Connect error on fd 3808: WSAECONNREFUSED
WARNING:tornado.general:Connect error on fd 3056: WSAECONNREFUSED
WARNING:tornado.general:Connect error on fd 3812: WSAECONNREFUSED
WARNING:tornado.general:Connect error on fd 4052: WSAECONNREFUSED
WARNING:tornado.general:Connect error on fd 2920: WSAECONNREFUSED
WARNING:tornado.general:Connect error on fd 4308: WSAECONNREFUSED
WARNING:tornado.general:Connect error on fd 3780: WSAECONNREFUSED
WARNING:tornado.general:Connect error on fd 2752: WSAECONNREFUSED
WARNING:tornado.general:Connect error on fd 2712: WSAECONNREFUSED
WARNING:tornado.general:Connect error on fd 2664: WSAECONNREFUSED
WARNING:tornado.general:Connect error on fd 3736: WSAECONNREFUSED
WARNING:tornado.general:Connect error on fd 3196: WSAECONNREFUSED
WARNING:tornado.general:Connect error on fd 3148: WSAECONNREFUSED
WARNING:tornado.general:Connect error on fd 2344: WSAECONNREFUSED
WARNING:tornado.general:Connect error on fd 4024: WSAECONNREFUSED
WARNING:tornado.general:Connect error on fd 2132: WSAECONNREFUSED
WARNING:tornado.general:Connect error on fd 3852: WSAECONNREFUSED
WARNING:tornado.general:Connect error on fd 3056: WSAECONNREFUSED
WARNING:tornado.general:Connect error on fd 1620: WSAECONNREFUSED
WARNING:tornado.general:Connect error on fd 4240: WSAECONNREFUSED
WARNING:tornado.general:Connect error on fd 1964: WSAECONNREFUSED
WARNING:tornado.general:Connect error on fd 2040: WSAECONNREFUSED
WARNING:tornado.general:Connect error on fd 1776: WSAECONNREFUSED
WARNING:tornado.general:Connect error on fd 3912: WSAECONNREFUSED
WARNING:tornado.general:Connect error on fd 3908: WSAECONNREFUSED
WARNING:tornado.general:Connect error on fd 2104: WSAECONNREFUSED
WARNING:tornado.general:Connect error on fd 4032: WSAECONNREFUSED
WARNING:tornado.general:Connect error on fd 2700: WSAECONNREFUSED
WARNING:tornado.general:Connect error on fd 2672: WSAECONNREFUSED
WARNING:tornado.general:Connect error on fd 1780: WSAECONNREFUSED
WARNING:tornado.general:Connect error on fd 2368: WSAECONNREFUSED
WARNING:tornado.general:Connect error on fd 4288: WSAECONNREFUSED
WARNING:tornado.general:Connect error on fd 2356: WSAECONNREFUSED
WARNING:tornado.general:Connect error on fd 3792: WSAECONNREFUSED
WARNING:tornado.general:Connect error on fd 4212: WSAECONNREFUSED
WARNING:tornado.general:Connect error on fd 4212: WSAECONNREFUSED
WARNING:tornado.general:Connect error on fd 2488: WSAECONNREFUSED
WARNING:tornado.general:Connect error on fd 4312: WSAECONNREFUSED
WARNING:tornado.general:Connect error on fd 1880: WSAECONNREFUSED
WARNING:tornado.general:Connect error on fd 3376: WSAECONNREFUSED
WARNING:tornado.general:Connect error on fd 2228: WSAECONNREFUSED
WARNING:tornado.general:Connect error on fd 364: WSAECONNREFUSED
WARNING:tornado.general:Connect error on fd 2824: WSAECONNREFUSED
WARNING:tornado.general:Connect error on fd 4248: WSAECONNREFUSED
WARNING:tornado.general:Connect error on fd 1968: WSAECONNREFUSED
WARNING:tornado.general:Connect error on fd 2152: WSAECONNREFUSED
WARNING:tornado.general:Connect error on fd 1776: WSAECONNREFUSED
WARNING:tornado.general:Connect error on fd 352: WSAECONNREFUSED
WARNING:tornado.general:Connect error on fd 2644: WSAECONNREFUSED
WARNING:tornado.general:Connect error on fd 3676: WSAECONNREFUSED
WARNING:tornado.general:Connect error on fd 3552: WSAECONNREFUSED
WARNING:tornado.general:Connect error on fd 3772: WSAECONNREFUSED
WARNING:tornado.general:Connect error on fd 2340: WSAECONNREFUSED
WARNING:tornado.general:Connect error on fd 4288: WSAECONNREFUSED
WARNING:tornado.general:Connect error on fd 2772: WSAECONNREFUSED
WARNING:tornado.general:Connect error on fd 3392: WSAECONNREFUSED
WARNING:tornado.general:Connect error on fd 3492: WSAECONNREFUSED
WARNING:tornado.general:Connect error on fd 2172: WSAECONNREFUSED
WARNING:tornado.general:Connect error on fd 2616: WSAECONNREFUSED
WARNING:tornado.general:Connect error on fd 4032: WSAECONNREFUSED
WARNING:tornado.general:Connect error on fd 4016: WSAECONNREFUSED
WARNING:tornado.general:Connect error on fd 4160: WSAECONNREFUSED
WARNING:tornado.general:Connect error on fd 2692: WSAECONNREFUSED
WARNING:tornado.general:Connect error on fd 3328: WSAECONNREFUSED
WARNING:tornado.general:Connect error on fd 3928: WSAECONNREFUSED
WARNING:tornado.general:Connect error on fd 2476: WSAECONNREFUSED
WARNING:tornado.general:Connect error on fd 3000: WSAECONNREFUSED
WARNING:tornado.general:Connect error on fd 3884: WSAECONNREFUSED
WARNING:tornado.general:Connect error on fd 3884: WSAECONNREFUSED
WARNING:tornado.general:Connect error on fd 3892: WSAECONNREFUSED
WARNING:tornado.general:Connect error on fd 4016: WSAECONNREFUSED
WARNING:tornado.general:Connect error on fd 2664: WSAECONNREFUSED
WARNING:tornado.general:Connect error on fd 3056: WSAECONNREFUSED
WARNING:tornado.general:Connect error on fd 3936: WSAECONNREFUSED
WARNING:tornado.general:Connect error on fd 2040: WSAECONNREFUSED
WARNING:tornado.general:Connect error on fd 4248: WSAECONNREFUSED
WARNING:tornado.general:Connect error on fd 3792: WSAECONNREFUSED
WARNING:tornado.general:Connect error on fd 2028: WSAECONNREFUSED
WARNING:tornado.general:Connect error on fd 2488: WSAECONNREFUSED
WARNING:tornado.general:Connect error on fd 3972: WSAECONNREFUSED
WARNING:tornado.general:Connect error on fd 2616: WSAECONNREFUSED
WARNING:tornado.general:Connect error on fd 3892: WSAECONNREFUSED
WARNING:tornado.general:Connect error on fd 2620: WSAECONNREFUSED
WARNING:tornado.general:Connect error on fd 2424: WSAECONNREFUSED
WARNING:tornado.general:Connect error on fd 232: WSAECONNREFUSED
WARNING:tornado.general:Connect error on fd 232: WSAECONNREFUSED
WARNING:tornado.general:Connect error on fd 2172: WSAECONNREFUSED
WARNING:tornado.general:Connect error on fd 3204: WSAECONNREFUSED
WARNING:tornado.general:Connect error on fd 4164: WSAECONNREFUSED
WARNING:tornado.general:Connect error on fd 2644: WSAECONNREFUSED
WARNING:tornado.general:Connect error on fd 2848: WSAECONNREFUSED
WARNING:tornado.general:Connect error on fd 2644: WSAECONNREFUSED
WARNING:tornado.general:Connect error on fd 3056: WSAECONNREFUSED
WARNING:tornado.general:Connect error on fd 4276: WSAECONNREFUSED
WARNING:tornado.general:Connect error on fd 3204: WSAECONNREFUSED
WARNING:tornado.general:Connect error on fd 2172: WSAECONNREFUSED
WARNING:tornado.general:Connect error on fd 3392: WSAECONNREFUSED
WARNING:tornado.general:Connect error on fd 3008: WSAECONNREFUSED
WARNING:tornado.general:Connect error on fd 3888: WSAECONNREFUSED
WARNING:tornado.general:Connect error on fd 3916: WSAECONNREFUSED
WARNING:tornado.general:Connect error on fd 3908: WSAECONNREFUSED
WARNING:tornado.general:Connect error on fd 2228: WSAECONNREFUSED
WARNING:tornado.general:Connect error on fd 3548: WSAECONNREFUSED
WARNING:tornado.general:Connect error on fd 4212: WSAECONNREFUSED
WARNING:tornado.general:Connect error on fd 2736: WSAECONNREFUSED
WARNING:tornado.general:Connect error on fd 4140: WSAECONNREFUSED
WARNING:tornado.general:Connect error on fd 1528: WSAECONNREFUSED
WARNING:tornado.general:Connect error on fd 3856: WSAECONNREFUSED
WARNING:tornado.general:Connect error on fd 4344: WSAECONNREFUSED
WARNING:tornado.general:Connect error on fd 2520: WSAECONNREFUSED
WARNING:tornado.general:Connect error on fd 2448: WSAECONNREFUSED
WARNING:tornado.general:Connect error on fd 2736: WSAECONNREFUSED
WARNING:tornado.general:Connect error on fd 3520: WSAECONNREFUSED
WARNING:tornado.general:Connect error on fd 2468: WSAECONNREFUSED
WARNING:tornado.general:Connect error on fd 3608: WSAECONNREFUSED
WARNING:tornado.general:Connect error on fd 2568: WSAECONNREFUSED
WARNING:tornado.general:Connect error on fd 3876: WSAECONNREFUSED
WARNING:tornado.general:Connect error on fd 3912: WSAECONNREFUSED
WARNING:tornado.general:Connect error on fd 3912: WSAECONNREFUSED
WARNING:tornado.general:Connect error on fd 3548: WSAECONNREFUSED
WARNING:tornado.general:Connect error on fd 2160: WSAECONNREFUSED
WARNING:tornado.general:Connect error on fd 3808: WSAECONNREFUSED
WARNING:tornado.general:Connect error on fd 4120: WSAECONNREFUSED
WARNING:tornado.general:Connect error on fd 3512: WSAECONNREFUSED
WARNING:tornado.general:Connect error on fd 2128: WSAECONNREFUSED
WARNING:tornado.general:Connect error on fd 3476: WSAECONNREFUSED
WARNING:tornado.general:Connect error on fd 2552: WSAECONNREFUSED
WARNING:tornado.general:Connect error on fd 3000: WSAECONNREFUSED
WARNING:tornado.general:Connect error on fd 3200: WSAECONNREFUSED
WARNING:tornado.general:Connect error on fd 2432: WSAECONNREFUSED
WARNING:tornado.general:Connect error on fd 1528: WSAECONNREFUSED
WARNING:tornado.general:Connect error on fd 3028: WSAECONNREFUSED
WARNING:tornado.general:Connect error on fd 4024: WSAECONNREFUSED
WARNING:tornado.general:Connect error on fd 1944: WSAECONNREFUSED
WARNING:tornado.general:Connect error on fd 3888: WSAECONNREFUSED
WARNING:tornado.general:Connect error on fd 1944: WSAECONNREFUSED
WARNING:tornado.general:Connect error on fd 3104: WSAECONNREFUSED
WARNING:tornado.general:Connect error on fd 2452: WSAECONNREFUSED
WARNING:tornado.general:Connect error on fd 3124: WSAECONNREFUSED
WARNING:tornado.general:Connect error on fd 2768: WSAECONNREFUSED
WARNING:tornado.general:Connect error on fd 2656: WSAECONNREFUSED
WARNING:tornado.general:Connect error on fd 1916: WSAECONNREFUSED
WARNING:tornado.general:Connect error on fd 3292: WSAECONNREFUSED
WARNING:tornado.general:Connect error on fd 1968: WSAECONNREFUSED
WARNING:tornado.general:Connect error on fd 1316: WSAECONNREFUSED
WARNING:tornado.general:Connect error on fd 3196: WSAECONNREFUSED
WARNING:tornado.general:Connect error on fd 2476: WSAECONNREFUSED
WARNING:tornado.general:Connect error on fd 2044: WSAECONNREFUSED
WARNING:tornado.general:Connect error on fd 4140: WSAECONNREFUSED
WARNING:tornado.general:Connect error on fd 2512: WSAECONNREFUSED
WARNING:tornado.general:Connect error on fd 2328: WSAECONNREFUSED
WARNING:tornado.general:Connect error on fd 3188: WSAECONNREFUSED
WARNING:tornado.general:Connect error on fd 2992: WSAECONNREFUSED
WARNING:tornado.general:Connect error on fd 4024: WSAECONNREFUSED
WARNING:tornado.general:Connect error on fd 3864: WSAECONNREFUSED
WARNING:tornado.general:Connect error on fd 2316: WSAECONNREFUSED
WARNING:tornado.general:Connect error on fd 3816: WSAECONNREFUSED
WARNING:tornado.general:Connect error on fd 3628: WSAECONNREFUSED
WARNING:tornado.general:Connect error on fd 1968: WSAECONNREFUSED
WARNING:tornado.general:Connect error on fd 2452: WSAECONNREFUSED
WARNING:tornado.general:Connect error on fd 3680: WSAECONNREFUSED
WARNING:tornado.general:Connect error on fd 3104: WSAECONNREFUSED
WARNING:tornado.general:Connect error on fd 2132: WSAECONNREFUSED
WARNING:tornado.general:Connect error on fd 1832: WSAECONNREFUSED
WARNING:tornado.general:Connect error on fd 3280: WSAECONNREFUSED
WARNING:tornado.general:Connect error on fd 3060: WSAECONNREFUSED
WARNING:tornado.general:Connect error on fd 3016: WSAECONNREFUSED
WARNING:tornado.general:Connect error on fd 3888: WSAECONNREFUSED
WARNING:tornado.general:Connect error on fd 1944: WSAECONNREFUSED
WARNING:tornado.general:Connect error on fd 2316: WSAECONNREFUSED
WARNING:tornado.general:Connect error on fd 2328: WSAECONNREFUSED
WARNING:tornado.general:Connect error on fd 3080: WSAECONNREFUSED
WARNING:tornado.general:Connect error on fd 2764: WSAECONNREFUSED
WARNING:tornado.general:Connect error on fd 3596: WSAECONNREFUSED
WARNING:tornado.general:Connect error on fd 2000: WSAECONNREFUSED
WARNING:tornado.general:Connect error on fd 2004: WSAECONNREFUSED
WARNING:tornado.general:Connect error on fd 3808: WSAECONNREFUSED
WARNING:tornado.general:Connect error on fd 2904: WSAECONNREFUSED
WARNING:tornado.general:Connect error on fd 2780: WSAECONNREFUSED
WARNING:tornado.general:Connect error on fd 3104: WSAECONNREFUSED
WARNING:tornado.general:Connect error on fd 3320: WSAECONNREFUSED
WARNING:tornado.general:Connect error on fd 3472: WSAECONNREFUSED
WARNING:tornado.general:Connect error on fd 2284: WSAECONNREFUSED
WARNING:tornado.general:Connect error on fd 3280: WSAECONNREFUSED
WARNING:tornado.general:Connect error on fd 4040: WSAECONNREFUSED
WARNING:tornado.general:Connect error on fd 2268: WSAECONNREFUSED
WARNING:tornado.general:Connect error on fd 3776: WSAECONNREFUSED
WARNING:tornado.general:Connect error on fd 3176: WSAECONNREFUSED
WARNING:tornado.general:Connect error on fd 2640: WSAECONNREFUSED
WARNING:tornado.general:Connect error on fd 2200: WSAECONNREFUSED
WARNING:tornado.general:Connect error on fd 2200: WSAECONNREFUSED
WARNING:tornado.general:Connect error on fd 2840: WSAECONNREFUSED
WARNING:tornado.general:Connect error on fd 2328: WSAECONNREFUSED
WARNING:tornado.general:Connect error on fd 3144: WSAECONNREFUSED
WARNING:tornado.general:Connect error on fd 3008: WSAECONNREFUSED
WARNING:tornado.general:Connect error on fd 1648: WSAECONNREFUSED
WARNING:tornado.general:Connect error on fd 2724: WSAECONNREFUSED
WARNING:tornado.general:Connect error on fd 3600: WSAECONNREFUSED
WARNING:tornado.general:Connect error on fd 4312: WSAECONNREFUSED
WARNING:tornado.general:Connect error on fd 3816: WSAECONNREFUSED
WARNING:tornado.general:Connect error on fd 3536: WSAECONNREFUSED
WARNING:tornado.general:Connect error on fd 1784: WSAECONNREFUSED
WARNING:tornado.general:Connect error on fd 3208: WSAECONNREFUSED
WARNING:tornado.general:Connect error on fd 2668: WSAECONNREFUSED
WARNING:tornado.general:Connect error on fd 3296: WSAECONNREFUSED
WARNING:tornado.general:Connect error on fd 2284: WSAECONNREFUSED
WARNING:tornado.general:Connect error on fd 3100: WSAECONNREFUSED
WARNING:tornado.general:Connect error on fd 3788: WSAECONNREFUSED
WARNING:tornado.general:Connect error on fd 3096: WSAECONNREFUSED
WARNING:tornado.general:Connect error on fd 2736: WSAECONNREFUSED
WARNING:tornado.general:Connect error on fd 3472: WSAECONNREFUSED
WARNING:tornado.general:Connect error on fd 2316: WSAECONNREFUSED
WARNING:tornado.general:Connect error on fd 2316: WSAECONNREFUSED
WARNING:tornado.general:Connect error on fd 3056: WSAECONNREFUSED
WARNING:tornado.general:Connect error on fd 3320: WSAECONNREFUSED
WARNING:tornado.general:Connect error on fd 2664: WSAECONNREFUSED
WARNING:tornado.general:Connect error on fd 3828: WSAECONNREFUSED
WARNING:tornado.general:Connect error on fd 4160: WSAECONNREFUSED
WARNING:tornado.general:Connect error on fd 2700: WSAECONNREFUSED
WARNING:tornado.general:Connect error on fd 2620: WSAECONNREFUSED
WARNING:tornado.general:Connect error on fd 2044: WSAECONNREFUSED
WARNING:tornado.general:Connect error on fd 3208: WSAECONNREFUSED
WARNING:tornado.general:Connect error on fd 3784: WSAECONNREFUSED
WARNING:tornado.general:Connect error on fd 3608: WSAECONNREFUSED
WARNING:tornado.general:Connect error on fd 3824: WSAECONNREFUSED
WARNING:tornado.general:Connect error on fd 1776: WSAECONNREFUSED
WARNING:tornado.general:Connect error on fd 1836: WSAECONNREFUSED
WARNING:tornado.general:Connect error on fd 3224: WSAECONNREFUSED
WARNING:tornado.general:Connect error on fd 2100: WSAECONNREFUSED
WARNING:tornado.general:Connect error on fd 2100: WSAECONNREFUSED
WARNING:tornado.general:Connect error on fd 3292: WSAECONNREFUSED
WARNING:tornado.general:Connect error on fd 4120: WSAECONNREFUSED
WARNING:tornado.general:Connect error on fd 3208: WSAECONNREFUSED
WARNING:tornado.general:Connect error on fd 3020: WSAECONNREFUSED
WARNING:tornado.general:Connect error on fd 2004: WSAECONNREFUSED
WARNING:tornado.general:Connect error on fd 1648: WSAECONNREFUSED
WARNING:tornado.general:Connect error on fd 3760: WSAECONNREFUSED
WARNING:tornado.general:Connect error on fd 2904: WSAECONNREFUSED
WARNING:tornado.general:Connect error on fd 3280: WSAECONNREFUSED
WARNING:tornado.general:Connect error on fd 2852: WSAECONNREFUSED
WARNING:tornado.general:Connect error on fd 364: WSAECONNREFUSED
WARNING:tornado.general:Connect error on fd 2160: WSAECONNREFUSED
WARNING:tornado.general:Connect error on fd 2028: WSAECONNREFUSED
WARNING:tornado.general:Connect error on fd 3144: WSAECONNREFUSED
WARNING:tornado.general:Connect error on fd 2520: WSAECONNREFUSED
WARNING:tornado.general:Connect error on fd 1968: WSAECONNREFUSED
WARNING:tornado.general:Connect error on fd 3440: WSAECONNREFUSED
WARNING:tornado.general:Connect error on fd 2920: WSAECONNREFUSED
WARNING:tornado.general:Connect error on fd 3728: WSAECONNREFUSED
WARNING:tornado.general:Connect error on fd 2844: WSAECONNREFUSED
WARNING:tornado.general:Connect error on fd 2976: WSAECONNREFUSED
WARNING:tornado.general:Connect error on fd 4220: WSAECONNREFUSED
WARNING:tornado.general:Connect error on fd 2012: WSAECONNREFUSED
WARNING:tornado.general:Connect error on fd 2420: WSAECONNREFUSED
WARNING:tornado.general:Connect error on fd 2980: WSAECONNREFUSED
WARNING:tornado.general:Connect error on fd 1956: WSAECONNREFUSED
WARNING:tornado.general:Connect error on fd 3148: WSAECONNREFUSED
WARNING:tornado.general:Connect error on fd 2864: WSAECONNREFUSED
WARNING:tornado.general:Connect error on fd 3740: WSAECONNREFUSED
WARNING:tornado.general:Connect error on fd 3764: WSAECONNREFUSED
WARNING:tornado.general:Connect error on fd 4140: WSAECONNREFUSED
WARNING:tornado.general:Connect error on fd 2724: WSAECONNREFUSED
WARNING:tornado.general:Connect error on fd 2724: WSAECONNREFUSED
WARNING:tornado.general:Connect error on fd 3836: WSAECONNREFUSED
WARNING:tornado.general:Connect error on fd 3884: WSAECONNREFUSED
WARNING:tornado.general:Connect error on fd 1868: WSAECONNREFUSED
WARNING:tornado.general:Connect error on fd 2008: WSAECONNREFUSED
WARNING:tornado.general:Connect error on fd 2300: WSAECONNREFUSED
WARNING:tornado.general:Connect error on fd 2892: WSAECONNREFUSED
WARNING:tornado.general:Connect error on fd 2772: WSAECONNREFUSED
WARNING:tornado.general:Connect error on fd 3320: WSAECONNREFUSED
WARNING:tornado.general:Connect error on fd 1528: WSAECONNREFUSED
WARNING:tornado.general:Connect error on fd 3028: WSAECONNREFUSED
WARNING:tornado.general:Connect error on fd 2476: WSAECONNREFUSED
WARNING:tornado.general:Connect error on fd 2460: WSAECONNREFUSED
WARNING:tornado.general:Connect error on fd 3632: WSAECONNREFUSED
WARNING:tornado.general:Connect error on fd 2844: WSAECONNREFUSED
WARNING:tornado.general:Connect error on fd 2280: WSAECONNREFUSED
WARNING:tornado.general:Connect error on fd 2976: WSAECONNREFUSED
WARNING:tornado.general:Connect error on fd 2976: WSAECONNREFUSED
WARNING:tornado.general:Connect error on fd 2516: WSAECONNREFUSED
WARNING:tornado.general:Connect error on fd 3388: WSAECONNREFUSED
WARNING:tornado.general:Connect error on fd 3552: WSAECONNREFUSED
WARNING:tornado.general:Connect error on fd 4132: WSAECONNREFUSED
WARNING:tornado.general:Connect error on fd 2484: WSAECONNREFUSED
WARNING:tornado.general:Connect error on fd 4248: WSAECONNREFUSED
WARNING:tornado.general:Connect error on fd 3732: WSAECONNREFUSED
WARNING:tornado.general:Connect error on fd 2328: WSAECONNREFUSED
WARNING:tornado.general:Connect error on fd 1700: WSAECONNREFUSED
WARNING:tornado.general:Connect error on fd 3680: WSAECONNREFUSED
WARNING:tornado.general:Connect error on fd 3160: WSAECONNREFUSED
WARNING:tornado.general:Connect error on fd 3432: WSAECONNREFUSED
WARNING:tornado.general:Connect error on fd 2136: WSAECONNREFUSED
WARNING:tornado.general:Connect error on fd 3908: WSAECONNREFUSED
WARNING:tornado.general:Connect error on fd 4168: WSAECONNREFUSED
WARNING:tornado.general:Connect error on fd 1824: WSAECONNREFUSED
WARNING:tornado.general:Connect error on fd 3240: WSAECONNREFUSED
WARNING:tornado.general:Connect error on fd 1856: WSAECONNREFUSED
WARNING:tornado.general:Connect error on fd 1528: WSAECONNREFUSED
WARNING:tornado.general:Connect error on fd 3060: WSAECONNREFUSED
WARNING:tornado.general:Connect error on fd 2672: WSAECONNREFUSED
WARNING:tornado.general:Connect error on fd 3668: WSAECONNREFUSED
WARNING:tornado.general:Connect error on fd 2152: WSAECONNREFUSED
WARNING:tornado.general:Connect error on fd 2848: WSAECONNREFUSED
WARNING:tornado.general:Connect error on fd 4288: WSAECONNREFUSED
WARNING:tornado.general:Connect error on fd 2228: WSAECONNREFUSED
WARNING:tornado.general:Connect error on fd 4012: WSAECONNREFUSED
WARNING:tornado.general:Connect error on fd 1620: WSAECONNREFUSED
WARNING:tornado.general:Connect error on fd 4336: WSAECONNREFUSED
WARNING:tornado.general:Connect error on fd 1648: WSAECONNREFUSED
WARNING:tornado.general:Connect error on fd 2360: WSAECONNREFUSED
WARNING:tornado.general:Connect error on fd 4244: WSAECONNREFUSED
WARNING:tornado.general:Connect error on fd 3716: WSAECONNREFUSED
WARNING:tornado.general:Connect error on fd 4212: WSAECONNREFUSED
WARNING:tornado.general:Connect error on fd 2732: WSAECONNREFUSED
WARNING:tornado.general:Connect error on fd 2212: WSAECONNREFUSED
WARNING:tornado.general:Connect error on fd 2136: WSAECONNREFUSED
WARNING:tornado.general:Connect error on fd 4344: WSAECONNREFUSED
WARNING:tornado.general:Connect error on fd 4344: WSAECONNREFUSED
WARNING:tornado.general:Connect error on fd 2644: WSAECONNREFUSED
WARNING:tornado.general:Connect error on fd 2912: WSAECONNREFUSED
WARNING:tornado.general:Connect error on fd 3104: WSAECONNREFUSED
WARNING:tornado.general:Connect error on fd 3972: WSAECONNREFUSED
WARNING:tornado.general:Connect error on fd 3872: WSAECONNREFUSED
WARNING:tornado.general:Connect error on fd 3860: WSAECONNREFUSED
WARNING:tornado.general:Connect error on fd 3908: WSAECONNREFUSED
WARNING:tornado.general:Connect error on fd 3492: WSAECONNREFUSED
WARNING:tornado.general:Connect error on fd 3224: WSAECONNREFUSED
WARNING:tornado.general:Connect error on fd 3900: WSAECONNREFUSED
WARNING:tornado.general:Connect error on fd 2604: WSAECONNREFUSED
WARNING:tornado.general:Connect error on fd 4336: WSAECONNREFUSED
WARNING:tornado.general:Connect error on fd 3604: WSAECONNREFUSED
WARNING:tornado.general:Connect error on fd 3704: WSAECONNREFUSED
WARNING:tornado.general:Connect error on fd 3224: WSAECONNREFUSED
WARNING:tornado.general:Connect error on fd 4016: WSAECONNREFUSED
WARNING:tornado.general:Connect error on fd 3224: WSAECONNREFUSED
WARNING:tornado.general:Connect error on fd 3704: WSAECONNREFUSED
WARNING:tornado.general:Connect error on fd 1528: WSAECONNREFUSED
WARNING:tornado.general:Connect error on fd 3492: WSAECONNREFUSED
WARNING:tornado.general:Connect error on fd 1916: WSAECONNREFUSED
WARNING:tornado.general:Connect error on fd 2300: WSAECONNREFUSED
WARNING:tornado.general:Connect error on fd 4276: WSAECONNREFUSED
WARNING:tornado.general:Connect error on fd 2628: WSAECONNREFUSED
WARNING:tornado.general:Connect error on fd 3292: WSAECONNREFUSED
WARNING:tornado.general:Connect error on fd 3972: WSAECONNREFUSED
WARNING:tornado.general:Connect error on fd 2176: WSAECONNREFUSED
WARNING:tornado.general:Connect error on fd 3188: WSAECONNREFUSED
WARNING:tornado.general:Connect error on fd 3632: WSAECONNREFUSED
WARNING:tornado.general:Connect error on fd 3988: WSAECONNREFUSED
WARNING:tornado.general:Connect error on fd 2132: WSAECONNREFUSED
WARNING:tornado.general:Connect error on fd 3400: WSAECONNREFUSED
WARNING:tornado.general:Connect error on fd 1860: WSAECONNREFUSED
WARNING:tornado.general:Connect error on fd 3860: WSAECONNREFUSED
WARNING:tornado.general:Connect error on fd 1844: WSAECONNREFUSED
WARNING:tornado.general:Connect error on fd 2228: WSAECONNREFUSED
WARNING:tornado.general:Connect error on fd 1856: WSAECONNREFUSED
WARNING:tornado.general:Connect error on fd 4140: WSAECONNREFUSED
WARNING:tornado.general:Connect error on fd 2568: WSAECONNREFUSED
WARNING:tornado.general:Connect error on fd 1772: WSAECONNREFUSED
WARNING:tornado.general:Connect error on fd 2556: WSAECONNREFUSED
WARNING:tornado.general:Connect error on fd 3388: WSAECONNREFUSED
WARNING:tornado.general:Connect error on fd 3828: WSAECONNREFUSED
WARNING:tornado.general:Connect error on fd 3916: WSAECONNREFUSED
WARNING:tornado.general:Connect error on fd 2976: WSAECONNREFUSED
WARNING:tornado.general:Connect error on fd 4272: WSAECONNREFUSED
WARNING:tornado.general:Connect error on fd 3820: WSAECONNREFUSED
WARNING:tornado.general:Connect error on fd 2532: WSAECONNREFUSED
WARNING:tornado.general:Connect error on fd 3676: WSAECONNREFUSED
WARNING:tornado.general:Connect error on fd 3676: WSAECONNREFUSED
WARNING:tornado.general:Connect error on fd 4296: WSAECONNREFUSED
WARNING:tornado.general:Connect error on fd 1916: WSAECONNREFUSED
WARNING:tornado.general:Connect error on fd 3060: WSAECONNREFUSED
WARNING:tornado.general:Connect error on fd 2712: WSAECONNREFUSED
WARNING:tornado.general:Connect error on fd 4276: WSAECONNREFUSED
WARNING:tornado.general:Connect error on fd 2956: WSAECONNREFUSED
WARNING:tornado.general:Connect error on fd 1892: WSAECONNREFUSED
WARNING:tornado.general:Connect error on fd 3432: WSAECONNREFUSED
WARNING:tornado.general:Connect error on fd 1856: WSAECONNREFUSED
WARNING:tornado.general:Connect error on fd 2560: WSAECONNREFUSED
WARNING:tornado.general:Connect error on fd 2764: WSAECONNREFUSED
WARNING:tornado.general:Connect error on fd 4288: WSAECONNREFUSED
WARNING:tornado.general:Connect error on fd 2104: WSAECONNREFUSED
WARNING:tornado.general:Connect error on fd 3900: WSAECONNREFUSED
WARNING:tornado.general:Connect error on fd 2488: WSAECONNREFUSED
WARNING:tornado.general:Connect error on fd 4016: WSAECONNREFUSED
WARNING:tornado.general:Connect error on fd 2488: WSAECONNREFUSED
WARNING:tornado.general:Connect error on fd 1644: WSAECONNREFUSED
WARNING:tornado.general:Connect error on fd 392: WSAECONNREFUSED
WARNING:tornado.general:Connect error on fd 2104: WSAECONNREFUSED
WARNING:tornado.general:Connect error on fd 4024: WSAECONNREFUSED
WARNING:tornado.general:Connect error on fd 4288: WSAECONNREFUSED
WARNING:tornado.general:Connect error on fd 2200: WSAECONNREFUSED
WARNING:tornado.general:Connect error on fd 2100: WSAECONNREFUSED
WARNING:tornado.general:Connect error on fd 2924: WSAECONNREFUSED
WARNING:tornado.general:Connect error on fd 2564: WSAECONNREFUSED
WARNING:tornado.general:Connect error on fd 4132: WSAECONNREFUSED
WARNING:tornado.general:Connect error on fd 3556: WSAECONNREFUSED
WARNING:tornado.general:Connect error on fd 3792: WSAECONNREFUSED
WARNING:tornado.general:Connect error on fd 3692: WSAECONNREFUSED
WARNING:tornado.general:Connect error on fd 3228: WSAECONNREFUSED
WARNING:tornado.general:Connect error on fd 3984: WSAECONNREFUSED
WARNING:tornado.general:Connect error on fd 3208: WSAECONNREFUSED
WARNING:tornado.general:Connect error on fd 3536: WSAECONNREFUSED
WARNING:tornado.general:Connect error on fd 2376: WSAECONNREFUSED
WARNING:tornado.general:Connect error on fd 1700: WSAECONNREFUSED
WARNING:tornado.general:Connect error on fd 3568: WSAECONNREFUSED
WARNING:tornado.general:Connect error on fd 2080: WSAECONNREFUSED
WARNING:tornado.general:Connect error on fd 2676: WSAECONNREFUSED
WARNING:tornado.general:Connect error on fd 2292: WSAECONNREFUSED
WARNING:tornado.general:Connect error on fd 3552: WSAECONNREFUSED
WARNING:tornado.general:Connect error on fd 3440: WSAECONNREFUSED
WARNING:tornado.general:Connect error on fd 3660: WSAECONNREFUSED
WARNING:tornado.general:Connect error on fd 2688: WSAECONNREFUSED
WARNING:tornado.general:Connect error on fd 4148: WSAECONNREFUSED
WARNING:tornado.general:Connect error on fd 3816: WSAECONNREFUSED
WARNING:tornado.general:Connect error on fd 3132: WSAECONNREFUSED
WARNING:tornado.general:Connect error on fd 3992: WSAECONNREFUSED
WARNING:tornado.general:Connect error on fd 2148: WSAECONNREFUSED
WARNING:tornado.general:Connect error on fd 4284: WSAECONNREFUSED
WARNING:tornado.general:Connect error on fd 1784: WSAECONNREFUSED
WARNING:tornado.general:Connect error on fd 2212: WSAECONNREFUSED
WARNING:tornado.general:Connect error on fd 3508: WSAECONNREFUSED
WARNING:tornado.general:Connect error on fd 3900: WSAECONNREFUSED
WARNING:tornado.general:Connect error on fd 2308: WSAECONNREFUSED
WARNING:tornado.general:Connect error on fd 2652: WSAECONNREFUSED
WARNING:tornado.general:Connect error on fd 2444: WSAECONNREFUSED
WARNING:tornado.general:Connect error on fd 1676: WSAECONNREFUSED
WARNING:tornado.general:Connect error on fd 2200: WSAECONNREFUSED
WARNING:tornado.general:Connect error on fd 1880: WSAECONNREFUSED
WARNING:tornado.general:Connect error on fd 3056: WSAECONNREFUSED
WARNING:tornado.general:Connect error on fd 392: WSAECONNREFUSED
WARNING:tornado.general:Connect error on fd 3184: WSAECONNREFUSED
WARNING:tornado.general:Connect error on fd 2400: WSAECONNREFUSED
WARNING:tornado.general:Connect error on fd 4244: WSAECONNREFUSED
WARNING:tornado.general:Connect error on fd 2504: WSAECONNREFUSED
WARNING:tornado.general:Connect error on fd 3204: WSAECONNREFUSED
WARNING:tornado.general:Connect error on fd 3732: WSAECONNREFUSED
WARNING:tornado.general:Connect error on fd 1784: WSAECONNREFUSED
WARNING:tornado.general:Connect error on fd 1324: WSAECONNREFUSED
WARNING:tornado.general:Connect error on fd 2616: WSAECONNREFUSED
WARNING:tornado.general:Connect error on fd 2616: WSAECONNREFUSED
WARNING:tornado.general:Connect error on fd 3392: WSAECONNREFUSED
WARNING:tornado.general:Connect error on fd 1644: WSAECONNREFUSED
WARNING:tornado.general:Connect error on fd 3912: WSAECONNREFUSED
WARNING:tornado.general:Connect error on fd 3252: WSAECONNREFUSED
WARNING:tornado.general:Connect error on fd 2444: WSAECONNREFUSED
WARNING:tornado.general:Connect error on fd 2136: WSAECONNREFUSED
WARNING:tornado.general:Connect error on fd 3808: WSAECONNREFUSED
WARNING:tornado.general:Connect error on fd 4160: WSAECONNREFUSED
WARNING:tornado.general:Connect error on fd 4024: WSAECONNREFUSED
WARNING:tornado.general:Connect error on fd 3972: WSAECONNREFUSED
WARNING:tornado.general:Connect error on fd 1824: WSAECONNREFUSED
WARNING:tornado.general:Connect error on fd 3204: WSAECONNREFUSED
WARNING:tornado.general:Connect error on fd 2292: WSAECONNREFUSED
WARNING:tornado.general:Connect error on fd 3188: WSAECONNREFUSED
WARNING:tornado.general:Connect error on fd 3608: WSAECONNREFUSED
WARNING:tornado.general:Connect error on fd 3732: WSAECONNREFUSED
WARNING:tornado.general:Connect error on fd 3732: WSAECONNREFUSED
WARNING:tornado.general:Connect error on fd 2152: WSAECONNREFUSED
WARNING:tornado.general:Connect error on fd 3808: WSAECONNREFUSED
WARNING:tornado.general:Connect error on fd 3060: WSAECONNREFUSED
WARNING:tornado.general:Connect error on fd 4160: WSAECONNREFUSED
WARNING:tornado.general:Connect error on fd 2692: WSAECONNREFUSED
WARNING:tornado.general:Connect error on fd 3508: WSAECONNREFUSED
WARNING:tornado.general:Connect error on fd 2916: WSAECONNREFUSED
WARNING:tornado.general:Connect error on fd 3060: WSAECONNREFUSED
WARNING:tornado.general:Connect error on fd 3132: WSAECONNREFUSED
WARNING:tornado.general:Connect error on fd 1676: WSAECONNREFUSED
WARNING:tornado.general:Connect error on fd 3632: WSAECONNREFUSED
WARNING:tornado.general:Connect error on fd 1880: WSAECONNREFUSED
WARNING:tornado.general:Connect error on fd 3816: WSAECONNREFUSED
WARNING:tornado.general:Connect error on fd 2512: WSAECONNREFUSED
WARNING:tornado.general:Connect error on fd 1836: WSAECONNREFUSED
WARNING:tornado.general:Connect error on fd 2136: WSAECONNREFUSED
WARNING:tornado.general:Connect error on fd 3828: WSAECONNREFUSED
WARNING:tornado.general:Connect error on fd 3820: WSAECONNREFUSED
WARNING:tornado.general:Connect error on fd 2988: WSAECONNREFUSED
WARNING:tornado.general:Connect error on fd 4184: WSAECONNREFUSED
WARNING:tornado.general:Connect error on fd 2588: WSAECONNREFUSED
WARNING:tornado.general:Connect error on fd 3052: WSAECONNREFUSED
WARNING:tornado.general:Connect error on fd 2460: WSAECONNREFUSED
WARNING:tornado.general:Connect error on fd 3252: WSAECONNREFUSED
WARNING:tornado.general:Connect error on fd 2288: WSAECONNREFUSED
WARNING:tornado.general:Connect error on fd 2344: WSAECONNREFUSED
WARNING:tornado.general:Connect error on fd 3960: WSAECONNREFUSED
WARNING:tornado.general:Connect error on fd 2848: WSAECONNREFUSED
WARNING:tornado.general:Connect error on fd 4112: WSAECONNREFUSED
WARNING:tornado.general:Connect error on fd 3668: WSAECONNREFUSED
WARNING:tornado.general:Connect error on fd 1904: WSAECONNREFUSED
WARNING:tornado.general:Connect error on fd 2768: WSAECONNREFUSED
WARNING:tornado.general:Connect error on fd 2900: WSAECONNREFUSED
WARNING:tornado.general:Connect error on fd 3060: WSAECONNREFUSED
WARNING:tornado.general:Connect error on fd 3368: WSAECONNREFUSED
WARNING:tornado.general:Connect error on fd 3912: WSAECONNREFUSED
WARNING:tornado.general:Connect error on fd 1892: WSAECONNREFUSED
WARNING:tornado.general:Connect error on fd 1880: WSAECONNREFUSED
WARNING:tornado.general:Connect error on fd 4140: WSAECONNREFUSED
WARNING:tornado.general:Connect error on fd 3188: WSAECONNREFUSED
WARNING:tornado.general:Connect error on fd 2740: WSAECONNREFUSED
WARNING:tornado.general:Connect error on fd 2732: WSAECONNREFUSED
WARNING:tornado.general:Connect error on fd 2916: WSAECONNREFUSED
WARNING:tornado.general:Connect error on fd 2460: WSAECONNREFUSED
WARNING:tornado.general:Connect error on fd 3432: WSAECONNREFUSED
WARNING:tornado.general:Connect error on fd 4332: WSAECONNREFUSED
WARNING:tornado.general:Connect error on fd 2680: WSAECONNREFUSED
WARNING:tornado.general:Connect error on fd 1832: WSAECONNREFUSED
WARNING:tornado.general:Connect error on fd 3632: WSAECONNREFUSED
WARNING:tornado.general:Connect error on fd 3052: WSAECONNREFUSED
WARNING:tornado.general:Connect error on fd 4316: WSAECONNREFUSED
WARNING:tornado.general:Connect error on fd 2032: WSAECONNREFUSED
WARNING:tornado.general:Connect error on fd 3128: WSAECONNREFUSED
WARNING:tornado.general:Connect error on fd 3728: WSAECONNREFUSED
WARNING:tornado.general:Connect error on fd 3504: WSAECONNREFUSED
WARNING:tornado.general:Connect error on fd 4112: WSAECONNREFUSED
WARNING:tornado.general:Connect error on fd 3020: WSAECONNREFUSED
WARNING:tornado.general:Connect error on fd 2976: WSAECONNREFUSED
WARNING:tornado.general:Connect error on fd 1840: WSAECONNREFUSED
WARNING:tornado.general:Connect error on fd 2852: WSAECONNREFUSED
WARNING:tornado.general:Connect error on fd 3696: WSAECONNREFUSED
WARNING:tornado.general:Connect error on fd 2748: WSAECONNREFUSED
WARNING:tornado.general:Connect error on fd 2840: WSAECONNREFUSED
WARNING:tornado.general:Connect error on fd 2472: WSAECONNREFUSED
WARNING:tornado.general:Connect error on fd 3208: WSAECONNREFUSED
WARNING:tornado.general:Connect error on fd 3128: WSAECONNREFUSED
WARNING:tornado.general:Connect error on fd 3644: WSAECONNREFUSED
WARNING:tornado.general:Connect error on fd 4296: WSAECONNREFUSED
WARNING:tornado.general:Connect error on fd 3036: WSAECONNREFUSED
WARNING:tornado.general:Connect error on fd 2504: WSAECONNREFUSED
WARNING:tornado.general:Connect error on fd 4120: WSAECONNREFUSED
WARNING:tornado.general:Connect error on fd 2688: WSAECONNREFUSED
WARNING:tornado.general:Connect error on fd 2152: WSAECONNREFUSED
WARNING:tornado.general:Connect error on fd 2156: WSAECONNREFUSED
WARNING:tornado.general:Connect error on fd 1856: WSAECONNREFUSED
WARNING:tornado.general:Connect error on fd 3780: WSAECONNREFUSED
WARNING:tornado.general:Connect error on fd 3680: WSAECONNREFUSED
WARNING:tornado.general:Connect error on fd 3780: WSAECONNREFUSED
ERROR:tornado.application:Exception in callback <bound method Session.step_timeout of <msgpackrpc.client.Client object at 0x0000014E0008B790>>
Traceback (most recent call last):
  File "D:\workspace\airsim_llm_ground\.venv\lib\site-packages\tornado\ioloop.py", line 1026, in _run
    return self.callback()
  File "D:\workspace\airsim_llm_ground\.venv\lib\site-packages\msgpackrpc\session.py", line 114, in step_timeout
    self._loop.start()
  File "D:\workspace\airsim_llm_ground\.venv\lib\site-packages\msgpackrpc\loop.py", line 22, in start
    self._ioloop.start()
  File "D:\workspace\airsim_llm_ground\.venv\lib\site-packages\tornado\ioloop.py", line 755, in start
    raise RuntimeError("IOLoop is already running")
RuntimeError: IOLoop is already running
WARNING:tornado.general:Connect error on fd 2372: WSAECONNREFUSED
WARNING:tornado.general:Connect error on fd 2640: WSAECONNREFUSED
WARNING:tornado.general:Connect error on fd 4120: WSAECONNREFUSED
WARNING:tornado.general:Connect error on fd 4016: WSAECONNREFUSED
WARNING:tornado.general:Connect error on fd 3612: WSAECONNREFUSED
WARNING:tornado.general:Connect error on fd 1776: WSAECONNREFUSED
WARNING:tornado.general:Connect error on fd 2196: WSAECONNREFUSED
WARNING:tornado.general:Connect error on fd 1776: WSAECONNREFUSED
WARNING:tornado.general:Connect error on fd 4196: WSAECONNREFUSED
WARNING:tornado.general:Connect error on fd 3980: WSAECONNREFUSED
WARNING:tornado.general:Connect error on fd 3892: WSAECONNREFUSED
WARNING:tornado.general:Connect error on fd 2220: WSAECONNREFUSED
WARNING:tornado.general:Connect error on fd 3108: WSAECONNREFUSED
WARNING:tornado.general:Connect error on fd 4016: WSAECONNREFUSED
WARNING:tornado.general:Connect error on fd 3552: WSAECONNREFUSED
WARNING:tornado.general:Connect error on fd 3148: WSAECONNREFUSED
WARNING:tornado.general:Connect error on fd 3484: WSAECONNREFUSED
WARNING:tornado.general:Connect error on fd 2320: WSAECONNREFUSED
WARNING:tornado.general:Connect error on fd 4388: WSAECONNREFUSED
WARNING:tornado.general:Connect error on fd 3980: WSAECONNREFUSED
WARNING:tornado.general:Connect error on fd 2956: WSAECONNREFUSED
WARNING:tornado.general:Connect error on fd 1916: WSAECONNREFUSED
WARNING:tornado.general:Connect error on fd 3552: WSAECONNREFUSED
WARNING:tornado.general:Connect error on fd 4016: WSAECONNREFUSED
WARNING:tornado.general:Connect error on fd 2456: WSAECONNREFUSED
WARNING:tornado.general:Connect error on fd 3500: WSAECONNREFUSED
WARNING:tornado.general:Connect error on fd 4832: WSAECONNREFUSED
WARNING:tornado.general:Connect error on fd 4004: WSAECONNREFUSED
WARNING:tornado.general:Connect error on fd 1944: WSAECONNREFUSED
WARNING:tornado.general:Connect error on fd 4392: WSAECONNREFUSED
WARNING:tornado.general:Connect error on fd 1776: WSAECONNREFUSED
WARNING:tornado.general:Connect error on fd 1940: WSAECONNREFUSED
WARNING:tornado.general:Connect error on fd 4168: WSAECONNREFUSED
WARNING:tornado.general:Connect error on fd 3612: WSAECONNREFUSED
WARNING:tornado.general:Connect error on fd 2400: WSAECONNREFUSED
WARNING:tornado.general:Connect error on fd 4832: WSAECONNREFUSED
WARNING:tornado.general:Connect error on fd 3820: WSAECONNREFUSED
WARNING:tornado.general:Connect error on fd 2656: WSAECONNREFUSED
WARNING:tornado.general:Connect error on fd 4512: WSAECONNREFUSED
WARNING:tornado.general:Connect error on fd 2956: WSAECONNREFUSED
WARNING:tornado.general:Connect error on fd 2956: WSAECONNREFUSED
WARNING:tornado.general:Connect error on fd 1776: WSAECONNREFUSED
WARNING:tornado.general:Connect error on fd 3500: WSAECONNREFUSED
WARNING:tornado.general:Connect error on fd 4196: WSAECONNREFUSED
WARNING:tornado.general:Connect error on fd 2456: WSAECONNREFUSED
WARNING:tornado.general:Connect error on fd 3176: WSAECONNREFUSED
WARNING:tornado.general:Connect error on fd 1852: WSAECONNREFUSED
WARNING:tornado.general:Connect error on fd 2032: WSAECONNREFUSED
WARNING:tornado.general:Connect error on fd 4436: WSAECONNREFUSED
WARNING:tornado.general:Connect error on fd 2484: WSAECONNREFUSED
WARNING:tornado.general:Connect error on fd 3576: WSAECONNREFUSED
WARNING:tornado.general:Connect error on fd 3148: WSAECONNREFUSED
WARNING:tornado.general:Connect error on fd 3868: WSAECONNREFUSED
WARNING:tornado.general:Connect error on fd 4156: WSAECONNREFUSED
WARNING:tornado.general:Connect error on fd 4208: WSAECONNREFUSED
WARNING:tornado.general:Connect error on fd 4280: WSAECONNREFUSED
WARNING:tornado.general:Connect error on fd 3612: WSAECONNREFUSED
WARNING:tornado.general:Connect error on fd 3472: WSAECONNREFUSED
WARNING:tornado.general:Connect error on fd 4388: WSAECONNREFUSED
WARNING:tornado.general:Connect error on fd 2692: WSAECONNREFUSED
WARNING:tornado.general:Connect error on fd 3732: WSAECONNREFUSED
WARNING:tornado.general:Connect error on fd 3772: WSAECONNREFUSED
WARNING:tornado.general:Connect error on fd 4216: WSAECONNREFUSED
WARNING:tornado.general:Connect error on fd 3576: WSAECONNREFUSED
WARNING:tornado.general:Connect error on fd 2900: WSAECONNREFUSED
WARNING:tornado.general:Connect error on fd 1940: WSAECONNREFUSED
WARNING:tornado.general:Connect error on fd 4208: WSAECONNREFUSED
WARNING:tornado.general:Connect error on fd 4848: WSAECONNREFUSED
WARNING:tornado.general:Connect error on fd 4388: WSAECONNREFUSED
WARNING:tornado.general:Connect error on fd 2656: WSAECONNREFUSED
WARNING:tornado.general:Connect error on fd 4156: WSAECONNREFUSED
WARNING:tornado.general:Connect error on fd 4000: WSAECONNREFUSED
WARNING:tornado.general:Connect error on fd 3484: WSAECONNREFUSED
WARNING:tornado.general:Connect error on fd 3484: WSAECONNREFUSED
WARNING:tornado.general:Connect error on fd 4820: WSAECONNREFUSED
WARNING:tornado.general:Connect error on fd 4272: WSAECONNREFUSED
WARNING:tornado.general:Connect error on fd 3772: WSAECONNREFUSED
WARNING:tornado.general:Connect error on fd 4004: WSAECONNREFUSED
WARNING:tornado.general:Connect error on fd 4592: WSAECONNREFUSED
WARNING:tornado.general:Connect error on fd 2288: WSAECONNREFUSED
WARNING:tornado.general:Connect error on fd 4436: WSAECONNREFUSED
WARNING:tornado.general:Connect error on fd 1776: WSAECONNREFUSED
WARNING:tornado.general:Connect error on fd 3168: WSAECONNREFUSED
WARNING:tornado.general:Connect error on fd 2788: WSAECONNREFUSED
WARNING:tornado.general:Connect error on fd 4780: WSAECONNREFUSED
WARNING:tornado.general:Connect error on fd 4952: WSAECONNREFUSED
WARNING:tornado.general:Connect error on fd 4792: WSAECONNREFUSED
WARNING:tornado.general:Connect error on fd 4468: WSAECONNREFUSED
WARNING:tornado.general:Connect error on fd 4480: WSAECONNREFUSED
WARNING:tornado.general:Connect error on fd 4372: WSAECONNREFUSED
WARNING:tornado.general:Connect error on fd 4372: WSAECONNREFUSED
WARNING:tornado.general:Connect error on fd 2684: WSAECONNREFUSED
WARNING:tornado.general:Connect error on fd 3808: WSAECONNREFUSED
WARNING:tornado.general:Connect error on fd 4472: WSAECONNREFUSED
WARNING:tornado.general:Connect error on fd 1864: WSAECONNREFUSED
WARNING:tornado.general:Connect error on fd 4104: WSAECONNREFUSED
WARNING:tornado.general:Connect error on fd 2788: WSAECONNREFUSED
WARNING:tornado.general:Connect error on fd 4488: WSAECONNREFUSED
WARNING:tornado.general:Connect error on fd 3592: WSAECONNREFUSED
WARNING:tornado.general:Connect error on fd 4148: WSAECONNREFUSED
WARNING:tornado.general:Connect error on fd 1588: WSAECONNREFUSED
WARNING:tornado.general:Connect error on fd 4488: WSAECONNREFUSED
WARNING:tornado.general:Connect error on fd 1528: WSAECONNREFUSED
WARNING:tornado.general:Connect error on fd 3472: WSAECONNREFUSED
WARNING:tornado.general:Connect error on fd 2504: WSAECONNREFUSED
WARNING:tornado.general:Connect error on fd 1876: WSAECONNREFUSED
WARNING:tornado.general:Connect error on fd 3552: WSAECONNREFUSED
WARNING:tornado.general:Connect error on fd 3728: WSAECONNREFUSED
WARNING:tornado.general:Connect error on fd 4168: WSAECONNREFUSED
WARNING:tornado.general:Connect error on fd 4196: WSAECONNREFUSED
WARNING:tornado.general:Connect error on fd 1916: WSAECONNREFUSED
WARNING:tornado.general:Connect error on fd 3592: WSAECONNREFUSED
WARNING:tornado.general:Connect error on fd 4812: WSAECONNREFUSED
WARNING:tornado.general:Connect error on fd 4352: WSAECONNREFUSED
WARNING:tornado.general:Connect error on fd 4792: WSAECONNREFUSED
WARNING:tornado.general:Connect error on fd 1944: WSAECONNREFUSED
WARNING:tornado.general:Connect error on fd 3980: WSAECONNREFUSED
WARNING:tornado.general:Connect error on fd 3964: WSAECONNREFUSED
WARNING:tornado.general:Connect error on fd 1864: WSAECONNREFUSED
WARNING:tornado.general:Connect error on fd 4076: WSAECONNREFUSED
WARNING:tornado.general:Connect error on fd 3844: WSAECONNREFUSED
WARNING:tornado.general:Connect error on fd 2072: WSAECONNREFUSED
WARNING:tornado.general:Connect error on fd 4952: WSAECONNREFUSED
WARNING:tornado.general:Connect error on fd 4952: WSAECONNREFUSED
WARNING:tornado.general:Connect error on fd 3052: WSAECONNREFUSED
WARNING:tornado.general:Connect error on fd 2816: WSAECONNREFUSED
WARNING:tornado.general:Connect error on fd 3176: WSAECONNREFUSED
WARNING:tornado.general:Connect error on fd 4620: WSAECONNREFUSED
WARNING:tornado.general:Connect error on fd 3732: WSAECONNREFUSED
WARNING:tornado.general:Connect error on fd 3440: WSAECONNREFUSED
WARNING:tornado.general:Connect error on fd 2112: WSAECONNREFUSED
WARNING:tornado.general:Connect error on fd 2636: WSAECONNREFUSED
WARNING:tornado.general:Connect error on fd 4792: WSAECONNREFUSED
WARNING:tornado.general:Connect error on fd 1944: WSAECONNREFUSED
WARNING:tornado.general:Connect error on fd 3980: WSAECONNREFUSED
WARNING:tornado.general:Connect error on fd 3052: WSAECONNREFUSED
WARNING:tornado.general:Connect error on fd 3704: WSAECONNREFUSED
WARNING:tornado.general:Connect error on fd 3720: WSAECONNREFUSED
WARNING:tornado.general:Connect error on fd 4816: WSAECONNREFUSED
WARNING:tornado.general:Connect error on fd 3944: WSAECONNREFUSED
WARNING:tornado.general:Connect error on fd 3944: WSAECONNREFUSED
WARNING:tornado.general:Connect error on fd 3592: WSAECONNREFUSED
WARNING:tornado.general:Connect error on fd 2504: WSAECONNREFUSED
WARNING:tornado.general:Connect error on fd 4816: WSAECONNREFUSED
WARNING:tornado.general:Connect error on fd 3720: WSAECONNREFUSED
WARNING:tornado.general:Connect error on fd 2884: WSAECONNREFUSED
WARNING:tornado.general:Connect error on fd 3032: WSAECONNREFUSED
WARNING:tornado.general:Connect error on fd 4848: WSAECONNREFUSED
WARNING:tornado.general:Connect error on fd 4452: WSAECONNREFUSED
WARNING:tornado.general:Connect error on fd 3832: WSAECONNREFUSED
WARNING:tornado.general:Connect error on fd 4576: WSAECONNREFUSED
WARNING:tornado.general:Connect error on fd 2088: WSAECONNREFUSED
WARNING:tornado.general:Connect error on fd 3800: WSAECONNREFUSED
WARNING:tornado.general:Connect error on fd 4168: WSAECONNREFUSED
WARNING:tornado.general:Connect error on fd 2288: WSAECONNREFUSED
WARNING:tornado.general:Connect error on fd 4224: WSAECONNREFUSED
WARNING:tornado.general:Connect error on fd 3728: WSAECONNREFUSED
WARNING:tornado.general:Connect error on fd 4480: WSAECONNREFUSED
WARNING:tornado.general:Connect error on fd 3036: WSAECONNREFUSED
WARNING:tornado.general:Connect error on fd 4256: WSAECONNREFUSED
WARNING:tornado.general:Connect error on fd 4816: WSAECONNREFUSED
WARNING:tornado.general:Connect error on fd 1944: WSAECONNREFUSED
WARNING:tornado.general:Connect error on fd 4436: WSAECONNREFUSED
WARNING:tornado.general:Connect error on fd 1944: WSAECONNREFUSED
WARNING:tornado.general:Connect error on fd 2900: WSAECONNREFUSED
WARNING:tornado.general:Connect error on fd 4816: WSAECONNREFUSED
WARNING:tornado.general:Connect error on fd 2504: WSAECONNREFUSED
WARNING:tornado.general:Connect error on fd 3808: WSAECONNREFUSED
WARNING:tornado.general:Connect error on fd 3144: WSAECONNREFUSED
WARNING:tornado.general:Connect error on fd 4200: WSAECONNREFUSED
WARNING:tornado.general:Connect error on fd 3760: WSAECONNREFUSED
WARNING:tornado.general:Connect error on fd 2320: WSAECONNREFUSED
WARNING:tornado.general:Connect error on fd 2484: WSAECONNREFUSED
WARNING:tornado.general:Connect error on fd 2484: WSAECONNREFUSED
WARNING:tornado.general:Connect error on fd 1940: WSAECONNREFUSED
WARNING:tornado.general:Connect error on fd 3168: WSAECONNREFUSED
WARNING:tornado.general:Connect error on fd 4848: WSAECONNREFUSED
WARNING:tornado.general:Connect error on fd 4792: WSAECONNREFUSED
WARNING:tornado.general:Connect error on fd 3728: WSAECONNREFUSED
WARNING:tornado.general:Connect error on fd 4592: WSAECONNREFUSED
WARNING:tornado.general:Connect error on fd 4188: WSAECONNREFUSED
WARNING:tornado.general:Connect error on fd 4512: WSAECONNREFUSED
WARNING:tornado.general:Connect error on fd 4580: WSAECONNREFUSED
WARNING:tornado.general:Connect error on fd 4208: WSAECONNREFUSED
WARNING:tornado.general:Connect error on fd 3892: WSAECONNREFUSED
WARNING:tornado.general:Connect error on fd 2088: WSAECONNREFUSED
WARNING:tornado.general:Connect error on fd 4392: WSAECONNREFUSED
WARNING:tornado.general:Connect error on fd 4352: WSAECONNREFUSED
WARNING:tornado.general:Connect error on fd 3440: WSAECONNREFUSED
WARNING:tornado.general:Connect error on fd 3500: WSAECONNREFUSED
WARNING:tornado.general:Connect error on fd 3500: WSAECONNREFUSED
WARNING:tornado.general:Connect error on fd 3760: WSAECONNREFUSED
WARNING:tornado.general:Connect error on fd 1944: WSAECONNREFUSED
WARNING:tornado.general:Connect error on fd 2200: WSAECONNREFUSED
WARNING:tornado.general:Connect error on fd 4000: WSAECONNREFUSED
WARNING:tornado.general:Connect error on fd 2288: WSAECONNREFUSED
WARNING:tornado.general:Connect error on fd 3704: WSAECONNREFUSED
WARNING:tornado.general:Connect error on fd 1940: WSAECONNREFUSED
WARNING:tornado.general:Connect error on fd 2220: WSAECONNREFUSED
WARNING:tornado.general:Connect error on fd 4820: WSAECONNREFUSED
WARNING:tornado.general:Connect error on fd 4168: WSAECONNREFUSED
WARNING:tornado.general:Connect error on fd 3868: WSAECONNREFUSED
WARNING:tornado.general:Connect error on fd 3484: WSAECONNREFUSED
WARNING:tornado.general:Connect error on fd 1944: WSAECONNREFUSED
WARNING:tornado.general:Connect error on fd 1852: WSAECONNREFUSED
WARNING:tornado.general:Connect error on fd 2196: WSAECONNREFUSED
WARNING:tornado.general:Connect error on fd 4208: WSAECONNREFUSED
WARNING:tornado.general:Connect error on fd 2088: WSAECONNREFUSED
WARNING:tornado.general:Connect error on fd 4432: WSAECONNREFUSED
WARNING:tornado.general:Connect error on fd 3632: WSAECONNREFUSED
WARNING:tornado.general:Connect error on fd 3416: WSAECONNREFUSED
WARNING:tornado.general:Connect error on fd 1852: WSAECONNREFUSED
WARNING:tornado.general:Connect error on fd 2692: WSAECONNREFUSED
WARNING:tornado.general:Connect error on fd 3704: WSAECONNREFUSED
WARNING:tornado.general:Connect error on fd 1944: WSAECONNREFUSED
WARNING:tornado.general:Connect error on fd 1904: WSAECONNREFUSED
WARNING:tornado.general:Connect error on fd 3144: WSAECONNREFUSED
WARNING:tornado.general:Connect error on fd 3032: WSAECONNREFUSED
WARNING:tornado.general:Connect error on fd 3060: WSAECONNREFUSED
WARNING:tornado.general:Connect error on fd 2684: WSAECONNREFUSED
WARNING:tornado.general:Connect error on fd 3524: WSAECONNREFUSED
WARNING:tornado.general:Connect error on fd 3988: WSAECONNREFUSED
WARNING:tornado.general:Connect error on fd 1852: WSAECONNREFUSED
WARNING:tornado.general:Connect error on fd 1852: WSAECONNREFUSED
WARNING:tornado.general:Connect error on fd 3584: WSAECONNREFUSED
WARNING:tornado.general:Connect error on fd 2892: WSAECONNREFUSED
WARNING:tornado.general:Connect error on fd 4016: WSAECONNREFUSED
WARNING:tornado.general:Connect error on fd 348: WSAECONNREFUSED
WARNING:tornado.general:Connect error on fd 4432: WSAECONNREFUSED
WARNING:tornado.general:Connect error on fd 2088: WSAECONNREFUSED
WARNING:tornado.general:Connect error on fd 348: WSAECONNREFUSED
WARNING:tornado.general:Connect error on fd 2788: WSAECONNREFUSED
WARNING:tornado.general:Connect error on fd 3980: WSAECONNREFUSED
WARNING:tornado.general:Connect error on fd 4016: WSAECONNREFUSED
WARNING:tornado.general:Connect error on fd 2892: WSAECONNREFUSED
WARNING:tornado.general:Connect error on fd 4016: WSAECONNREFUSED
WARNING:tornado.general:Connect error on fd 4816: WSAECONNREFUSED
WARNING:tornado.general:Connect error on fd 3416: WSAECONNREFUSED
WARNING:tornado.general:Connect error on fd 3980: WSAECONNREFUSED
WARNING:tornado.general:Connect error on fd 3524: WSAECONNREFUSED
WARNING:tornado.general:Connect error on fd 3524: WSAECONNREFUSED
WARNING:tornado.general:Connect error on fd 4260: WSAECONNREFUSED
WARNING:tornado.general:Connect error on fd 3416: WSAECONNREFUSED
WARNING:tornado.general:Connect error on fd 3772: WSAECONNREFUSED
WARNING:tornado.general:Connect error on fd 3060: WSAECONNREFUSED
WARNING:tornado.general:Connect error on fd 4816: WSAECONNREFUSED
WARNING:tornado.general:Connect error on fd 2640: WSAECONNREFUSED
WARNING:tornado.general:Connect error on fd 3484: WSAECONNREFUSED
WARNING:tornado.general:Connect error on fd 4016: WSAECONNREFUSED
WARNING:tornado.general:Connect error on fd 4576: WSAECONNREFUSED
WARNING:tornado.general:Connect error on fd 4392: WSAECONNREFUSED
WARNING:tornado.general:Connect error on fd 4248: WSAECONNREFUSED
WARNING:tornado.general:Connect error on fd 4196: WSAECONNREFUSED
WARNING:tornado.general:Connect error on fd 2072: WSAECONNREFUSED
WARNING:tornado.general:Connect error on fd 1760: WSAECONNREFUSED
WARNING:tornado.general:Connect error on fd 3592: WSAECONNREFUSED
WARNING:tornado.general:Connect error on fd 2640: WSAECONNREFUSED
WARNING:tornado.general:Connect error on fd 2788: WSAECONNREFUSED
WARNING:tornado.general:Connect error on fd 2520: WSAECONNREFUSED
WARNING:tornado.general:Connect error on fd 3904: WSAECONNREFUSED
WARNING:tornado.general:Connect error on fd 4264: WSAECONNREFUSED
WARNING:tornado.general:Connect error on fd 2328: WSAECONNREFUSED
WARNING:tornado.general:Connect error on fd 1760: WSAECONNREFUSED
WARNING:tornado.general:Connect error on fd 4272: WSAECONNREFUSED
WARNING:tornado.general:Connect error on fd 2196: WSAECONNREFUSED
WARNING:tornado.general:Connect error on fd 3772: WSAECONNREFUSED
WARNING:tornado.general:Connect error on fd 3704: WSAECONNREFUSED
WARNING:tornado.general:Connect error on fd 4576: WSAECONNREFUSED
WARNING:tornado.general:Connect error on fd 3704: WSAECONNREFUSED
WARNING:tornado.general:Connect error on fd 3988: WSAECONNREFUSED
WARNING:tornado.general:Connect error on fd 4420: WSAECONNREFUSED
WARNING:tornado.general:Connect error on fd 4620: WSAECONNREFUSED
WARNING:tornado.general:Connect error on fd 232: WSAECONNREFUSED
WARNING:tornado.general:Connect error on fd 232: WSAECONNREFUSED
WARNING:tornado.general:Connect error on fd 4188: WSAECONNREFUSED
WARNING:tornado.general:Connect error on fd 4224: WSAECONNREFUSED
WARNING:tornado.general:Connect error on fd 2240: WSAECONNREFUSED
WARNING:tornado.general:Connect error on fd 3644: WSAECONNREFUSED
WARNING:tornado.general:Connect error on fd 2088: WSAECONNREFUSED
WARNING:tornado.general:Connect error on fd 4824: WSAECONNREFUSED
WARNING:tornado.general:Connect error on fd 2228: WSAECONNREFUSED
WARNING:tornado.general:Connect error on fd 3376: WSAECONNREFUSED
WARNING:tornado.general:Connect error on fd 2656: WSAECONNREFUSED
WARNING:tornado.general:Connect error on fd 4880: WSAECONNREFUSED
WARNING:tornado.general:Connect error on fd 4256: WSAECONNREFUSED
WARNING:tornado.general:Connect error on fd 2768: WSAECONNREFUSED
WARNING:tornado.general:Connect error on fd 3484: WSAECONNREFUSED
WARNING:tornado.general:Connect error on fd 3052: WSAECONNREFUSED
WARNING:tornado.general:Connect error on fd 3832: WSAECONNREFUSED
WARNING:tornado.general:Connect error on fd 4620: WSAECONNREFUSED
WARNING:tornado.general:Connect error on fd 4620: WSAECONNREFUSED
WARNING:tornado.general:Connect error on fd 3052: WSAECONNREFUSED
WARNING:tornado.general:Connect error on fd 3220: WSAECONNREFUSED
WARNING:tornado.general:Connect error on fd 2072: WSAECONNREFUSED
WARNING:tornado.general:Connect error on fd 4272: WSAECONNREFUSED
WARNING:tornado.general:Connect error on fd 2768: WSAECONNREFUSED
WARNING:tornado.general:Connect error on fd 3596: WSAECONNREFUSED
WARNING:tornado.general:Connect error on fd 4352: WSAECONNREFUSED
WARNING:tornado.general:Connect error on fd 4264: WSAECONNREFUSED
WARNING:tornado.general:Connect error on fd 2372: WSAECONNREFUSED
WARNING:tornado.general:Connect error on fd 4196: WSAECONNREFUSED
WARNING:tornado.general:Connect error on fd 1940: WSAECONNREFUSED
WARNING:tornado.general:Connect error on fd 1776: WSAECONNREFUSED
WARNING:tornado.general:Connect error on fd 4944: WSAECONNREFUSED
WARNING:tornado.general:Connect error on fd 3644: WSAECONNREFUSED
WARNING:tornado.general:Connect error on fd 3904: WSAECONNREFUSED
WARNING:tornado.general:Connect error on fd 2088: WSAECONNREFUSED
WARNING:tornado.general:Connect error on fd 3416: WSAECONNREFUSED
WARNING:tornado.general:Connect error on fd 2436: WSAECONNREFUSED
WARNING:tornado.general:Connect error on fd 2200: WSAECONNREFUSED
WARNING:tornado.general:Connect error on fd 5012: WSAECONNREFUSED
WARNING:tornado.general:Connect error on fd 2556: WSAECONNREFUSED
WARNING:tornado.general:Connect error on fd 4804: WSAECONNREFUSED
WARNING:tornado.general:Connect error on fd 5036: WSAECONNREFUSED
WARNING:tornado.general:Connect error on fd 4736: WSAECONNREFUSED
WARNING:tornado.general:Connect error on fd 5108: WSAECONNREFUSED
WARNING:tornado.general:Connect error on fd 1960: WSAECONNREFUSED
WARNING:tornado.general:Connect error on fd 4416: WSAECONNREFUSED
WARNING:tornado.general:Connect error on fd 3036: WSAECONNREFUSED
WARNING:tornado.general:Connect error on fd 1940: WSAECONNREFUSED
WARNING:tornado.general:Connect error on fd 3632: WSAECONNREFUSED
WARNING:tornado.general:Connect error on fd 4208: WSAECONNREFUSED
WARNING:tornado.general:Connect error on fd 1924: WSAECONNREFUSED
WARNING:tornado.general:Connect error on fd 1924: WSAECONNREFUSED
WARNING:tornado.general:Connect error on fd 4264: WSAECONNREFUSED
WARNING:tornado.general:Connect error on fd 4688: WSAECONNREFUSED
WARNING:tornado.general:Connect error on fd 3632: WSAECONNREFUSED
WARNING:tornado.general:Connect error on fd 1752: WSAECONNREFUSED
WARNING:tornado.general:Connect error on fd 5088: WSAECONNREFUSED
WARNING:tornado.general:Connect error on fd 4620: WSAECONNREFUSED
WARNING:tornado.general:Connect error on fd 4248: WSAECONNREFUSED
WARNING:tornado.general:Connect error on fd 2168: WSAECONNREFUSED
WARNING:tornado.general:Connect error on fd 3160: WSAECONNREFUSED
WARNING:tornado.general:Connect error on fd 4256: WSAECONNREFUSED
WARNING:tornado.general:Connect error on fd 1852: WSAECONNREFUSED
WARNING:tornado.general:Connect error on fd 3104: WSAECONNREFUSED
WARNING:tornado.general:Connect error on fd 3576: WSAECONNREFUSED
WARNING:tornado.general:Connect error on fd 348: WSAECONNREFUSED
WARNING:tornado.general:Connect error on fd 3896: WSAECONNREFUSED
WARNING:tornado.general:Connect error on fd 1944: WSAECONNREFUSED
WARNING:tornado.general:Connect error on fd 2816: WSAECONNREFUSED
WARNING:tornado.general:Connect error on fd 3632: WSAECONNREFUSED
WARNING:tornado.general:Connect error on fd 4688: WSAECONNREFUSED
WARNING:tornado.general:Connect error on fd 4840: WSAECONNREFUSED
WARNING:tornado.general:Connect error on fd 3036: WSAECONNREFUSED
WARNING:tornado.general:Connect error on fd 3524: WSAECONNREFUSED
WARNING:tornado.general:Connect error on fd 2168: WSAECONNREFUSED
WARNING:tornado.general:Connect error on fd 4248: WSAECONNREFUSED
WARNING:tornado.general:Connect error on fd 4620: WSAECONNREFUSED
WARNING:tornado.general:Connect error on fd 1752: WSAECONNREFUSED
WARNING:tornado.general:Connect error on fd 3032: WSAECONNREFUSED
WARNING:tornado.general:Connect error on fd 4272: WSAECONNREFUSED
WARNING:tornado.general:Connect error on fd 2812: WSAECONNREFUSED
WARNING:tornado.general:Connect error on fd 2112: WSAECONNREFUSED
WARNING:tornado.general:Connect error on fd 2752: WSAECONNREFUSED
WARNING:tornado.general:Connect error on fd 3596: WSAECONNREFUSED
WARNING:tornado.general:Connect error on fd 4788: WSAECONNREFUSED
WARNING:tornado.general:Connect error on fd 4972: WSAECONNREFUSED
WARNING:tornado.general:Connect error on fd 2640: WSAECONNREFUSED
WARNING:tornado.general:Connect error on fd 4504: WSAECONNREFUSED
WARNING:tornado.general:Connect error on fd 4688: WSAECONNREFUSED
WARNING:tornado.general:Connect error on fd 2764: WSAECONNREFUSED
WARNING:tornado.general:Connect error on fd 4816: WSAECONNREFUSED
WARNING:tornado.general:Connect error on fd 3220: WSAECONNREFUSED
WARNING:tornado.general:Connect error on fd 2416: WSAECONNREFUSED
WARNING:tornado.general:Connect error on fd 4188: WSAECONNREFUSED
WARNING:tornado.general:Connect error on fd 2072: WSAECONNREFUSED
WARNING:tornado.general:Connect error on fd 2808: WSAECONNREFUSED
WARNING:tornado.general:Connect error on fd 1944: WSAECONNREFUSED
WARNING:tornado.general:Connect error on fd 4964: WSAECONNREFUSED
WARNING:tornado.general:Connect error on fd 4796: WSAECONNREFUSED
WARNING:tornado.general:Connect error on fd 3100: WSAECONNREFUSED
WARNING:tornado.general:Connect error on fd 4132: WSAECONNREFUSED
WARNING:tornado.general:Connect error on fd 3144: WSAECONNREFUSED
WARNING:tornado.general:Connect error on fd 3756: WSAECONNREFUSED
WARNING:tornado.general:Connect error on fd 4504: WSAECONNREFUSED
WARNING:tornado.general:Connect error on fd 2556: WSAECONNREFUSED
WARNING:tornado.general:Connect error on fd 2764: WSAECONNREFUSED
WARNING:tornado.general:Connect error on fd 4404: WSAECONNREFUSED
WARNING:tornado.general:Connect error on fd 3188: WSAECONNREFUSED
WARNING:tornado.general:Connect error on fd 2148: WSAECONNREFUSED
WARNING:tornado.general:Connect error on fd 2692: WSAECONNREFUSED
WARNING:tornado.general:Connect error on fd 3976: WSAECONNREFUSED
WARNING:tornado.general:Connect error on fd 4696: WSAECONNREFUSED
WARNING:tornado.general:Connect error on fd 4000: WSAECONNREFUSED
WARNING:tornado.general:Connect error on fd 4796: WSAECONNREFUSED
WARNING:tornado.general:Connect error on fd 4560: WSAECONNREFUSED
WARNING:tornado.general:Connect error on fd 2276: WSAECONNREFUSED
WARNING:tornado.general:Connect error on fd 5020: WSAECONNREFUSED
WARNING:tornado.general:Connect error on fd 1776: WSAECONNREFUSED
WARNING:tornado.general:Connect error on fd 2656: WSAECONNREFUSED
WARNING:tornado.general:Connect error on fd 3720: WSAECONNREFUSED
WARNING:tornado.general:Connect error on fd 2148: WSAECONNREFUSED
WARNING:tornado.general:Connect error on fd 4516: WSAECONNREFUSED
WARNING:tornado.general:Connect error on fd 3632: WSAECONNREFUSED
WARNING:tornado.general:Connect error on fd 3632: WSAECONNREFUSED
WARNING:tornado.general:Connect error on fd 4392: WSAECONNREFUSED
WARNING:tornado.general:Connect error on fd 4788: WSAECONNREFUSED
WARNING:tornado.general:Connect error on fd 4524: WSAECONNREFUSED
WARNING:tornado.general:Connect error on fd 2196: WSAECONNREFUSED
WARNING:tornado.general:Connect error on fd 2072: WSAECONNREFUSED
WARNING:tornado.general:Connect error on fd 4892: WSAECONNREFUSED
WARNING:tornado.general:Connect error on fd 1904: WSAECONNREFUSED
WARNING:tornado.general:Connect error on fd 3032: WSAECONNREFUSED
WARNING:tornado.general:Connect error on fd 3524: WSAECONNREFUSED
WARNING:tornado.general:Connect error on fd 3896: WSAECONNREFUSED
WARNING:tornado.general:Connect error on fd 3896: WSAECONNREFUSED
WARNING:tornado.general:Connect error on fd 4292: WSAECONNREFUSED
WARNING:tornado.general:Connect error on fd 2216: WSAECONNREFUSED
WARNING:tornado.general:Connect error on fd 1944: WSAECONNREFUSED
WARNING:tornado.general:Connect error on fd 3524: WSAECONNREFUSED
WARNING:tornado.general:Connect error on fd 3032: WSAECONNREFUSED
WARNING:tornado.general:Connect error on fd 3032: WSAECONNREFUSED
WARNING:tornado.general:Connect error on fd 2196: WSAECONNREFUSED
WARNING:tornado.general:Connect error on fd 5080: WSAECONNREFUSED
WARNING:tornado.general:Connect error on fd 4188: WSAECONNREFUSED
WARNING:tornado.general:Connect error on fd 4432: WSAECONNREFUSED
WARNING:tornado.general:Connect error on fd 1904: WSAECONNREFUSED
WARNING:tornado.general:Connect error on fd 1852: WSAECONNREFUSED
WARNING:tornado.general:Connect error on fd 4916: WSAECONNREFUSED
WARNING:tornado.general:Connect error on fd 4820: WSAECONNREFUSED
WARNING:tornado.general:Connect error on fd 4892: WSAECONNREFUSED
WARNING:tornado.general:Connect error on fd 4796: WSAECONNREFUSED
WARNING:tornado.general:Connect error on fd 3116: WSAECONNREFUSED
WARNING:tornado.general:Connect error on fd 5088: WSAECONNREFUSED
WARNING:tornado.general:Connect error on fd 5008: WSAECONNREFUSED
WARNING:tornado.general:Connect error on fd 3584: WSAECONNREFUSED
WARNING:tornado.general:Connect error on fd 3440: WSAECONNREFUSED
WARNING:tornado.general:Connect error on fd 3484: WSAECONNREFUSED
WARNING:tornado.general:Connect error on fd 4932: WSAECONNREFUSED
WARNING:tornado.general:Connect error on fd 3436: WSAECONNREFUSED
WARNING:tornado.general:Connect error on fd 4272: WSAECONNREFUSED
WARNING:tornado.general:Connect error on fd 2804: WSAECONNREFUSED
WARNING:tornado.general:Connect error on fd 5044: WSAECONNREFUSED
WARNING:tornado.general:Connect error on fd 4576: WSAECONNREFUSED
WARNING:tornado.general:Connect error on fd 1944: WSAECONNREFUSED
WARNING:tornado.general:Connect error on fd 2520: WSAECONNREFUSED
WARNING:tornado.general:Connect error on fd 4820: WSAECONNREFUSED
WARNING:tornado.general:Connect error on fd 4916: WSAECONNREFUSED
WARNING:tornado.general:Connect error on fd 3848: WSAECONNREFUSED
WARNING:tornado.general:Connect error on fd 1752: WSAECONNREFUSED
WARNING:tornado.general:Connect error on fd 1852: WSAECONNREFUSED
WARNING:tornado.general:Connect error on fd 2340: WSAECONNREFUSED
WARNING:tornado.general:Connect error on fd 4796: WSAECONNREFUSED
WARNING:tornado.general:Connect error on fd 4788: WSAECONNREFUSED
WARNING:tornado.general:Connect error on fd 2176: WSAECONNREFUSED
WARNING:tornado.general:Connect error on fd 2804: WSAECONNREFUSED
WARNING:tornado.general:Connect error on fd 4008: WSAECONNREFUSED
WARNING:tornado.general:Connect error on fd 1868: WSAECONNREFUSED
WARNING:tornado.general:Connect error on fd 4524: WSAECONNREFUSED
WARNING:tornado.general:Connect error on fd 4224: WSAECONNREFUSED
WARNING:tornado.general:Connect error on fd 1924: WSAECONNREFUSED
WARNING:tornado.general:Connect error on fd 4840: WSAECONNREFUSED
WARNING:tornado.general:Connect error on fd 2292: WSAECONNREFUSED
WARNING:tornado.general:Connect error on fd 4428: WSAECONNREFUSED
WARNING:tornado.general:Connect error on fd 2288: WSAECONNREFUSED
WARNING:tornado.general:Connect error on fd 4684: WSAECONNREFUSED
WARNING:tornado.general:Connect error on fd 3240: WSAECONNREFUSED
WARNING:tornado.general:Connect error on fd 3060: WSAECONNREFUSED
WARNING:tornado.general:Connect error on fd 5044: WSAECONNREFUSED
WARNING:tornado.general:Connect error on fd 1868: WSAECONNREFUSED
WARNING:tornado.general:Connect error on fd 3584: WSAECONNREFUSED
WARNING:tornado.general:Connect error on fd 3584: WSAECONNREFUSED
WARNING:tornado.general:Connect error on fd 4144: WSAECONNREFUSED
WARNING:tornado.general:Connect error on fd 4860: WSAECONNREFUSED
WARNING:tornado.general:Connect error on fd 4820: WSAECONNREFUSED
WARNING:tornado.general:Connect error on fd 3484: WSAECONNREFUSED
WARNING:tornado.general:Connect error on fd 3400: WSAECONNREFUSED
WARNING:tornado.general:Connect error on fd 3856: WSAECONNREFUSED
WARNING:tornado.general:Connect error on fd 3748: WSAECONNREFUSED
WARNING:tornado.general:Connect error on fd 3500: WSAECONNREFUSED
WARNING:tornado.general:Connect error on fd 2148: WSAECONNREFUSED
WARNING:tornado.general:Connect error on fd 3720: WSAECONNREFUSED
WARNING:tornado.general:Connect error on fd 4992: WSAECONNREFUSED
WARNING:tornado.general:Connect error on fd 1868: WSAECONNREFUSED
WARNING:tornado.general:Connect error on fd 3756: WSAECONNREFUSED
WARNING:tornado.general:Connect error on fd 2200: WSAECONNREFUSED
WARNING:tornado.general:Connect error on fd 2656: WSAECONNREFUSED
WARNING:tornado.general:Connect error on fd 3500: WSAECONNREFUSED
WARNING:tornado.general:Connect error on fd 3820: WSAECONNREFUSED
WARNING:tornado.general:Connect error on fd 4892: WSAECONNREFUSED
WARNING:tornado.general:Connect error on fd 4380: WSAECONNREFUSED
WARNING:tornado.general:Connect error on fd 2876: WSAECONNREFUSED
WARNING:tornado.general:Connect error on fd 3856: WSAECONNREFUSED
WARNING:tornado.general:Connect error on fd 2272: WSAECONNREFUSED
WARNING:tornado.general:Connect error on fd 4220: WSAECONNREFUSED
WARNING:tornado.general:Connect error on fd 3948: WSAECONNREFUSED
WARNING:tornado.general:Connect error on fd 3980: WSAECONNREFUSED
WARNING:tornado.general:Connect error on fd 1904: WSAECONNREFUSED
WARNING:tornado.general:Connect error on fd 5092: WSAECONNREFUSED
WARNING:tornado.general:Connect error on fd 4264: WSAECONNREFUSED
WARNING:tornado.general:Connect error on fd 4172: WSAECONNREFUSED
WARNING:tornado.general:Connect error on fd 3800: WSAECONNREFUSED
WARNING:tornado.general:Connect error on fd 4880: WSAECONNREFUSED
WARNING:tornado.general:Connect error on fd 3576: WSAECONNREFUSED
WARNING:tornado.general:Connect error on fd 3576: WSAECONNREFUSED
WARNING:tornado.general:Connect error on fd 4492: WSAECONNREFUSED
WARNING:tornado.general:Connect error on fd 3032: WSAECONNREFUSED
WARNING:tornado.general:Connect error on fd 2112: WSAECONNREFUSED
WARNING:tornado.general:Connect error on fd 3160: WSAECONNREFUSED
WARNING:tornado.general:Connect error on fd 4628: WSAECONNREFUSED
WARNING:tornado.general:Connect error on fd 4748: WSAECONNREFUSED
WARNING:tornado.general:Connect error on fd 2248: WSAECONNREFUSED
WARNING:tornado.general:Connect error on fd 1656: WSAECONNREFUSED
WARNING:tornado.general:Connect error on fd 3896: WSAECONNREFUSED
WARNING:tornado.general:Connect error on fd 236: WSAECONNREFUSED
WARNING:tornado.general:Connect error on fd 4560: WSAECONNREFUSED
WARNING:tornado.general:Connect error on fd 2340: WSAECONNREFUSED
WARNING:tornado.general:Connect error on fd 3400: WSAECONNREFUSED
WARNING:tornado.general:Connect error on fd 4892: WSAECONNREFUSED
WARNING:tornado.general:Connect error on fd 1944: WSAECONNREFUSED
WARNING:tornado.general:Connect error on fd 4064: WSAECONNREFUSED
WARNING:tornado.general:Connect error on fd 4064: WSAECONNREFUSED
WARNING:tornado.general:Connect error on fd 4524: WSAECONNREFUSED
WARNING:tornado.general:Connect error on fd 2804: WSAECONNREFUSED
WARNING:tornado.general:Connect error on fd 4912: WSAECONNREFUSED
WARNING:tornado.general:Connect error on fd 2072: WSAECONNREFUSED
WARNING:tornado.general:Connect error on fd 3220: WSAECONNREFUSED
WARNING:tornado.general:Connect error on fd 4860: WSAECONNREFUSED
WARNING:tornado.general:Connect error on fd 3820: WSAECONNREFUSED
WARNING:tornado.general:Connect error on fd 1656: WSAECONNREFUSED
WARNING:tornado.general:Connect error on fd 2112: WSAECONNREFUSED
WARNING:tornado.general:Connect error on fd 1904: WSAECONNREFUSED
WARNING:tornado.general:Connect error on fd 4908: WSAECONNREFUSED
WARNING:tornado.general:Connect error on fd 4632: WSAECONNREFUSED
WARNING:tornado.general:Connect error on fd 236: WSAECONNREFUSED
WARNING:tornado.general:Connect error on fd 2508: WSAECONNREFUSED
WARNING:tornado.general:Connect error on fd 3400: WSAECONNREFUSED
WARNING:tornado.general:Connect error on fd 2816: WSAECONNREFUSED
WARNING:tornado.general:Connect error on fd 4728: WSAECONNREFUSED
WARNING:tornado.general:Connect error on fd 3856: WSAECONNREFUSED
WARNING:tornado.general:Connect error on fd 3564: WSAECONNREFUSED
WARNING:tornado.general:Connect error on fd 4392: WSAECONNREFUSED
WARNING:tornado.general:Connect error on fd 2940: WSAECONNREFUSED
WARNING:tornado.general:Connect error on fd 4556: WSAECONNREFUSED
WARNING:tornado.general:Connect error on fd 5028: WSAECONNREFUSED
WARNING:tornado.general:Connect error on fd 236: WSAECONNREFUSED
WARNING:tornado.general:Connect error on fd 348: WSAECONNREFUSED
WARNING:tornado.general:Connect error on fd 4788: WSAECONNREFUSED
WARNING:tornado.general:Connect error on fd 4684: WSAECONNREFUSED
WARNING:tornado.general:Connect error on fd 2164: WSAECONNREFUSED
WARNING:tornado.general:Connect error on fd 4168: WSAECONNREFUSED
WARNING:tornado.general:Connect error on fd 4972: WSAECONNREFUSED
WARNING:tornado.general:Connect error on fd 3368: WSAECONNREFUSED
WARNING:tornado.general:Connect error on fd 3116: WSAECONNREFUSED
WARNING:tornado.general:Connect error on fd 3116: WSAECONNREFUSED
WARNING:tornado.general:Connect error on fd 2812: WSAECONNREFUSED
WARNING:tornado.general:Connect error on fd 5048: WSAECONNREFUSED
WARNING:tornado.general:Connect error on fd 3376: WSAECONNREFUSED
WARNING:tornado.general:Connect error on fd 4292: WSAECONNREFUSED
WARNING:tornado.general:Connect error on fd 2240: WSAECONNREFUSED
WARNING:tornado.general:Connect error on fd 4292: WSAECONNREFUSED
WARNING:tornado.general:Connect error on fd 4272: WSAECONNREFUSED
WARNING:tornado.general:Connect error on fd 4260: WSAECONNREFUSED
WARNING:tornado.general:Connect error on fd 1868: WSAECONNREFUSED
WARNING:tornado.general:Connect error on fd 3416: WSAECONNREFUSED
WARNING:tornado.general:Connect error on fd 3536: WSAECONNREFUSED
WARNING:tornado.general:Connect error on fd 4404: WSAECONNREFUSED
WARNING:tornado.general:Connect error on fd 2680: WSAECONNREFUSED
WARNING:tornado.general:Connect error on fd 4880: WSAECONNREFUSED
WARNING:tornado.general:Connect error on fd 2520: WSAECONNREFUSED
WARNING:tornado.general:Connect error on fd 3376: WSAECONNREFUSED
WARNING:tornado.general:Connect error on fd 2520: WSAECONNREFUSED
WARNING:tornado.general:Connect error on fd 3856: WSAECONNREFUSED
WARNING:tornado.general:Connect error on fd 4492: WSAECONNREFUSED
WARNING:tornado.general:Connect error on fd 3484: WSAECONNREFUSED
WARNING:tornado.general:Connect error on fd 4972: WSAECONNREFUSED
WARNING:tornado.general:Connect error on fd 2200: WSAECONNREFUSED
WARNING:tornado.general:Connect error on fd 4084: WSAECONNREFUSED
WARNING:tornado.general:Connect error on fd 3060: WSAECONNREFUSED
WARNING:tornado.general:Connect error on fd 4056: WSAECONNREFUSED
WARNING:tornado.general:Connect error on fd 4076: WSAECONNREFUSED
WARNING:tornado.general:Connect error on fd 5028: WSAECONNREFUSED
WARNING:tornado.general:Connect error on fd 3740: WSAECONNREFUSED
WARNING:tornado.general:Connect error on fd 4696: WSAECONNREFUSED
WARNING:tornado.general:Connect error on fd 3564: WSAECONNREFUSED
WARNING:tornado.general:Connect error on fd 3484: WSAECONNREFUSED
WARNING:tornado.general:Connect error on fd 3104: WSAECONNREFUSED
WARNING:tornado.general:Connect error on fd 2752: WSAECONNREFUSED
WARNING:tornado.general:Connect error on fd 3116: WSAECONNREFUSED
WARNING:tornado.general:Connect error on fd 5080: WSAECONNREFUSED
WARNING:tornado.general:Connect error on fd 4632: WSAECONNREFUSED
WARNING:tornado.general:Connect error on fd 3352: WSAECONNREFUSED
WARNING:tornado.general:Connect error on fd 3064: WSAECONNREFUSED
WARNING:tornado.general:Connect error on fd 3144: WSAECONNREFUSED
WARNING:tornado.general:Connect error on fd 4868: WSAECONNREFUSED
WARNING:tornado.general:Connect error on fd 3580: WSAECONNREFUSED
WARNING:tornado.general:Connect error on fd 4392: WSAECONNREFUSED
WARNING:tornado.general:Connect error on fd 1804: WSAECONNREFUSED
WARNING:tornado.general:Connect error on fd 2328: WSAECONNREFUSED
WARNING:tornado.general:Connect error on fd 352: WSAECONNREFUSED
WARNING:tornado.general:Connect error on fd 4636: WSAECONNREFUSED
WARNING:tornado.general:Connect error on fd 3632: WSAECONNREFUSED
WARNING:tornado.general:Connect error on fd 2940: WSAECONNREFUSED
WARNING:tornado.general:Connect error on fd 4128: WSAECONNREFUSED
WARNING:tornado.general:Connect error on fd 348: WSAECONNREFUSED
WARNING:tornado.general:Connect error on fd 4720: WSAECONNREFUSED
WARNING:tornado.general:Connect error on fd 4392: WSAECONNREFUSED
WARNING:tornado.general:Connect error on fd 3060: WSAECONNREFUSED
WARNING:tornado.general:Connect error on fd 2176: WSAECONNREFUSED
WARNING:tornado.general:Connect error on fd 4192: WSAECONNREFUSED
WARNING:tornado.general:Connect error on fd 4972: WSAECONNREFUSED
WARNING:tornado.general:Connect error on fd 4272: WSAECONNREFUSED
WARNING:tornado.general:Connect error on fd 4380: WSAECONNREFUSED
WARNING:tornado.general:Connect error on fd 4820: WSAECONNREFUSED
WARNING:tornado.general:Connect error on fd 4600: WSAECONNREFUSED
WARNING:tornado.general:Connect error on fd 1804: WSAECONNREFUSED
WARNING:tornado.general:Connect error on fd 2656: WSAECONNREFUSED
WARNING:tornado.general:Connect error on fd 4168: WSAECONNREFUSED
WARNING:tornado.general:Connect error on fd 2648: WSAECONNREFUSED
WARNING:tornado.general:Connect error on fd 4992: WSAECONNREFUSED
WARNING:tornado.general:Connect error on fd 2628: WSAECONNREFUSED
WARNING:tornado.general:Connect error on fd 3052: WSAECONNREFUSED
WARNING:tornado.general:Connect error on fd 2496: WSAECONNREFUSED
WARNING:tornado.general:Connect error on fd 4600: WSAECONNREFUSED
WARNING:tornado.general:Connect error on fd 4820: WSAECONNREFUSED
WARNING:tornado.general:Connect error on fd 4380: WSAECONNREFUSED
WARNING:tornado.general:Connect error on fd 4380: WSAECONNREFUSED
WARNING:tornado.general:Connect error on fd 4272: WSAECONNREFUSED
WARNING:tornado.general:Connect error on fd 3792: WSAECONNREFUSED
WARNING:tornado.general:Connect error on fd 3644: WSAECONNREFUSED
WARNING:tornado.general:Connect error on fd 3416: WSAECONNREFUSED
WARNING:tornado.general:Connect error on fd 4804: WSAECONNREFUSED
WARNING:tornado.general:Connect error on fd 3580: WSAECONNREFUSED
WARNING:tornado.general:Connect error on fd 4520: WSAECONNREFUSED
WARNING:tornado.general:Connect error on fd 1888: WSAECONNREFUSED
WARNING:tornado.general:Connect error on fd 4660: WSAECONNREFUSED
WARNING:tornado.general:Connect error on fd 2436: WSAECONNREFUSED
WARNING:tornado.general:Connect error on fd 4968: WSAECONNREFUSED
WARNING:tornado.general:Connect error on fd 3620: WSAECONNREFUSED
WARNING:tornado.general:Connect error on fd 4420: WSAECONNREFUSED
WARNING:tornado.general:Connect error on fd 4776: WSAECONNREFUSED
WARNING:tornado.general:Connect error on fd 2272: WSAECONNREFUSED
WARNING:tornado.general:Connect error on fd 3904: WSAECONNREFUSED
WARNING:tornado.general:Connect error on fd 1928: WSAECONNREFUSED
WARNING:tornado.general:Connect error on fd 232: WSAECONNREFUSED
WARNING:tornado.general:Connect error on fd 1648: WSAECONNREFUSED
WARNING:tornado.general:Connect error on fd 1320: WSAECONNREFUSED
WARNING:tornado.general:Connect error on fd 2324: WSAECONNREFUSED
WARNING:tornado.general:Connect error on fd 2324: WSAECONNREFUSED
WARNING:tornado.general:Connect error on fd 4764: WSAECONNREFUSED
WARNING:tornado.general:Connect error on fd 3400: WSAECONNREFUSED
WARNING:tornado.general:Connect error on fd 2436: WSAECONNREFUSED
WARNING:tornado.general:Connect error on fd 4660: WSAECONNREFUSED
WARNING:tornado.general:Connect error on fd 4208: WSAECONNREFUSED
WARNING:tornado.general:Connect error on fd 2444: WSAECONNREFUSED
WARNING:tornado.general:Connect error on fd 4660: WSAECONNREFUSED
WARNING:tornado.general:Connect error on fd 4768: WSAECONNREFUSED
WARNING:tornado.general:Connect error on fd 4520: WSAECONNREFUSED
WARNING:tornado.general:Connect error on fd 1324: WSAECONNREFUSED
WARNING:tornado.general:Connect error on fd 3224: WSAECONNREFUSED
WARNING:tornado.general:Connect error on fd 2772: WSAECONNREFUSED
WARNING:tornado.general:Connect error on fd 2648: WSAECONNREFUSED
WARNING:tornado.general:Connect error on fd 1648: WSAECONNREFUSED
WARNING:tornado.general:Connect error on fd 4992: WSAECONNREFUSED
WARNING:tornado.general:Connect error on fd 5108: WSAECONNREFUSED
WARNING:tornado.general:Connect error on fd 4768: WSAECONNREFUSED
WARNING:tornado.general:Connect error on fd 3064: WSAECONNREFUSED
WARNING:tornado.general:Connect error on fd 2816: WSAECONNREFUSED
WARNING:tornado.general:Connect error on fd 3672: WSAECONNREFUSED
WARNING:tornado.general:Connect error on fd 3100: WSAECONNREFUSED
WARNING:tornado.general:Connect error on fd 4600: WSAECONNREFUSED
WARNING:tornado.general:Connect error on fd 2280: WSAECONNREFUSED
WARNING:tornado.general:Connect error on fd 2444: WSAECONNREFUSED
WARNING:tornado.general:Connect error on fd 2112: WSAECONNREFUSED
WARNING:tornado.general:Connect error on fd 4620: WSAECONNREFUSED
WARNING:tornado.general:Connect error on fd 2616: WSAECONNREFUSED
WARNING:tornado.general:Connect error on fd 1940: WSAECONNREFUSED
WARNING:tornado.general:Connect error on fd 4276: WSAECONNREFUSED
WARNING:tornado.general:Connect error on fd 4016: WSAECONNREFUSED
WARNING:tornado.general:Connect error on fd 4680: WSAECONNREFUSED
WARNING:tornado.general:Connect error on fd 4772: WSAECONNREFUSED
WARNING:tornado.general:Connect error on fd 4168: WSAECONNREFUSED
WARNING:tornado.general:Connect error on fd 2648: WSAECONNREFUSED
WARNING:tornado.general:Connect error on fd 3988: WSAECONNREFUSED
WARNING:tornado.general:Connect error on fd 4256: WSAECONNREFUSED
WARNING:tornado.general:Connect error on fd 4432: WSAECONNREFUSED
WARNING:tornado.general:Connect error on fd 3212: WSAECONNREFUSED
WARNING:tornado.general:Connect error on fd 1780: WSAECONNREFUSED
WARNING:tornado.general:Connect error on fd 1904: WSAECONNREFUSED
WARNING:tornado.general:Connect error on fd 2876: WSAECONNREFUSED
WARNING:tornado.general:Connect error on fd 5012: WSAECONNREFUSED
WARNING:tornado.general:Connect error on fd 2252: WSAECONNREFUSED
WARNING:tornado.general:Connect error on fd 5032: WSAECONNREFUSED
WARNING:tornado.general:Connect error on fd 2112: WSAECONNREFUSED
WARNING:tornado.general:Connect error on fd 2396: WSAECONNREFUSED
WARNING:tornado.general:Connect error on fd 2444: WSAECONNREFUSED
WARNING:tornado.general:Connect error on fd 1832: WSAECONNREFUSED
WARNING:tornado.general:Connect error on fd 3624: WSAECONNREFUSED
WARNING:tornado.general:Connect error on fd 3624: WSAECONNREFUSED
WARNING:tornado.general:Connect error on fd 4072: WSAECONNREFUSED
WARNING:tornado.general:Connect error on fd 4660: WSAECONNREFUSED
WARNING:tornado.general:Connect error on fd 4892: WSAECONNREFUSED
WARNING:tornado.general:Connect error on fd 3676: WSAECONNREFUSED
WARNING:tornado.general:Connect error on fd 1860: WSAECONNREFUSED
WARNING:tornado.general:Connect error on fd 4032: WSAECONNREFUSED
WARNING:tornado.general:Connect error on fd 3636: WSAECONNREFUSED
WARNING:tornado.general:Connect error on fd 3660: WSAECONNREFUSED
WARNING:tornado.general:Connect error on fd 4892: WSAECONNREFUSED
WARNING:tornado.general:Connect error on fd 1676: WSAECONNREFUSED
WARNING:tornado.general:Connect error on fd 4660: WSAECONNREFUSED
WARNING:tornado.general:Connect error on fd 3712: WSAECONNREFUSED
WARNING:tornado.general:Connect error on fd 3160: WSAECONNREFUSED
WARNING:tornado.general:Connect error on fd 4560: WSAECONNREFUSED
WARNING:tornado.general:Connect error on fd 4072: WSAECONNREFUSED
WARNING:tornado.general:Connect error on fd 3200: WSAECONNREFUSED
WARNING:tornado.general:Connect error on fd 3200: WSAECONNREFUSED
WARNING:tornado.general:Connect error on fd 3660: WSAECONNREFUSED
WARNING:tornado.general:Connect error on fd 4692: WSAECONNREFUSED
WARNING:tornado.general:Connect error on fd 3900: WSAECONNREFUSED
WARNING:tornado.general:Connect error on fd 1676: WSAECONNREFUSED
WARNING:tornado.general:Connect error on fd 4516: WSAECONNREFUSED
WARNING:tornado.general:Connect error on fd 1880: WSAECONNREFUSED
WARNING:tornado.general:Connect error on fd 4504: WSAECONNREFUSED
WARNING:tornado.general:Connect error on fd 2148: WSAECONNREFUSED
WARNING:tornado.general:Connect error on fd 3736: WSAECONNREFUSED
WARNING:tornado.general:Connect error on fd 3636: WSAECONNREFUSED
WARNING:tornado.general:Connect error on fd 3684: WSAECONNREFUSED
WARNING:tornado.general:Connect error on fd 2276: WSAECONNREFUSED
WARNING:tornado.general:Connect error on fd 4240: WSAECONNREFUSED
WARNING:tornado.general:Connect error on fd 3676: WSAECONNREFUSED
WARNING:tornado.general:Connect error on fd 1860: WSAECONNREFUSED
WARNING:tornado.general:Connect error on fd 3872: WSAECONNREFUSED
WARNING:tornado.general:Connect error on fd 4212: WSAECONNREFUSED
WARNING:tornado.general:Connect error on fd 3356: WSAECONNREFUSED
WARNING:tornado.general:Connect error on fd 4064: WSAECONNREFUSED
WARNING:tornado.general:Connect error on fd 3480: WSAECONNREFUSED
WARNING:tornado.general:Connect error on fd 1960: WSAECONNREFUSED
WARNING:tornado.general:Connect error on fd 2164: WSAECONNREFUSED
WARNING:tornado.general:Connect error on fd 1780: WSAECONNREFUSED
WARNING:tornado.general:Connect error on fd 2152: WSAECONNREFUSED
WARNING:tornado.general:Connect error on fd 4320: WSAECONNREFUSED
WARNING:tornado.general:Connect error on fd 2072: WSAECONNREFUSED
WARNING:tornado.general:Connect error on fd 1836: WSAECONNREFUSED
WARNING:tornado.general:Connect error on fd 4168: WSAECONNREFUSED
WARNING:tornado.general:Connect error on fd 3672: WSAECONNREFUSED
WARNING:tornado.general:Connect error on fd 4972: WSAECONNREFUSED
WARNING:tornado.general:Connect error on fd 2616: WSAECONNREFUSED
WARNING:tornado.general:Connect error on fd 1320: WSAECONNREFUSED
WARNING:tornado.general:Connect error on fd 1320: WSAECONNREFUSED
WARNING:tornado.general:Connect error on fd 2272: WSAECONNREFUSED
WARNING:tornado.general:Connect error on fd 3644: WSAECONNREFUSED
WARNING:tornado.general:Connect error on fd 4600: WSAECONNREFUSED
WARNING:tornado.general:Connect error on fd 2088: WSAECONNREFUSED
WARNING:tornado.general:Connect error on fd 2780: WSAECONNREFUSED
WARNING:tornado.general:Connect error on fd 2440: WSAECONNREFUSED
WARNING:tornado.general:Connect error on fd 4764: WSAECONNREFUSED
WARNING:tornado.general:Connect error on fd 3224: WSAECONNREFUSED
WARNING:tornado.general:Connect error on fd 2004: WSAECONNREFUSED
WARNING:tornado.general:Connect error on fd 4740: WSAECONNREFUSED
WARNING:tornado.general:Connect error on fd 2788: WSAECONNREFUSED
WARNING:tornado.general:Connect error on fd 4400: WSAECONNREFUSED
WARNING:tornado.general:Connect error on fd 2088: WSAECONNREFUSED
WARNING:tornado.general:Connect error on fd 2772: WSAECONNREFUSED
WARNING:tornado.general:Connect error on fd 4912: WSAECONNREFUSED
WARNING:tornado.general:Connect error on fd 4704: WSAECONNREFUSED
WARNING:tornado.general:Connect error on fd 4704: WSAECONNREFUSED
WARNING:tornado.general:Connect error on fd 4320: WSAECONNREFUSED
WARNING:tornado.general:Connect error on fd 5000: WSAECONNREFUSED
WARNING:tornado.general:Connect error on fd 1676: WSAECONNREFUSED
WARNING:tornado.general:Connect error on fd 2772: WSAECONNREFUSED
WARNING:tornado.general:Connect error on fd 2600: WSAECONNREFUSED
WARNING:tornado.general:Connect error on fd 4900: WSAECONNREFUSED
WARNING:tornado.general:Connect error on fd 2656: WSAECONNREFUSED
WARNING:tornado.general:Connect error on fd 2072: WSAECONNREFUSED
WARNING:tornado.general:Connect error on fd 1644: WSAECONNREFUSED
WARNING:tornado.general:Connect error on fd 4384: WSAECONNREFUSED
WARNING:tornado.general:Connect error on fd 4208: WSAECONNREFUSED
WARNING:tornado.general:Connect error on fd 3036: WSAECONNREFUSED
WARNING:tornado.general:Connect error on fd 2088: WSAECONNREFUSED
WARNING:tornado.general:Connect error on fd 3332: WSAECONNREFUSED
WARNING:tornado.general:Connect error on fd 4240: WSAECONNREFUSED
WARNING:tornado.general:Connect error on fd 4768: WSAECONNREFUSED
WARNING:tornado.general:Connect error on fd 3124: WSAECONNREFUSED
WARNING:tornado.general:Connect error on fd 4212: WSAECONNREFUSED
WARNING:tornado.general:Connect error on fd 4400: WSAECONNREFUSED
WARNING:tornado.general:Connect error on fd 4808: WSAECONNREFUSED
WARNING:tornado.general:Connect error on fd 2368: WSAECONNREFUSED
WARNING:tornado.general:Connect error on fd 1320: WSAECONNREFUSED
WARNING:tornado.general:Connect error on fd 1644: WSAECONNREFUSED
WARNING:tornado.general:Connect error on fd 3660: WSAECONNREFUSED
WARNING:tornado.general:Connect error on fd 2152: WSAECONNREFUSED
WARNING:tornado.general:Connect error on fd 2616: WSAECONNREFUSED
WARNING:tornado.general:Connect error on fd 2016: WSAECONNREFUSED
WARNING:tornado.general:Connect error on fd 2876: WSAECONNREFUSED
WARNING:tornado.general:Connect error on fd 4188: WSAECONNREFUSED
WARNING:tornado.general:Connect error on fd 4680: WSAECONNREFUSED
WARNING:tornado.general:Connect error on fd 1928: WSAECONNREFUSED
WARNING:tornado.general:Connect error on fd 3792: WSAECONNREFUSED
WARNING:tornado.general:Connect error on fd 3792: WSAECONNREFUSED
WARNING:tornado.general:Connect error on fd 1620: WSAECONNREFUSED
WARNING:tornado.general:Connect error on fd 2152: WSAECONNREFUSED
WARNING:tornado.general:Connect error on fd 2468: WSAECONNREFUSED
WARNING:tornado.general:Connect error on fd 1836: WSAECONNREFUSED
WARNING:tornado.general:Connect error on fd 3660: WSAECONNREFUSED
WARNING:tornado.general:Connect error on fd 2644: WSAECONNREFUSED
WARNING:tornado.general:Connect error on fd 3880: WSAECONNREFUSED
WARNING:tornado.general:Connect error on fd 3480: WSAECONNREFUSED
WARNING:tornado.general:Connect error on fd 5088: WSAECONNREFUSED
WARNING:tornado.general:Connect error on fd 3676: WSAECONNREFUSED
WARNING:tornado.general:Connect error on fd 4740: WSAECONNREFUSED
WARNING:tornado.general:Connect error on fd 2280: WSAECONNREFUSED
WARNING:tornado.general:Connect error on fd 3292: WSAECONNREFUSED
WARNING:tornado.general:Connect error on fd 2496: WSAECONNREFUSED
WARNING:tornado.general:Connect error on fd 5108: WSAECONNREFUSED
WARNING:tornado.general:Connect error on fd 4860: WSAECONNREFUSED
WARNING:tornado.general:Connect error on fd 4860: WSAECONNREFUSED
WARNING:tornado.general:Connect error on fd 3676: WSAECONNREFUSED
WARNING:tornado.general:Connect error on fd 3032: WSAECONNREFUSED
WARNING:tornado.general:Connect error on fd 5088: WSAECONNREFUSED
WARNING:tornado.general:Connect error on fd 4692: WSAECONNREFUSED
WARNING:tornado.general:Connect error on fd 2276: WSAECONNREFUSED
WARNING:tornado.general:Connect error on fd 2360: WSAECONNREFUSED
WARNING:tornado.general:Connect error on fd 3880: WSAECONNREFUSED
WARNING:tornado.general:Connect error on fd 2644: WSAECONNREFUSED
WARNING:tornado.general:Connect error on fd 3416: WSAECONNREFUSED
WARNING:tornado.general:Connect error on fd 2948: WSAECONNREFUSED
WARNING:tornado.general:Connect error on fd 2468: WSAECONNREFUSED
WARNING:tornado.general:Connect error on fd 4700: WSAECONNREFUSED
WARNING:tornado.general:Connect error on fd 2164: WSAECONNREFUSED
WARNING:tornado.general:Connect error on fd 1760: WSAECONNREFUSED
WARNING:tornado.general:Connect error on fd 3548: WSAECONNREFUSED
WARNING:tornado.general:Connect error on fd 3332: WSAECONNREFUSED
WARNING:tornado.general:Connect error on fd 3188: WSAECONNREFUSED
WARNING:tornado.general:Connect error on fd 2160: WSAECONNREFUSED
WARNING:tornado.general:Connect error on fd 1904: WSAECONNREFUSED
WARNING:tornado.general:Connect error on fd 4900: WSAECONNREFUSED
WARNING:tornado.general:Connect error on fd 2324: WSAECONNREFUSED
WARNING:tornado.general:Connect error on fd 4704: WSAECONNREFUSED
WARNING:tornado.general:Connect error on fd 4400: WSAECONNREFUSED
WARNING:tornado.general:Connect error on fd 2324: WSAECONNREFUSED
WARNING:tornado.general:Connect error on fd 4008: WSAECONNREFUSED
WARNING:tornado.general:Connect error on fd 3064: WSAECONNREFUSED
WARNING:tornado.general:Connect error on fd 4188: WSAECONNREFUSED
WARNING:tornado.general:Connect error on fd 4464: WSAECONNREFUSED
WARNING:tornado.general:Connect error on fd 4680: WSAECONNREFUSED
WARNING:tornado.general:Connect error on fd 2792: WSAECONNREFUSED
WARNING:tornado.general:Connect error on fd 1860: WSAECONNREFUSED
WARNING:tornado.general:Connect error on fd 1860: WSAECONNREFUSED
WARNING:tornado.general:Connect error on fd 1944: WSAECONNREFUSED
WARNING:tornado.general:Connect error on fd 3872: WSAECONNREFUSED
WARNING:tornado.general:Connect error on fd 4828: WSAECONNREFUSED
WARNING:tornado.general:Connect error on fd 1832: WSAECONNREFUSED
WARNING:tornado.general:Connect error on fd 3636: WSAECONNREFUSED
WARNING:tornado.general:Connect error on fd 3400: WSAECONNREFUSED
WARNING:tornado.general:Connect error on fd 4272: WSAECONNREFUSED
WARNING:tornado.general:Connect error on fd 2844: WSAECONNREFUSED
WARNING:tornado.general:Connect error on fd 3200: WSAECONNREFUSED
WARNING:tornado.general:Connect error on fd 2472: WSAECONNREFUSED
WARNING:tornado.general:Connect error on fd 4740: WSAECONNREFUSED
WARNING:tornado.general:Connect error on fd 1928: WSAECONNREFUSED
WARNING:tornado.general:Connect error on fd 2368: WSAECONNREFUSED
WARNING:tornado.general:Connect error on fd 4124: WSAECONNREFUSED
WARNING:tornado.general:Connect error on fd 3792: WSAECONNREFUSED
WARNING:tornado.general:Connect error on fd 4208: WSAECONNREFUSED
WARNING:tornado.general:Connect error on fd 4016: WSAECONNREFUSED
WARNING:tornado.general:Connect error on fd 4560: WSAECONNREFUSED
WARNING:tornado.general:Connect error on fd 1780: WSAECONNREFUSED
WARNING:tornado.general:Connect error on fd 2132: WSAECONNREFUSED
WARNING:tornado.general:Connect error on fd 2016: WSAECONNREFUSED
WARNING:tornado.general:Connect error on fd 4276: WSAECONNREFUSED
WARNING:tornado.general:Connect error on fd 4276: WSAECONNREFUSED
WARNING:tornado.general:Connect error on fd 4072: WSAECONNREFUSED
WARNING:tornado.general:Connect error on fd 2072: WSAECONNREFUSED
WARNING:tornado.general:Connect error on fd 1832: WSAECONNREFUSED
WARNING:tornado.general:Connect error on fd 4464: WSAECONNREFUSED
WARNING:tornado.general:Connect error on fd 2828: WSAECONNREFUSED
WARNING:tornado.general:Connect error on fd 4560: WSAECONNREFUSED
WARNING:tornado.general:Connect error on fd 4808: WSAECONNREFUSED
WARNING:tornado.general:Connect error on fd 2232: WSAECONNREFUSED
WARNING:tornado.general:Connect error on fd 4632: WSAECONNREFUSED
WARNING:tornado.general:Connect error on fd 3196: WSAECONNREFUSED
WARNING:tornado.general:Connect error on fd 3792: WSAECONNREFUSED
WARNING:tornado.general:Connect error on fd 3880: WSAECONNREFUSED
WARNING:tornado.general:Connect error on fd 2644: WSAECONNREFUSED
WARNING:tornado.general:Connect error on fd 2600: WSAECONNREFUSED
WARNING:tornado.general:Connect error on fd 5032: WSAECONNREFUSED
WARNING:tornado.general:Connect error on fd 4168: WSAECONNREFUSED
WARNING:tornado.general:Connect error on fd 4168: WSAECONNREFUSED
WARNING:tornado.general:Connect error on fd 4876: WSAECONNREFUSED
WARNING:tornado.general:Connect error on fd 3936: WSAECONNREFUSED
WARNING:tornado.general:Connect error on fd 1836: WSAECONNREFUSED
WARNING:tornado.general:Connect error on fd 2656: WSAECONNREFUSED
WARNING:tornado.general:Connect error on fd 4464: WSAECONNREFUSED
WARNING:tornado.general:Connect error on fd 3032: WSAECONNREFUSED
WARNING:tornado.general:Connect error on fd 2472: WSAECONNREFUSED
WARNING:tornado.general:Connect error on fd 3200: WSAECONNREFUSED
WARNING:tornado.general:Connect error on fd 3512: WSAECONNREFUSED
WARNING:tornado.general:Connect error on fd 4272: WSAECONNREFUSED
WARNING:tornado.general:Connect error on fd 2404: WSAECONNREFUSED
WARNING:tornado.general:Connect error on fd 2676: WSAECONNREFUSED
WARNING:tornado.general:Connect error on fd 4288: WSAECONNREFUSED
WARNING:tornado.general:Connect error on fd 2472: WSAECONNREFUSED
WARNING:tornado.general:Connect error on fd 3660: WSAECONNREFUSED
WARNING:tornado.general:Connect error on fd 3032: WSAECONNREFUSED
WARNING:tornado.general:Connect error on fd 3712: WSAECONNREFUSED
WARNING:tornado.general:Connect error on fd 1620: WSAECONNREFUSED
WARNING:tornado.general:Connect error on fd 3100: WSAECONNREFUSED
WARNING:tornado.general:Connect error on fd 2324: WSAECONNREFUSED
WARNING:tornado.general:Connect error on fd 4400: WSAECONNREFUSED
WARNING:tornado.general:Connect error on fd 4416: WSAECONNREFUSED
WARNING:tornado.general:Connect error on fd 5104: WSAECONNREFUSED
WARNING:tornado.general:Connect error on fd 1684: WSAECONNREFUSED
WARNING:tornado.general:Connect error on fd 1860: WSAECONNREFUSED
WARNING:tornado.general:Connect error on fd 4692: WSAECONNREFUSED
WARNING:tornado.general:Connect error on fd 3064: WSAECONNREFUSED
WARNING:tornado.general:Connect error on fd 2616: WSAECONNREFUSED
WARNING:tornado.general:Connect error on fd 4732: WSAECONNREFUSED
WARNING:tornado.general:Connect error on fd 4992: WSAECONNREFUSED
WARNING:tornado.general:Connect error on fd 4008: WSAECONNREFUSED
WARNING:tornado.general:Connect error on fd 3188: WSAECONNREFUSED
WARNING:tornado.general:Connect error on fd 3188: WSAECONNREFUSED
WARNING:tornado.general:Connect error on fd 3032: WSAECONNREFUSED
WARNING:tornado.general:Connect error on fd 3900: WSAECONNREFUSED
WARNING:tornado.general:Connect error on fd 3928: WSAECONNREFUSED
WARNING:tornado.general:Connect error on fd 4032: WSAECONNREFUSED
WARNING:tornado.general:Connect error on fd 4464: WSAECONNREFUSED
WARNING:tornado.general:Connect error on fd 2876: WSAECONNREFUSED
WARNING:tornado.general:Connect error on fd 4828: WSAECONNREFUSED
WARNING:tornado.general:Connect error on fd 4212: WSAECONNREFUSED
WARNING:tornado.general:Connect error on fd 3672: WSAECONNREFUSED
WARNING:tornado.general:Connect error on fd 3792: WSAECONNREFUSED
WARNING:tornado.general:Connect error on fd 1316: WSAECONNREFUSED
WARNING:tornado.general:Connect error on fd 3992: WSAECONNREFUSED
WARNING:tornado.general:Connect error on fd 1700: WSAECONNREFUSED
WARNING:tornado.general:Connect error on fd 4816: WSAECONNREFUSED
WARNING:tornado.general:Connect error on fd 4016: WSAECONNREFUSED
WARNING:tornado.general:Connect error on fd 3300: WSAECONNREFUSED
WARNING:tornado.general:Connect error on fd 3300: WSAECONNREFUSED
WARNING:tornado.general:Connect error on fd 3568: WSAECONNREFUSED
WARNING:tornado.general:Connect error on fd 4892: WSAECONNREFUSED
WARNING:tornado.general:Connect error on fd 3812: WSAECONNREFUSED
WARNING:tornado.general:Connect error on fd 2420: WSAECONNREFUSED
WARNING:tornado.general:Connect error on fd 4516: WSAECONNREFUSED
WARNING:tornado.general:Connect error on fd 4816: WSAECONNREFUSED
WARNING:tornado.general:Connect error on fd 1316: WSAECONNREFUSED
WARNING:tornado.general:Connect error on fd 4016: WSAECONNREFUSED
WARNING:tornado.general:Connect error on fd 1700: WSAECONNREFUSED
WARNING:tornado.general:Connect error on fd 2184: WSAECONNREFUSED
WARNING:tornado.general:Connect error on fd 4440: WSAECONNREFUSED
WARNING:tornado.general:Connect error on fd 3032: WSAECONNREFUSED
WARNING:tornado.general:Connect error on fd 4992: WSAECONNREFUSED
WARNING:tornado.general:Connect error on fd 4900: WSAECONNREFUSED
WARNING:tornado.general:Connect error on fd 1836: WSAECONNREFUSED
WARNING:tornado.general:Connect error on fd 2644: WSAECONNREFUSED
WARNING:tornado.general:Connect error on fd 3100: WSAECONNREFUSED
WARNING:tornado.general:Connect error on fd 1928: WSAECONNREFUSED
WARNING:tornado.general:Connect error on fd 4288: WSAECONNREFUSED
WARNING:tornado.general:Connect error on fd 2440: WSAECONNREFUSED
WARNING:tornado.general:Connect error on fd 2496: WSAECONNREFUSED
WARNING:tornado.general:Connect error on fd 2148: WSAECONNREFUSED
WARNING:tornado.general:Connect error on fd 4032: WSAECONNREFUSED
WARNING:tornado.general:Connect error on fd 1684: WSAECONNREFUSED
WARNING:tornado.general:Connect error on fd 2192: WSAECONNREFUSED
WARNING:tornado.general:Connect error on fd 4152: WSAECONNREFUSED
WARNING:tornado.general:Connect error on fd 4244: WSAECONNREFUSED
WARNING:tornado.general:Connect error on fd 4016: WSAECONNREFUSED
WARNING:tornado.general:Connect error on fd 2616: WSAECONNREFUSED
WARNING:tornado.general:Connect error on fd 4556: WSAECONNREFUSED
WARNING:tornado.general:Connect error on fd 3548: WSAECONNREFUSED
WARNING:tornado.general:Connect error on fd 3224: WSAECONNREFUSED
WARNING:tornado.general:Connect error on fd 2992: WSAECONNREFUSED
WARNING:tornado.general:Connect error on fd 4900: WSAECONNREFUSED
WARNING:tornado.general:Connect error on fd 2948: WSAECONNREFUSED
WARNING:tornado.general:Connect error on fd 3580: WSAECONNREFUSED
WARNING:tornado.general:Connect error on fd 1944: WSAECONNREFUSED
WARNING:tornado.general:Connect error on fd 3480: WSAECONNREFUSED
WARNING:tornado.general:Connect error on fd 1832: WSAECONNREFUSED
WARNING:tornado.general:Connect error on fd 3692: WSAECONNREFUSED
WARNING:tornado.general:Connect error on fd 3936: WSAECONNREFUSED
WARNING:tornado.general:Connect error on fd 1960: WSAECONNREFUSED
WARNING:tornado.general:Connect error on fd 4692: WSAECONNREFUSED
WARNING:tornado.general:Connect error on fd 3528: WSAECONNREFUSED
WARNING:tornado.general:Connect error on fd 4600: WSAECONNREFUSED
WARNING:tornado.general:Connect error on fd 3080: WSAECONNREFUSED
WARNING:tornado.general:Connect error on fd 4016: WSAECONNREFUSED
WARNING:tornado.general:Connect error on fd 3124: WSAECONNREFUSED
WARNING:tornado.general:Connect error on fd 3900: WSAECONNREFUSED
WARNING:tornado.general:Connect error on fd 3900: WSAECONNREFUSED
WARNING:tornado.general:Connect error on fd 4208: WSAECONNREFUSED
WARNING:tornado.general:Connect error on fd 2016: WSAECONNREFUSED
WARNING:tornado.general:Connect error on fd 2648: WSAECONNREFUSED
WARNING:tornado.general:Connect error on fd 3456: WSAECONNREFUSED
WARNING:tornado.general:Connect error on fd 3868: WSAECONNREFUSED
WARNING:tornado.general:Connect error on fd 3592: WSAECONNREFUSED
WARNING:tornado.general:Connect error on fd 2376: WSAECONNREFUSED
WARNING:tornado.general:Connect error on fd 2564: WSAECONNREFUSED
WARNING:tornado.general:Connect error on fd 3492: WSAECONNREFUSED
WARNING:tornado.general:Connect error on fd 4804: WSAECONNREFUSED
WARNING:tornado.general:Connect error on fd 2340: WSAECONNREFUSED
WARNING:tornado.general:Connect error on fd 5036: WSAECONNREFUSED
WARNING:tornado.general:Connect error on fd 236: WSAECONNREFUSED
WARNING:tornado.general:Connect error on fd 4360: WSAECONNREFUSED
WARNING:tornado.general:Connect error on fd 5008: WSAECONNREFUSED
WARNING:tornado.general:Connect error on fd 3204: WSAECONNREFUSED
WARNING:tornado.general:Connect error on fd 3060: WSAECONNREFUSED
WARNING:tornado.general:Connect error on fd 4636: WSAECONNREFUSED
WARNING:tornado.general:Connect error on fd 3420: WSAECONNREFUSED
WARNING:tornado.general:Connect error on fd 348: WSAECONNREFUSED
WARNING:tornado.general:Connect error on fd 4224: WSAECONNREFUSED
WARNING:tornado.general:Connect error on fd 360: WSAECONNREFUSED
WARNING:tornado.general:Connect error on fd 3456: WSAECONNREFUSED
WARNING:tornado.general:Connect error on fd 4276: WSAECONNREFUSED
WARNING:tornado.general:Connect error on fd 2248: WSAECONNREFUSED
WARNING:tornado.general:Connect error on fd 348: WSAECONNREFUSED
WARNING:tornado.general:Connect error on fd 3884: WSAECONNREFUSED
WARNING:tornado.general:Connect error on fd 4636: WSAECONNREFUSED
WARNING:tornado.general:Connect error on fd 2176: WSAECONNREFUSED
WARNING:tornado.general:Connect error on fd 2076: WSAECONNREFUSED
WARNING:tornado.general:Connect error on fd 3508: WSAECONNREFUSED
WARNING:tornado.general:Connect error on fd 2664: WSAECONNREFUSED
WARNING:tornado.general:Connect error on fd 2664: WSAECONNREFUSED
WARNING:tornado.general:Connect error on fd 4132: WSAECONNREFUSED
WARNING:tornado.general:Connect error on fd 3080: WSAECONNREFUSED
WARNING:tornado.general:Connect error on fd 3556: WSAECONNREFUSED
WARNING:tornado.general:Connect error on fd 3060: WSAECONNREFUSED
WARNING:tornado.general:Connect error on fd 4396: WSAECONNREFUSED
WARNING:tornado.general:Connect error on fd 2836: WSAECONNREFUSED
WARNING:tornado.general:Connect error on fd 2240: WSAECONNREFUSED
WARNING:tornado.general:Connect error on fd 2196: WSAECONNREFUSED
WARNING:tornado.general:Connect error on fd 4656: WSAECONNREFUSED
WARNING:tornado.general:Connect error on fd 4976: WSAECONNREFUSED
WARNING:tornado.general:Connect error on fd 3536: WSAECONNREFUSED
WARNING:tornado.general:Connect error on fd 4532: WSAECONNREFUSED
WARNING:tornado.general:Connect error on fd 3584: WSAECONNREFUSED
WARNING:tornado.general:Connect error on fd 3740: WSAECONNREFUSED
WARNING:tornado.general:Connect error on fd 1936: WSAECONNREFUSED
WARNING:tornado.general:Connect error on fd 3092: WSAECONNREFUSED
WARNING:tornado.general:Connect error on fd 3580: WSAECONNREFUSED
WARNING:tornado.general:Connect error on fd 4600: WSAECONNREFUSED
WARNING:tornado.general:Connect error on fd 5104: WSAECONNREFUSED
WARNING:tornado.general:Connect error on fd 2752: WSAECONNREFUSED
WARNING:tornado.general:Connect error on fd 3968: WSAECONNREFUSED
WARNING:tornado.general:Connect error on fd 1960: WSAECONNREFUSED
WARNING:tornado.general:Connect error on fd 2740: WSAECONNREFUSED
WARNING:tornado.general:Connect error on fd 3064: WSAECONNREFUSED
WARNING:tornado.general:Connect error on fd 4316: WSAECONNREFUSED
WARNING:tornado.general:Connect error on fd 4360: WSAECONNREFUSED
WARNING:tornado.general:Connect error on fd 3620: WSAECONNREFUSED
WARNING:tornado.general:Connect error on fd 4556: WSAECONNREFUSED
WARNING:tornado.general:Connect error on fd 2828: WSAECONNREFUSED
WARNING:tornado.general:Connect error on fd 3584: WSAECONNREFUSED
WARNING:tornado.general:Connect error on fd 4532: WSAECONNREFUSED
WARNING:tornado.general:Connect error on fd 3080: WSAECONNREFUSED
WARNING:tornado.general:Connect error on fd 4636: WSAECONNREFUSED
WARNING:tornado.general:Connect error on fd 2876: WSAECONNREFUSED
WARNING:tornado.general:Connect error on fd 1776: WSAECONNREFUSED
WARNING:tornado.general:Connect error on fd 3556: WSAECONNREFUSED
WARNING:tornado.general:Connect error on fd 5012: WSAECONNREFUSED
WARNING:tornado.general:Connect error on fd 2196: WSAECONNREFUSED
WARNING:tornado.general:Connect error on fd 2616: WSAECONNREFUSED
WARNING:tornado.general:Connect error on fd 4444: WSAECONNREFUSED
WARNING:tornado.general:Connect error on fd 4276: WSAECONNREFUSED
WARNING:tornado.general:Connect error on fd 5012: WSAECONNREFUSED
WARNING:tornado.general:Connect error on fd 3556: WSAECONNREFUSED
WARNING:tornado.general:Connect error on fd 2564: WSAECONNREFUSED
WARNING:tornado.general:Connect error on fd 1776: WSAECONNREFUSED
WARNING:tornado.general:Connect error on fd 4904: WSAECONNREFUSED
WARNING:tornado.general:Connect error on fd 2876: WSAECONNREFUSED
WARNING:tornado.general:Connect error on fd 3740: WSAECONNREFUSED
WARNING:tornado.general:Connect error on fd 4072: WSAECONNREFUSED
WARNING:tornado.general:Connect error on fd 4208: WSAECONNREFUSED
WARNING:tornado.general:Connect error on fd 2248: WSAECONNREFUSED
WARNING:tornado.general:Connect error on fd 2196: WSAECONNREFUSED
WARNING:tornado.general:Connect error on fd 4328: WSAECONNREFUSED
WARNING:tornado.general:Connect error on fd 2432: WSAECONNREFUSED
WARNING:tornado.general:Connect error on fd 4692: WSAECONNREFUSED
WARNING:tornado.general:Connect error on fd 5080: WSAECONNREFUSED
WARNING:tornado.general:Connect error on fd 4424: WSAECONNREFUSED
WARNING:tornado.general:Connect error on fd 352: WSAECONNREFUSED
WARNING:tornado.general:Connect error on fd 4052: WSAECONNREFUSED
WARNING:tornado.general:Connect error on fd 4320: WSAECONNREFUSED
WARNING:tornado.general:Connect error on fd 2740: WSAECONNREFUSED
WARNING:tornado.general:Connect error on fd 3548: WSAECONNREFUSED
WARNING:tornado.general:Connect error on fd 3692: WSAECONNREFUSED
WARNING:tornado.general:Connect error on fd 4424: WSAECONNREFUSED
WARNING:tornado.general:Connect error on fd 5080: WSAECONNREFUSED
WARNING:tornado.general:Connect error on fd 3824: WSAECONNREFUSED
WARNING:tornado.general:Connect error on fd 2948: WSAECONNREFUSED
WARNING:tornado.general:Connect error on fd 4316: WSAECONNREFUSED
WARNING:tornado.general:Connect error on fd 4656: WSAECONNREFUSED
WARNING:tornado.general:Connect error on fd 1780: WSAECONNREFUSED
WARNING:tornado.general:Connect error on fd 4972: WSAECONNREFUSED
WARNING:tornado.general:Connect error on fd 4972: WSAECONNREFUSED
WARNING:tornado.general:Connect error on fd 2948: WSAECONNREFUSED
WARNING:tornado.general:Connect error on fd 4120: WSAECONNREFUSED
WARNING:tornado.general:Connect error on fd 3508: WSAECONNREFUSED
WARNING:tornado.general:Connect error on fd 4076: WSAECONNREFUSED
WARNING:tornado.general:Connect error on fd 2016: WSAECONNREFUSED
WARNING:tornado.general:Connect error on fd 4684: WSAECONNREFUSED
WARNING:tornado.general:Connect error on fd 1776: WSAECONNREFUSED
WARNING:tornado.general:Connect error on fd 2628: WSAECONNREFUSED
WARNING:tornado.general:Connect error on fd 5028: WSAECONNREFUSED
WARNING:tornado.general:Connect error on fd 4676: WSAECONNREFUSED
WARNING:tornado.general:Connect error on fd 2268: WSAECONNREFUSED
WARNING:tornado.general:Connect error on fd 3636: WSAECONNREFUSED
WARNING:tornado.general:Connect error on fd 348: WSAECONNREFUSED
WARNING:tornado.general:Connect error on fd 4752: WSAECONNREFUSED
WARNING:tornado.general:Connect error on fd 3228: WSAECONNREFUSED
WARNING:tornado.general:Connect error on fd 1936: WSAECONNREFUSED
WARNING:tornado.general:Connect error on fd 3228: WSAECONNREFUSED
WARNING:tornado.general:Connect error on fd 3196: WSAECONNREFUSED
WARNING:tornado.general:Connect error on fd 3568: WSAECONNREFUSED
WARNING:tornado.general:Connect error on fd 3092: WSAECONNREFUSED
WARNING:tornado.general:Connect error on fd 3420: WSAECONNREFUSED
WARNING:tornado.general:Connect error on fd 3420: WSAECONNREFUSED
WARNING:tornado.general:Connect error on fd 2376: WSAECONNREFUSED
WARNING:tornado.general:Connect error on fd 5056: WSAECONNREFUSED
WARNING:tornado.general:Connect error on fd 4852: WSAECONNREFUSED
WARNING:tornado.general:Connect error on fd 2812: WSAECONNREFUSED
WARNING:tornado.general:Connect error on fd 1804: WSAECONNREFUSED
WARNING:tornado.general:Connect error on fd 4368: WSAECONNREFUSED
WARNING:tornado.general:Connect error on fd 2168: WSAECONNREFUSED
WARNING:tornado.general:Connect error on fd 2008: WSAECONNREFUSED
WARNING:tornado.general:Connect error on fd 1964: WSAECONNREFUSED
WARNING:tornado.general:Connect error on fd 4816: WSAECONNREFUSED
WARNING:tornado.general:Connect error on fd 4080: WSAECONNREFUSED
WARNING:tornado.general:Connect error on fd 3332: WSAECONNREFUSED
WARNING:tornado.general:Connect error on fd 4824: WSAECONNREFUSED
WARNING:tornado.general:Connect error on fd 3528: WSAECONNREFUSED
WARNING:tornado.general:Connect error on fd 2072: WSAECONNREFUSED
WARNING:tornado.general:Connect error on fd 4904: WSAECONNREFUSED
WARNING:tornado.general:Connect error on fd 4904: WSAECONNREFUSED
WARNING:tornado.general:Connect error on fd 4708: WSAECONNREFUSED
WARNING:tornado.general:Connect error on fd 4920: WSAECONNREFUSED
WARNING:tornado.general:Connect error on fd 4560: WSAECONNREFUSED
WARNING:tornado.general:Connect error on fd 4704: WSAECONNREFUSED
WARNING:tornado.general:Connect error on fd 360: WSAECONNREFUSED
WARNING:tornado.general:Connect error on fd 4192: WSAECONNREFUSED
WARNING:tornado.general:Connect error on fd 4520: WSAECONNREFUSED
WARNING:tornado.general:Connect error on fd 3320: WSAECONNREFUSED
WARNING:tornado.general:Connect error on fd 2212: WSAECONNREFUSED
WARNING:tornado.general:Connect error on fd 2368: WSAECONNREFUSED
WARNING:tornado.general:Connect error on fd 4776: WSAECONNREFUSED
WARNING:tornado.general:Connect error on fd 2628: WSAECONNREFUSED
WARNING:tornado.general:Connect error on fd 4168: WSAECONNREFUSED
WARNING:tornado.general:Connect error on fd 3976: WSAECONNREFUSED
WARNING:tornado.general:Connect error on fd 4732: WSAECONNREFUSED
WARNING:tornado.general:Connect error on fd 2416: WSAECONNREFUSED
WARNING:tornado.general:Connect error on fd 1684: WSAECONNREFUSED
WARNING:tornado.general:Connect error on fd 1768: WSAECONNREFUSED
WARNING:tornado.general:Connect error on fd 2792: WSAECONNREFUSED
WARNING:tornado.general:Connect error on fd 2436: WSAECONNREFUSED
WARNING:tornado.general:Connect error on fd 4768: WSAECONNREFUSED
WARNING:tornado.general:Connect error on fd 2376: WSAECONNREFUSED
WARNING:tornado.general:Connect error on fd 4868: WSAECONNREFUSED
WARNING:tornado.general:Connect error on fd 4320: WSAECONNREFUSED
WARNING:tornado.general:Connect error on fd 2828: WSAECONNREFUSED
WARNING:tornado.general:Connect error on fd 2628: WSAECONNREFUSED
WARNING:tornado.general:Connect error on fd 5028: WSAECONNREFUSED
WARNING:tornado.general:Connect error on fd 4676: WSAECONNREFUSED
WARNING:tornado.general:Connect error on fd 5000: WSAECONNREFUSED
WARNING:tornado.general:Connect error on fd 4396: WSAECONNREFUSED
WARNING:tornado.general:Connect error on fd 2664: WSAECONNREFUSED
WARNING:tornado.general:Connect error on fd 2692: WSAECONNREFUSED
WARNING:tornado.general:Connect error on fd 2692: WSAECONNREFUSED
WARNING:tornado.general:Connect error on fd 3332: WSAECONNREFUSED
WARNING:tornado.general:Connect error on fd 4168: WSAECONNREFUSED
WARNING:tornado.general:Connect error on fd 2828: WSAECONNREFUSED
WARNING:tornado.general:Connect error on fd 3216: WSAECONNREFUSED
WARNING:tornado.general:Connect error on fd 1996: WSAECONNREFUSED
WARNING:tornado.general:Connect error on fd 4920: WSAECONNREFUSED
WARNING:tornado.general:Connect error on fd 3524: WSAECONNREFUSED
WARNING:tornado.general:Connect error on fd 4824: WSAECONNREFUSED
WARNING:tornado.general:Connect error on fd 5028: WSAECONNREFUSED
WARNING:tornado.general:Connect error on fd 2664: WSAECONNREFUSED
WARNING:tornado.general:Connect error on fd 1676: WSAECONNREFUSED
WARNING:tornado.general:Connect error on fd 4868: WSAECONNREFUSED
WARNING:tornado.general:Connect error on fd 2876: WSAECONNREFUSED
WARNING:tornado.general:Connect error on fd 4396: WSAECONNREFUSED
WARNING:tornado.general:Connect error on fd 3528: WSAECONNREFUSED
WARNING:tornado.general:Connect error on fd 1316: WSAECONNREFUSED
WARNING:tornado.general:Connect error on fd 1316: WSAECONNREFUSED
WARNING:tornado.general:Connect error on fd 4892: WSAECONNREFUSED
WARNING:tornado.general:Connect error on fd 4288: WSAECONNREFUSED
WARNING:tornado.general:Connect error on fd 4316: WSAECONNREFUSED
WARNING:tornado.general:Connect error on fd 2828: WSAECONNREFUSED
WARNING:tornado.general:Connect error on fd 3792: WSAECONNREFUSED
WARNING:tornado.general:Connect error on fd 4708: WSAECONNREFUSED
WARNING:tornado.general:Connect error on fd 4320: WSAECONNREFUSED
WARNING:tornado.general:Connect error on fd 3584: WSAECONNREFUSED
WARNING:tornado.general:Connect error on fd 3240: WSAECONNREFUSED
WARNING:tornado.general:Connect error on fd 1320: WSAECONNREFUSED
WARNING:tornado.general:Connect error on fd 3848: WSAECONNREFUSED
WARNING:tornado.general:Connect error on fd 2520: WSAECONNREFUSED
WARNING:tornado.general:Connect error on fd 2268: WSAECONNREFUSED
WARNING:tornado.general:Connect error on fd 4972: WSAECONNREFUSED
WARNING:tornado.general:Connect error on fd 3092: WSAECONNREFUSED
WARNING:tornado.general:Connect error on fd 2692: WSAECONNREFUSED
WARNING:tornado.general:Connect error on fd 2016: WSAECONNREFUSED
WARNING:tornado.general:Connect error on fd 4320: WSAECONNREFUSED
WARNING:tornado.general:Connect error on fd 4404: WSAECONNREFUSED
WARNING:tornado.general:Connect error on fd 3368: WSAECONNREFUSED
WARNING:tornado.general:Connect error on fd 4052: WSAECONNREFUSED
WARNING:tornado.general:Connect error on fd 4728: WSAECONNREFUSED
WARNING:tornado.general:Connect error on fd 2676: WSAECONNREFUSED
WARNING:tornado.general:Connect error on fd 3280: WSAECONNREFUSED
WARNING:tornado.general:Connect error on fd 5012: WSAECONNREFUSED
WARNING:tornado.general:Connect error on fd 3216: WSAECONNREFUSED
WARNING:tornado.general:Connect error on fd 4464: WSAECONNREFUSED
WARNING:tornado.general:Connect error on fd 3088: WSAECONNREFUSED
WARNING:tornado.general:Connect error on fd 3368: WSAECONNREFUSED
WARNING:tornado.general:Connect error on fd 4404: WSAECONNREFUSED
WARNING:tornado.general:Connect error on fd 2740: WSAECONNREFUSED
WARNING:tornado.general:Connect error on fd 4352: WSAECONNREFUSED
WARNING:tornado.general:Connect error on fd 4352: WSAECONNREFUSED
WARNING:tornado.general:Connect error on fd 4764: WSAECONNREFUSED
WARNING:tornado.general:Connect error on fd 3456: WSAECONNREFUSED
WARNING:tornado.general:Connect error on fd 3672: WSAECONNREFUSED
WARNING:tornado.general:Connect error on fd 2432: WSAECONNREFUSED
WARNING:tornado.general:Connect error on fd 4404: WSAECONNREFUSED
WARNING:tornado.general:Connect error on fd 4600: WSAECONNREFUSED
WARNING:tornado.general:Connect error on fd 4208: WSAECONNREFUSED
WARNING:tornado.general:Connect error on fd 3896: WSAECONNREFUSED
WARNING:tornado.general:Connect error on fd 3928: WSAECONNREFUSED
WARNING:tornado.general:Connect error on fd 4648: WSAECONNREFUSED
WARNING:tornado.general:Connect error on fd 2792: WSAECONNREFUSED
WARNING:tornado.general:Connect error on fd 3088: WSAECONNREFUSED
WARNING:tornado.general:Connect error on fd 3292: WSAECONNREFUSED
WARNING:tornado.general:Connect error on fd 3756: WSAECONNREFUSED
WARNING:tornado.general:Connect error on fd 1648: WSAECONNREFUSED
WARNING:tornado.general:Connect error on fd 5012: WSAECONNREFUSED
WARNING:tornado.general:Connect error on fd 5012: WSAECONNREFUSED
WARNING:tornado.general:Connect error on fd 2328: WSAECONNREFUSED
WARNING:tornado.general:Connect error on fd 2704: WSAECONNREFUSED
WARNING:tornado.general:Connect error on fd 1944: WSAECONNREFUSED
WARNING:tornado.general:Connect error on fd 3368: WSAECONNREFUSED
WARNING:tornado.general:Connect error on fd 3060: WSAECONNREFUSED
WARNING:tornado.general:Connect error on fd 2616: WSAECONNREFUSED
WARNING:tornado.general:Connect error on fd 3320: WSAECONNREFUSED
WARNING:tornado.general:Connect error on fd 4208: WSAECONNREFUSED
WARNING:tornado.general:Connect error on fd 4312: WSAECONNREFUSED
WARNING:tornado.general:Connect error on fd 3064: WSAECONNREFUSED
WARNING:tornado.general:Connect error on fd 4392: WSAECONNREFUSED
WARNING:tornado.general:Connect error on fd 2440: WSAECONNREFUSED
WARNING:tornado.general:Connect error on fd 3636: WSAECONNREFUSED
WARNING:tornado.general:Connect error on fd 3080: WSAECONNREFUSED
WARNING:tornado.general:Connect error on fd 4292: WSAECONNREFUSED
WARNING:tornado.general:Connect error on fd 2324: WSAECONNREFUSED
WARNING:tornado.general:Connect error on fd 4556: WSAECONNREFUSED
WARNING:tornado.general:Connect error on fd 5044: WSAECONNREFUSED
WARNING:tornado.general:Connect error on fd 2176: WSAECONNREFUSED
WARNING:tornado.general:Connect error on fd 3956: WSAECONNREFUSED
WARNING:tornado.general:Connect error on fd 2416: WSAECONNREFUSED
WARNING:tornado.general:Connect error on fd 3936: WSAECONNREFUSED
WARNING:tornado.general:Connect error on fd 4776: WSAECONNREFUSED
WARNING:tornado.general:Connect error on fd 3564: WSAECONNREFUSED
WARNING:tornado.general:Connect error on fd 360: WSAECONNREFUSED
WARNING:tornado.general:Connect error on fd 5008: WSAECONNREFUSED
WARNING:tornado.general:Connect error on fd 4904: WSAECONNREFUSED
WARNING:tornado.general:Connect error on fd 3736: WSAECONNREFUSED
WARNING:tornado.general:Connect error on fd 4696: WSAECONNREFUSED
WARNING:tornado.general:Connect error on fd 3884: WSAECONNREFUSED
WARNING:tornado.general:Connect error on fd 2368: WSAECONNREFUSED
WARNING:tornado.general:Connect error on fd 3776: WSAECONNREFUSED
WARNING:tornado.general:Connect error on fd 3776: WSAECONNREFUSED
WARNING:tornado.general:Connect error on fd 2656: WSAECONNREFUSED
WARNING:tornado.general:Connect error on fd 2176: WSAECONNREFUSED
WARNING:tornado.general:Connect error on fd 2212: WSAECONNREFUSED
WARNING:tornado.general:Connect error on fd 2328: WSAECONNREFUSED
WARNING:tornado.general:Connect error on fd 2248: WSAECONNREFUSED
WARNING:tornado.general:Connect error on fd 1964: WSAECONNREFUSED
WARNING:tornado.general:Connect error on fd 4852: WSAECONNREFUSED
WARNING:tornado.general:Connect error on fd 4032: WSAECONNREFUSED
WARNING:tornado.general:Connect error on fd 3884: WSAECONNREFUSED
WARNING:tornado.general:Connect error on fd 4080: WSAECONNREFUSED
WARNING:tornado.general:Connect error on fd 4696: WSAECONNREFUSED
WARNING:tornado.general:Connect error on fd 2288: WSAECONNREFUSED
WARNING:tornado.general:Connect error on fd 4080: WSAECONNREFUSED
WARNING:tornado.general:Connect error on fd 3884: WSAECONNREFUSED
WARNING:tornado.general:Connect error on fd 4144: WSAECONNREFUSED
WARNING:tornado.general:Connect error on fd 4428: WSAECONNREFUSED
WARNING:tornado.general:Connect error on fd 4428: WSAECONNREFUSED
WARNING:tornado.general:Connect error on fd 3100: WSAECONNREFUSED
WARNING:tornado.general:Connect error on fd 4592: WSAECONNREFUSED
WARNING:tornado.general:Connect error on fd 3928: WSAECONNREFUSED
WARNING:tornado.general:Connect error on fd 2196: WSAECONNREFUSED
WARNING:tornado.general:Connect error on fd 3008: WSAECONNREFUSED
WARNING:tornado.general:Connect error on fd 3556: WSAECONNREFUSED
WARNING:tornado.general:Connect error on fd 3196: WSAECONNREFUSED
WARNING:tornado.general:Connect error on fd 1804: WSAECONNREFUSED
WARNING:tornado.general:Connect error on fd 3420: WSAECONNREFUSED
WARNING:tornado.general:Connect error on fd 1644: WSAECONNREFUSED
WARNING:tornado.general:Connect error on fd 3956: WSAECONNREFUSED
WARNING:tornado.general:Connect error on fd 2276: WSAECONNREFUSED
WARNING:tornado.general:Connect error on fd 2648: WSAECONNREFUSED
WARNING:tornado.general:Connect error on fd 2376: WSAECONNREFUSED
WARNING:tornado.general:Connect error on fd 3796: WSAECONNREFUSED
WARNING:tornado.general:Connect error on fd 2036: WSAECONNREFUSED
WARNING:tornado.general:Connect error on fd 2804: WSAECONNREFUSED
WARNING:tornado.general:Connect error on fd 1648: WSAECONNREFUSED
WARNING:tornado.general:Connect error on fd 2292: WSAECONNREFUSED
WARNING:tornado.general:Connect error on fd 3756: WSAECONNREFUSED
WARNING:tornado.general:Connect error on fd 3292: WSAECONNREFUSED
WARNING:tornado.general:Connect error on fd 3088: WSAECONNREFUSED
WARNING:tornado.general:Connect error on fd 3980: WSAECONNREFUSED
WARNING:tornado.general:Connect error on fd 2076: WSAECONNREFUSED
WARNING:tornado.general:Connect error on fd 3740: WSAECONNREFUSED
WARNING:tornado.general:Connect error on fd 4276: WSAECONNREFUSED
WARNING:tornado.general:Connect error on fd 4532: WSAECONNREFUSED
WARNING:tornado.general:Connect error on fd 4168: WSAECONNREFUSED
WARNING:tornado.general:Connect error on fd 4464: WSAECONNREFUSED
WARNING:tornado.general:Connect error on fd 4924: WSAECONNREFUSED
WARNING:tornado.general:Connect error on fd 3136: WSAECONNREFUSED
WARNING:tornado.general:Connect error on fd 2508: WSAECONNREFUSED
WARNING:tornado.general:Connect error on fd 1832: WSAECONNREFUSED
WARNING:tornado.general:Connect error on fd 3648: WSAECONNREFUSED
WARNING:tornado.general:Connect error on fd 3864: WSAECONNREFUSED
WARNING:tornado.general:Connect error on fd 5024: WSAECONNREFUSED
WARNING:tornado.general:Connect error on fd 4172: WSAECONNREFUSED
WARNING:tornado.general:Connect error on fd 4076: WSAECONNREFUSED
WARNING:tornado.general:Connect error on fd 4804: WSAECONNREFUSED
WARNING:tornado.general:Connect error on fd 4796: WSAECONNREFUSED
WARNING:tornado.general:Connect error on fd 4052: WSAECONNREFUSED
WARNING:tornado.general:Connect error on fd 5000: WSAECONNREFUSED
WARNING:tornado.general:Connect error on fd 4320: WSAECONNREFUSED
WARNING:tornado.general:Connect error on fd 4912: WSAECONNREFUSED
WARNING:tornado.general:Connect error on fd 360: WSAECONNREFUSED
WARNING:tornado.general:Connect error on fd 3332: WSAECONNREFUSED
WARNING:tornado.general:Connect error on fd 4296: WSAECONNREFUSED
WARNING:tornado.general:Connect error on fd 2004: WSAECONNREFUSED
WARNING:tornado.general:Connect error on fd 4692: WSAECONNREFUSED
WARNING:tornado.general:Connect error on fd 4976: WSAECONNREFUSED
WARNING:tornado.general:Connect error on fd 5000: WSAECONNREFUSED
WARNING:tornado.general:Connect error on fd 3216: WSAECONNREFUSED
WARNING:tornado.general:Connect error on fd 4352: WSAECONNREFUSED
WARNING:tornado.general:Connect error on fd 4464: WSAECONNREFUSED
WARNING:tornado.general:Connect error on fd 3792: WSAECONNREFUSED
WARNING:tornado.general:Connect error on fd 3692: WSAECONNREFUSED
WARNING:tornado.general:Connect error on fd 3580: WSAECONNREFUSED
WARNING:tornado.general:Connect error on fd 4648: WSAECONNREFUSED
WARNING:tornado.general:Connect error on fd 4052: WSAECONNREFUSED
WARNING:tornado.general:Connect error on fd 4636: WSAECONNREFUSED
WARNING:tornado.general:Connect error on fd 4396: WSAECONNREFUSED
WARNING:tornado.general:Connect error on fd 3760: WSAECONNREFUSED
WARNING:tornado.general:Connect error on fd 3292: WSAECONNREFUSED
WARNING:tornado.general:Connect error on fd 3796: WSAECONNREFUSED
WARNING:tornado.general:Connect error on fd 3928: WSAECONNREFUSED
WARNING:tornado.general:Connect error on fd 4492: WSAECONNREFUSED
WARNING:tornado.general:Connect error on fd 3956: WSAECONNREFUSED
WARNING:tornado.general:Connect error on fd 5000: WSAECONNREFUSED
WARNING:tornado.general:Connect error on fd 5024: WSAECONNREFUSED
WARNING:tornado.general:Connect error on fd 5080: WSAECONNREFUSED
WARNING:tornado.general:Connect error on fd 2076: WSAECONNREFUSED
WARNING:tornado.general:Connect error on fd 5080: WSAECONNREFUSED
WARNING:tornado.general:Connect error on fd 3556: WSAECONNREFUSED
WARNING:tornado.general:Connect error on fd 3204: WSAECONNREFUSED
WARNING:tornado.general:Connect error on fd 3100: WSAECONNREFUSED
WARNING:tornado.general:Connect error on fd 5060: WSAECONNREFUSED
WARNING:tornado.general:Connect error on fd 3420: WSAECONNREFUSED
WARNING:tornado.general:Connect error on fd 4320: WSAECONNREFUSED
WARNING:tornado.general:Connect error on fd 4976: WSAECONNREFUSED
WARNING:tornado.general:Connect error on fd 2292: WSAECONNREFUSED
WARNING:tornado.general:Connect error on fd 4768: WSAECONNREFUSED
WARNING:tornado.general:Connect error on fd 3736: WSAECONNREFUSED
WARNING:tornado.general:Connect error on fd 3948: WSAECONNREFUSED
WARNING:tornado.general:Connect error on fd 1824: WSAECONNREFUSED
WARNING:tornado.general:Connect error on fd 4924: WSAECONNREFUSED
WARNING:tornado.general:Connect error on fd 4852: WSAECONNREFUSED
WARNING:tornado.general:Connect error on fd 3928: WSAECONNREFUSED
WARNING:tornado.general:Connect error on fd 2504: WSAECONNREFUSED
WARNING:tornado.general:Connect error on fd 3544: WSAECONNREFUSED
WARNING:tornado.general:Connect error on fd 4920: WSAECONNREFUSED
WARNING:tornado.general:Connect error on fd 2004: WSAECONNREFUSED
WARNING:tornado.general:Connect error on fd 4296: WSAECONNREFUSED
WARNING:tornado.general:Connect error on fd 3008: WSAECONNREFUSED
WARNING:tornado.general:Connect error on fd 3008: WSAECONNREFUSED
WARNING:tornado.general:Connect error on fd 4864: WSAECONNREFUSED
WARNING:tornado.general:Connect error on fd 2368: WSAECONNREFUSED
WARNING:tornado.general:Connect error on fd 4032: WSAECONNREFUSED
WARNING:tornado.general:Connect error on fd 4696: WSAECONNREFUSED
WARNING:tornado.general:Connect error on fd 3524: WSAECONNREFUSED
WARNING:tornado.general:Connect error on fd 3556: WSAECONNREFUSED
WARNING:tornado.general:Connect error on fd 2680: WSAECONNREFUSED
WARNING:tornado.general:Connect error on fd 3292: WSAECONNREFUSED
WARNING:tornado.general:Connect error on fd 3204: WSAECONNREFUSED
WARNING:tornado.general:Connect error on fd 4732: WSAECONNREFUSED
WARNING:tornado.general:Connect error on fd 3728: WSAECONNREFUSED
WARNING:tornado.general:Connect error on fd 3740: WSAECONNREFUSED
WARNING:tornado.general:Connect error on fd 3752: WSAECONNREFUSED
WARNING:tornado.general:Connect error on fd 3516: WSAECONNREFUSED
WARNING:tornado.general:Connect error on fd 4080: WSAECONNREFUSED
WARNING:tornado.general:Connect error on fd 4320: WSAECONNREFUSED
WARNING:tornado.general:Connect error on fd 3536: WSAECONNREFUSED
WARNING:tornado.general:Connect error on fd 2248: WSAECONNREFUSED
WARNING:tornado.general:Connect error on fd 5000: WSAECONNREFUSED
WARNING:tornado.general:Connect error on fd 3100: WSAECONNREFUSED
WARNING:tornado.general:Connect error on fd 3320: WSAECONNREFUSED
WARNING:tornado.general:Connect error on fd 4156: WSAECONNREFUSED
WARNING:tornado.general:Connect error on fd 3376: WSAECONNREFUSED
WARNING:tornado.general:Connect error on fd 4924: WSAECONNREFUSED
WARNING:tornado.general:Connect error on fd 3032: WSAECONNREFUSED
WARNING:tornado.general:Connect error on fd 4200: WSAECONNREFUSED
WARNING:tornado.general:Connect error on fd 4976: WSAECONNREFUSED
WARNING:tornado.general:Connect error on fd 4768: WSAECONNREFUSED
WARNING:tornado.general:Connect error on fd 3900: WSAECONNREFUSED
WARNING:tornado.general:Connect error on fd 5104: WSAECONNREFUSED
WARNING:tornado.general:Connect error on fd 360: WSAECONNREFUSED
WARNING:tornado.general:Connect error on fd 3032: WSAECONNREFUSED
WARNING:tornado.general:Connect error on fd 3032: WSAECONNREFUSED
WARNING:tornado.general:Connect error on fd 4840: WSAECONNREFUSED
WARNING:tornado.general:Connect error on fd 4264: WSAECONNREFUSED
WARNING:tornado.general:Connect error on fd 4168: WSAECONNREFUSED
WARNING:tornado.general:Connect error on fd 4392: WSAECONNREFUSED
WARNING:tornado.general:Connect error on fd 4200: WSAECONNREFUSED
WARNING:tornado.general:Connect error on fd 3420: WSAECONNREFUSED
WARNING:tornado.general:Connect error on fd 4000: WSAECONNREFUSED
WARNING:tornado.general:Connect error on fd 4312: WSAECONNREFUSED
WARNING:tornado.general:Connect error on fd 5104: WSAECONNREFUSED
WARNING:tornado.general:Connect error on fd 2240: WSAECONNREFUSED
WARNING:tornado.general:Connect error on fd 3900: WSAECONNREFUSED
WARNING:tornado.general:Connect error on fd 5092: WSAECONNREFUSED
WARNING:tornado.general:Connect error on fd 2336: WSAECONNREFUSED
WARNING:tornado.general:Connect error on fd 4768: WSAECONNREFUSED
WARNING:tornado.general:Connect error on fd 2704: WSAECONNREFUSED
WARNING:tornado.general:Connect error on fd 2416: WSAECONNREFUSED
WARNING:tornado.general:Connect error on fd 2416: WSAECONNREFUSED
WARNING:tornado.general:Connect error on fd 4296: WSAECONNREFUSED
WARNING:tornado.general:Connect error on fd 3936: WSAECONNREFUSED
WARNING:tornado.general:Connect error on fd 4816: WSAECONNREFUSED
WARNING:tornado.general:Connect error on fd 352: WSAECONNREFUSED
WARNING:tornado.general:Connect error on fd 3676: WSAECONNREFUSED
WARNING:tornado.general:Connect error on fd 2564: WSAECONNREFUSED
WARNING:tornado.general:Connect error on fd 5056: WSAECONNREFUSED
WARNING:tornado.general:Connect error on fd 4676: WSAECONNREFUSED
WARNING:tornado.general:Connect error on fd 1316: WSAECONNREFUSED
WARNING:tornado.general:Connect error on fd 1684: WSAECONNREFUSED
WARNING:tornado.general:Connect error on fd 3976: WSAECONNREFUSED
WARNING:tornado.general:Connect error on fd 4556: WSAECONNREFUSED
WARNING:tornado.general:Connect error on fd 2564: WSAECONNREFUSED
WARNING:tornado.general:Connect error on fd 2336: WSAECONNREFUSED
WARNING:tornado.general:Connect error on fd 4608: WSAECONNREFUSED
WARNING:tornado.general:Connect error on fd 3620: WSAECONNREFUSED
WARNING:tornado.general:Connect error on fd 4904: WSAECONNREFUSED
WARNING:tornado.general:Connect error on fd 4052: WSAECONNREFUSED
WARNING:tornado.general:Connect error on fd 4392: WSAECONNREFUSED
WARNING:tornado.general:Connect error on fd 2324: WSAECONNREFUSED
WARNING:tornado.general:Connect error on fd 5056: WSAECONNREFUSED
WARNING:tornado.general:Connect error on fd 2876: WSAECONNREFUSED
WARNING:tornado.general:Connect error on fd 2248: WSAECONNREFUSED
WARNING:tornado.general:Connect error on fd 3100: WSAECONNREFUSED
WARNING:tornado.general:Connect error on fd 2240: WSAECONNREFUSED
WARNING:tornado.general:Connect error on fd 4752: WSAECONNREFUSED
WARNING:tornado.general:Connect error on fd 2484: WSAECONNREFUSED
WARNING:tornado.general:Connect error on fd 3292: WSAECONNREFUSED
WARNING:tornado.general:Connect error on fd 4556: WSAECONNREFUSED
WARNING:tornado.general:Connect error on fd 2564: WSAECONNREFUSED
WARNING:tornado.general:Connect error on fd 3976: WSAECONNREFUSED
WARNING:tornado.general:Connect error on fd 4280: WSAECONNREFUSED
WARNING:tornado.general:Connect error on fd 3980: WSAECONNREFUSED
WARNING:tornado.general:Connect error on fd 2828: WSAECONNREFUSED
WARNING:tornado.general:Connect error on fd 4624: WSAECONNREFUSED
WARNING:tornado.general:Connect error on fd 1528: WSAECONNREFUSED
WARNING:tornado.general:Connect error on fd 3484: WSAECONNREFUSED
WARNING:tornado.general:Connect error on fd 3104: WSAECONNREFUSED
WARNING:tornado.general:Connect error on fd 3376: WSAECONNREFUSED
WARNING:tornado.general:Connect error on fd 3676: WSAECONNREFUSED
WARNING:tornado.general:Connect error on fd 4216: WSAECONNREFUSED
WARNING:tornado.general:Connect error on fd 2032: WSAECONNREFUSED
WARNING:tornado.general:Connect error on fd 4836: WSAECONNREFUSED
WARNING:tornado.general:Connect error on fd 3368: WSAECONNREFUSED
WARNING:tornado.general:Connect error on fd 5096: WSAECONNREFUSED
WARNING:tornado.general:Connect error on fd 4280: WSAECONNREFUSED
WARNING:tornado.general:Connect error on fd 2564: WSAECONNREFUSED
WARNING:tornado.general:Connect error on fd 4816: WSAECONNREFUSED
WARNING:tornado.general:Connect error on fd 1316: WSAECONNREFUSED
WARNING:tornado.general:Connect error on fd 1316: WSAECONNREFUSED
WARNING:tornado.general:Connect error on fd 4784: WSAECONNREFUSED
WARNING:tornado.general:Connect error on fd 1528: WSAECONNREFUSED
WARNING:tornado.general:Connect error on fd 3928: WSAECONNREFUSED
WARNING:tornado.general:Connect error on fd 348: WSAECONNREFUSED
WARNING:tornado.general:Connect error on fd 2248: WSAECONNREFUSED
WARNING:tornado.general:Connect error on fd 3676: WSAECONNREFUSED
WARNING:tornado.general:Connect error on fd 4952: WSAECONNREFUSED
WARNING:tornado.general:Connect error on fd 2324: WSAECONNREFUSED
WARNING:tornado.general:Connect error on fd 4836: WSAECONNREFUSED
WARNING:tornado.general:Connect error on fd 4560: WSAECONNREFUSED
WARNING:tornado.general:Connect error on fd 4768: WSAECONNREFUSED
WARNING:tornado.general:Connect error on fd 4996: WSAECONNREFUSED
WARNING:tornado.general:Connect error on fd 2416: WSAECONNREFUSED
WARNING:tornado.general:Connect error on fd 3988: WSAECONNREFUSED
WARNING:tornado.general:Connect error on fd 3304: WSAECONNREFUSED
WARNING:tornado.general:Connect error on fd 2212: WSAECONNREFUSED
WARNING:tornado.general:Connect error on fd 4428: WSAECONNREFUSED
WARNING:tornado.general:Connect error on fd 3760: WSAECONNREFUSED
WARNING:tornado.general:Connect error on fd 4788: WSAECONNREFUSED
WARNING:tornado.general:Connect error on fd 3740: WSAECONNREFUSED
WARNING:tornado.general:Connect error on fd 1900: WSAECONNREFUSED
WARNING:tornado.general:Connect error on fd 4780: WSAECONNREFUSED
WARNING:tornado.general:Connect error on fd 2320: WSAECONNREFUSED
WARNING:tornado.general:Connect error on fd 4428: WSAECONNREFUSED
WARNING:tornado.general:Connect error on fd 2664: WSAECONNREFUSED
WARNING:tornado.general:Connect error on fd 2504: WSAECONNREFUSED
WARNING:tornado.general:Connect error on fd 2076: WSAECONNREFUSED
WARNING:tornado.general:Connect error on fd 1924: WSAECONNREFUSED
WARNING:tornado.general:Connect error on fd 4976: WSAECONNREFUSED
WARNING:tornado.general:Connect error on fd 1644: WSAECONNREFUSED
WARNING:tornado.general:Connect error on fd 4208: WSAECONNREFUSED
WARNING:tornado.general:Connect error on fd 4492: WSAECONNREFUSED
WARNING:tornado.general:Connect error on fd 4144: WSAECONNREFUSED
WARNING:tornado.general:Connect error on fd 4864: WSAECONNREFUSED
WARNING:tornado.general:Connect error on fd 2680: WSAECONNREFUSED
WARNING:tornado.general:Connect error on fd 3436: WSAECONNREFUSED
WARNING:tornado.general:Connect error on fd 4988: WSAECONNREFUSED
WARNING:tornado.general:Connect error on fd 4684: WSAECONNREFUSED
WARNING:tornado.general:Connect error on fd 4296: WSAECONNREFUSED
WARNING:tornado.general:Connect error on fd 3368: WSAECONNREFUSED
WARNING:tornado.general:Connect error on fd 5000: WSAECONNREFUSED
WARNING:tornado.general:Connect error on fd 2368: WSAECONNREFUSED
WARNING:tornado.general:Connect error on fd 4000: WSAECONNREFUSED
WARNING:tornado.general:Connect error on fd 3980: WSAECONNREFUSED
WARNING:tornado.general:Connect error on fd 2560: WSAECONNREFUSED
WARNING:tornado.general:Connect error on fd 3340: WSAECONNREFUSED
WARNING:tornado.general:Connect error on fd 3100: WSAECONNREFUSED
WARNING:tornado.general:Connect error on fd 2076: WSAECONNREFUSED
WARNING:tornado.general:Connect error on fd 5092: WSAECONNREFUSED
WARNING:tornado.general:Connect error on fd 4260: WSAECONNREFUSED
WARNING:tornado.general:Connect error on fd 3100: WSAECONNREFUSED
WARNING:tornado.general:Connect error on fd 4868: WSAECONNREFUSED
WARNING:tornado.general:Connect error on fd 4388: WSAECONNREFUSED
WARNING:tornado.general:Connect error on fd 4976: WSAECONNREFUSED
WARNING:tornado.general:Connect error on fd 2752: WSAECONNREFUSED
WARNING:tornado.general:Connect error on fd 3976: WSAECONNREFUSED
WARNING:tornado.general:Connect error on fd 352: WSAECONNREFUSED
WARNING:tornado.general:Connect error on fd 3420: WSAECONNREFUSED
WARNING:tornado.general:Connect error on fd 4892: WSAECONNREFUSED
WARNING:tornado.general:Connect error on fd 4048: WSAECONNREFUSED
WARNING:tornado.general:Connect error on fd 4920: WSAECONNREFUSED
WARNING:tornado.general:Connect error on fd 4828: WSAECONNREFUSED
WARNING:tornado.general:Connect error on fd 4676: WSAECONNREFUSED
WARNING:tornado.general:Connect error on fd 2824: WSAECONNREFUSED
WARNING:tornado.general:Connect error on fd 2336: WSAECONNREFUSED
WARNING:tornado.general:Connect error on fd 3580: WSAECONNREFUSED
WARNING:tornado.general:Connect error on fd 4732: WSAECONNREFUSED
WARNING:tornado.general:Connect error on fd 4832: WSAECONNREFUSED
WARNING:tornado.general:Connect error on fd 3532: WSAECONNREFUSED
WARNING:tornado.general:Connect error on fd 348: WSAECONNREFUSED
WARNING:tornado.general:Connect error on fd 5000: WSAECONNREFUSED
WARNING:tornado.general:Connect error on fd 4520: WSAECONNREFUSED
WARNING:tornado.general:Connect error on fd 4788: WSAECONNREFUSED
WARNING:tornado.general:Connect error on fd 4388: WSAECONNREFUSED
WARNING:tornado.general:Connect error on fd 4988: WSAECONNREFUSED
WARNING:tornado.general:Connect error on fd 4924: WSAECONNREFUSED
WARNING:tornado.general:Connect error on fd 4288: WSAECONNREFUSED
WARNING:tornado.general:Connect error on fd 3752: WSAECONNREFUSED
WARNING:tornado.general:Connect error on fd 3368: WSAECONNREFUSED
WARNING:tornado.general:Connect error on fd 2036: WSAECONNREFUSED
WARNING:tornado.general:Connect error on fd 3532: WSAECONNREFUSED
WARNING:tornado.general:Connect error on fd 4448: WSAECONNREFUSED
WARNING:tornado.general:Connect error on fd 3228: WSAECONNREFUSED
WARNING:tornado.general:Connect error on fd 4676: WSAECONNREFUSED
WARNING:tornado.general:Connect error on fd 3760: WSAECONNREFUSED
WARNING:tornado.general:Connect error on fd 2616: WSAECONNREFUSED
WARNING:tornado.general:Connect error on fd 4904: WSAECONNREFUSED
WARNING:tornado.general:Connect error on fd 4000: WSAECONNREFUSED
WARNING:tornado.general:Connect error on fd 3104: WSAECONNREFUSED
WARNING:tornado.general:Connect error on fd 5080: WSAECONNREFUSED
WARNING:tornado.general:Connect error on fd 1924: WSAECONNREFUSED
WARNING:tornado.general:Connect error on fd 3736: WSAECONNREFUSED
WARNING:tornado.general:Connect error on fd 4156: WSAECONNREFUSED
WARNING:tornado.general:Connect error on fd 3948: WSAECONNREFUSED
WARNING:tornado.general:Connect error on fd 4832: WSAECONNREFUSED
WARNING:tornado.general:Connect error on fd 4732: WSAECONNREFUSED
WARNING:tornado.general:Connect error on fd 4812: WSAECONNREFUSED
WARNING:tornado.general:Connect error on fd 2564: WSAECONNREFUSED
WARNING:tornado.general:Connect error on fd 2328: WSAECONNREFUSED
WARNING:tornado.general:Connect error on fd 2616: WSAECONNREFUSED
WARNING:tornado.general:Connect error on fd 3760: WSAECONNREFUSED
WARNING:tornado.general:Connect error on fd 4816: WSAECONNREFUSED
WARNING:tornado.general:Connect error on fd 3964: WSAECONNREFUSED
WARNING:tornado.general:Connect error on fd 4080: WSAECONNREFUSED
WARNING:tornado.general:Connect error on fd 4080: WSAECONNREFUSED
WARNING:tornado.general:Connect error on fd 4780: WSAECONNREFUSED
WARNING:tornado.general:Connect error on fd 5056: WSAECONNREFUSED
WARNING:tornado.general:Connect error on fd 3564: WSAECONNREFUSED
WARNING:tornado.general:Connect error on fd 1684: WSAECONNREFUSED
WARNING:tornado.general:Connect error on fd 3168: WSAECONNREFUSED
WARNING:tornado.general:Connect error on fd 3760: WSAECONNREFUSED
WARNING:tornado.general:Connect error on fd 4192: WSAECONNREFUSED
WARNING:tornado.general:Connect error on fd 4644: WSAECONNREFUSED
WARNING:tornado.general:Connect error on fd 4808: WSAECONNREFUSED
WARNING:tornado.general:Connect error on fd 2620: WSAECONNREFUSED
WARNING:tornado.general:Connect error on fd 3976: WSAECONNREFUSED
WARNING:tornado.general:Connect error on fd 3100: WSAECONNREFUSED
WARNING:tornado.general:Connect error on fd 4788: WSAECONNREFUSED
WARNING:tornado.general:Connect error on fd 5080: WSAECONNREFUSED
WARNING:tornado.general:Connect error on fd 2828: WSAECONNREFUSED
WARNING:tornado.general:Connect error on fd 4784: WSAECONNREFUSED
WARNING:tornado.general:Connect error on fd 4784: WSAECONNREFUSED
WARNING:tornado.general:Connect error on fd 4388: WSAECONNREFUSED
WARNING:tornado.general:Connect error on fd 4616: WSAECONNREFUSED
WARNING:tornado.general:Connect error on fd 3304: WSAECONNREFUSED
WARNING:tornado.general:Connect error on fd 2636: WSAECONNREFUSED
WARNING:tornado.general:Connect error on fd 2620: WSAECONNREFUSED
WARNING:tornado.general:Connect error on fd 4636: WSAECONNREFUSED
WARNING:tornado.general:Connect error on fd 2432: WSAECONNREFUSED
WARNING:tornado.general:Connect error on fd 3848: WSAECONNREFUSED
WARNING:tornado.general:Connect error on fd 3736: WSAECONNREFUSED
WARNING:tornado.general:Connect error on fd 4868: WSAECONNREFUSED
WARNING:tornado.general:Connect error on fd 4836: WSAECONNREFUSED
WARNING:tornado.general:Connect error on fd 1320: WSAECONNREFUSED
WARNING:tornado.general:Connect error on fd 4692: WSAECONNREFUSED
WARNING:tornado.general:Connect error on fd 3344: WSAECONNREFUSED
WARNING:tornado.general:Connect error on fd 364: WSAECONNREFUSED
WARNING:tornado.general:Connect error on fd 4276: WSAECONNREFUSED
WARNING:tornado.general:Connect error on fd 2436: WSAECONNREFUSED
WARNING:tornado.general:Connect error on fd 3240: WSAECONNREFUSED
WARNING:tornado.general:Connect error on fd 4076: WSAECONNREFUSED
WARNING:tornado.general:Connect error on fd 1876: WSAECONNREFUSED
WARNING:tornado.general:Connect error on fd 2376: WSAECONNREFUSED
WARNING:tornado.general:Connect error on fd 4104: WSAECONNREFUSED
WARNING:tornado.general:Connect error on fd 1648: WSAECONNREFUSED
WARNING:tornado.general:Connect error on fd 4560: WSAECONNREFUSED
WARNING:tornado.general:Connect error on fd 1832: WSAECONNREFUSED
WARNING:tornado.general:Connect error on fd 5044: WSAECONNREFUSED
WARNING:tornado.general:Connect error on fd 3920: WSAECONNREFUSED
WARNING:tornado.general:Connect error on fd 352: WSAECONNREFUSED
WARNING:tornado.general:Connect error on fd 2508: WSAECONNREFUSED
WARNING:tornado.general:Connect error on fd 5044: WSAECONNREFUSED
WARNING:tornado.general:Connect error on fd 1832: WSAECONNREFUSED
WARNING:tornado.general:Connect error on fd 1976: WSAECONNREFUSED
WARNING:tornado.general:Connect error on fd 1976: WSAECONNREFUSED
WARNING:tornado.general:Connect error on fd 348: WSAECONNREFUSED
WARNING:tornado.general:Connect error on fd 1996: WSAECONNREFUSED
WARNING:tornado.general:Connect error on fd 4360: WSAECONNREFUSED
WARNING:tornado.general:Connect error on fd 1648: WSAECONNREFUSED
WARNING:tornado.general:Connect error on fd 3148: WSAECONNREFUSED
WARNING:tornado.general:Connect error on fd 2804: WSAECONNREFUSED
WARNING:tornado.general:Connect error on fd 3368: WSAECONNREFUSED
WARNING:tornado.general:Connect error on fd 4864: WSAECONNREFUSED
WARNING:tornado.general:Connect error on fd 3240: WSAECONNREFUSED
WARNING:tornado.general:Connect error on fd 2436: WSAECONNREFUSED
WARNING:tornado.general:Connect error on fd 2440: WSAECONNREFUSED
WARNING:tornado.general:Connect error on fd 4940: WSAECONNREFUSED
WARNING:tornado.general:Connect error on fd 4960: WSAECONNREFUSED
WARNING:tornado.general:Connect error on fd 1684: WSAECONNREFUSED
WARNING:tornado.general:Connect error on fd 1876: WSAECONNREFUSED
WARNING:tornado.general:Connect error on fd 3240: WSAECONNREFUSED
WARNING:tornado.general:Connect error on fd 2804: WSAECONNREFUSED
WARNING:tornado.general:Connect error on fd 4796: WSAECONNREFUSED
WARNING:tornado.general:Connect error on fd 2836: WSAECONNREFUSED
WARNING:tornado.general:Connect error on fd 2436: WSAECONNREFUSED
WARNING:tornado.general:Connect error on fd 4780: WSAECONNREFUSED
WARNING:tornado.general:Connect error on fd 3956: WSAECONNREFUSED
WARNING:tornado.general:Connect error on fd 2704: WSAECONNREFUSED
WARNING:tornado.general:Connect error on fd 3148: WSAECONNREFUSED
WARNING:tornado.general:Connect error on fd 3964: WSAECONNREFUSED
WARNING:tornado.general:Connect error on fd 2248: WSAECONNREFUSED
WARNING:tornado.general:Connect error on fd 4000: WSAECONNREFUSED
WARNING:tornado.general:Connect error on fd 3648: WSAECONNREFUSED
WARNING:tornado.general:Connect error on fd 4728: WSAECONNREFUSED
WARNING:tornado.general:Connect error on fd 2824: WSAECONNREFUSED
WARNING:tornado.general:Connect error on fd 4280: WSAECONNREFUSED
WARNING:tornado.general:Connect error on fd 2420: WSAECONNREFUSED
WARNING:tornado.general:Connect error on fd 1320: WSAECONNREFUSED
WARNING:tornado.general:Connect error on fd 3760: WSAECONNREFUSED
WARNING:tornado.general:Connect error on fd 4388: WSAECONNREFUSED
WARNING:tornado.general:Connect error on fd 3920: WSAECONNREFUSED
WARNING:tornado.general:Connect error on fd 3196: WSAECONNREFUSED
WARNING:tornado.general:Connect error on fd 3612: WSAECONNREFUSED
WARNING:tornado.general:Connect error on fd 3612: WSAECONNREFUSED
WARNING:tornado.general:Connect error on fd 2036: WSAECONNREFUSED
WARNING:tornado.general:Connect error on fd 4732: WSAECONNREFUSED
WARNING:tornado.general:Connect error on fd 4796: WSAECONNREFUSED
WARNING:tornado.general:Connect error on fd 3868: WSAECONNREFUSED
WARNING:tornado.general:Connect error on fd 4192: WSAECONNREFUSED
WARNING:tornado.general:Connect error on fd 2212: WSAECONNREFUSED
WARNING:tornado.general:Connect error on fd 3948: WSAECONNREFUSED
WARNING:tornado.general:Connect error on fd 4388: WSAECONNREFUSED
WARNING:tornado.general:Connect error on fd 3868: WSAECONNREFUSED
WARNING:tornado.general:Connect error on fd 3736: WSAECONNREFUSED
WARNING:tornado.general:Connect error on fd 4836: WSAECONNREFUSED
WARNING:tornado.general:Connect error on fd 3192: WSAECONNREFUSED
WARNING:tornado.general:Connect error on fd 4172: WSAECONNREFUSED
WARNING:tornado.general:Connect error on fd 4812: WSAECONNREFUSED
WARNING:tornado.general:Connect error on fd 2664: WSAECONNREFUSED
WARNING:tornado.general:Connect error on fd 3948: WSAECONNREFUSED
WARNING:tornado.general:Connect error on fd 4748: WSAECONNREFUSED
WARNING:tornado.general:Connect error on fd 4868: WSAECONNREFUSED
WARNING:tornado.general:Connect error on fd 3436: WSAECONNREFUSED
WARNING:tornado.general:Connect error on fd 3564: WSAECONNREFUSED
WARNING:tornado.general:Connect error on fd 2420: WSAECONNREFUSED
WARNING:tornado.general:Connect error on fd 5096: WSAECONNREFUSED
WARNING:tornado.general:Connect error on fd 4788: WSAECONNREFUSED
WARNING:tornado.general:Connect error on fd 2340: WSAECONNREFUSED
WARNING:tornado.general:Connect error on fd 3884: WSAECONNREFUSED
WARNING:tornado.general:Connect error on fd 3864: WSAECONNREFUSED
WARNING:tornado.general:Connect error on fd 3332: WSAECONNREFUSED
WARNING:tornado.general:Connect error on fd 4972: WSAECONNREFUSED
WARNING:tornado.general:Connect error on fd 3976: WSAECONNREFUSED
WARNING:tornado.general:Connect error on fd 3884: WSAECONNREFUSED
WARNING:tornado.general:Connect error on fd 4280: WSAECONNREFUSED
WARNING:tornado.general:Connect error on fd 3760: WSAECONNREFUSED
WARNING:tornado.general:Connect error on fd 3760: WSAECONNREFUSED
WARNING:tornado.general:Connect error on fd 4828: WSAECONNREFUSED
WARNING:tornado.general:Connect error on fd 2996: WSAECONNREFUSED
WARNING:tornado.general:Connect error on fd 4556: WSAECONNREFUSED
WARNING:tornado.general:Connect error on fd 3920: WSAECONNREFUSED
WARNING:tornado.general:Connect error on fd 4816: WSAECONNREFUSED
WARNING:tornado.general:Connect error on fd 4080: WSAECONNREFUSED
WARNING:tornado.general:Connect error on fd 4552: WSAECONNREFUSED
WARNING:tornado.general:Connect error on fd 4676: WSAECONNREFUSED
WARNING:tornado.general:Connect error on fd 2876: WSAECONNREFUSED
WARNING:tornado.general:Connect error on fd 2836: WSAECONNREFUSED
WARNING:tornado.general:Connect error on fd 4708: WSAECONNREFUSED
WARNING:tornado.general:Connect error on fd 1320: WSAECONNREFUSED
WARNING:tornado.general:Connect error on fd 3968: WSAECONNREFUSED
WARNING:tornado.general:Connect error on fd 4832: WSAECONNREFUSED
WARNING:tornado.general:Connect error on fd 4056: WSAECONNREFUSED
WARNING:tornado.general:Connect error on fd 4988: WSAECONNREFUSED
WARNING:tornado.general:Connect error on fd 3344: WSAECONNREFUSED
WARNING:tornado.general:Connect error on fd 4832: WSAECONNREFUSED
WARNING:tornado.general:Connect error on fd 1976: WSAECONNREFUSED
WARNING:tornado.general:Connect error on fd 2212: WSAECONNREFUSED
WARNING:tornado.general:Connect error on fd 2776: WSAECONNREFUSED
WARNING:tornado.general:Connect error on fd 3080: WSAECONNREFUSED
WARNING:tornado.general:Connect error on fd 3088: WSAECONNREFUSED
WARNING:tornado.general:Connect error on fd 3732: WSAECONNREFUSED
WARNING:tornado.general:Connect error on fd 2648: WSAECONNREFUSED
WARNING:tornado.general:Connect error on fd 3240: WSAECONNREFUSED
WARNING:tornado.general:Connect error on fd 364: WSAECONNREFUSED
WARNING:tornado.general:Connect error on fd 4616: WSAECONNREFUSED
WARNING:tornado.general:Connect error on fd 4988: WSAECONNREFUSED
WARNING:tornado.general:Connect error on fd 3976: WSAECONNREFUSED
WARNING:tornado.general:Connect error on fd 4676: WSAECONNREFUSED
WARNING:tornado.general:Connect error on fd 2344: WSAECONNREFUSED
WARNING:tornado.general:Connect error on fd 3968: WSAECONNREFUSED
WARNING:tornado.general:Connect error on fd 1320: WSAECONNREFUSED
WARNING:tornado.general:Connect error on fd 3136: WSAECONNREFUSED
WARNING:tornado.general:Connect error on fd 3524: WSAECONNREFUSED
WARNING:tornado.general:Connect error on fd 4968: WSAECONNREFUSED
WARNING:tornado.general:Connect error on fd 3664: WSAECONNREFUSED
WARNING:tornado.general:Connect error on fd 3240: WSAECONNREFUSED
WARNING:tornado.general:Connect error on fd 3604: WSAECONNREFUSED
WARNING:tornado.general:Connect error on fd 2804: WSAECONNREFUSED
WARNING:tornado.general:Connect error on fd 3732: WSAECONNREFUSED
WARNING:tornado.general:Connect error on fd 4324: WSAECONNREFUSED
WARNING:tornado.general:Connect error on fd 4972: WSAECONNREFUSED
WARNING:tornado.general:Connect error on fd 4784: WSAECONNREFUSED
WARNING:tornado.general:Connect error on fd 2828: WSAECONNREFUSED
WARNING:tornado.general:Connect error on fd 2956: WSAECONNREFUSED
WARNING:tornado.general:Connect error on fd 4344: WSAECONNREFUSED
WARNING:tornado.general:Connect error on fd 2340: WSAECONNREFUSED
WARNING:tornado.general:Connect error on fd 4788: WSAECONNREFUSED
WARNING:tornado.general:Connect error on fd 3656: WSAECONNREFUSED
WARNING:tornado.general:Connect error on fd 1916: WSAECONNREFUSED
WARNING:tornado.general:Connect error on fd 2580: WSAECONNREFUSED
WARNING:tornado.general:Connect error on fd 3776: WSAECONNREFUSED
WARNING:tornado.general:Connect error on fd 5096: WSAECONNREFUSED
WARNING:tornado.general:Connect error on fd 3116: WSAECONNREFUSED
WARNING:tornado.general:Connect error on fd 3116: WSAECONNREFUSED
WARNING:tornado.general:Connect error on fd 3148: WSAECONNREFUSED
WARNING:tornado.general:Connect error on fd 5080: WSAECONNREFUSED
WARNING:tornado.general:Connect error on fd 4104: WSAECONNREFUSED
WARNING:tornado.general:Connect error on fd 4644: WSAECONNREFUSED
WARNING:tornado.general:Connect error on fd 3736: WSAECONNREFUSED
WARNING:tornado.general:Connect error on fd 4912: WSAECONNREFUSED
WARNING:tornado.general:Connect error on fd 2824: WSAECONNREFUSED
WARNING:tornado.general:Connect error on fd 3776: WSAECONNREFUSED
WARNING:tornado.general:Connect error on fd 4692: WSAECONNREFUSED
WARNING:tornado.general:Connect error on fd 2276: WSAECONNREFUSED
WARNING:tornado.general:Connect error on fd 5080: WSAECONNREFUSED
WARNING:tornado.general:Connect error on fd 3148: WSAECONNREFUSED
WARNING:tornado.general:Connect error on fd 2072: WSAECONNREFUSED
WARNING:tornado.general:Connect error on fd 2544: WSAECONNREFUSED
WARNING:tornado.general:Connect error on fd 2436: WSAECONNREFUSED
WARNING:tornado.general:Connect error on fd 2436: WSAECONNREFUSED
WARNING:tornado.general:Connect error on fd 4728: WSAECONNREFUSED
WARNING:tornado.general:Connect error on fd 4768: WSAECONNREFUSED
WARNING:tornado.general:Connect error on fd 3612: WSAECONNREFUSED
WARNING:tornado.general:Connect error on fd 4960: WSAECONNREFUSED
WARNING:tornado.general:Connect error on fd 3648: WSAECONNREFUSED
WARNING:tornado.general:Connect error on fd 4728: WSAECONNREFUSED
WARNING:tornado.general:Connect error on fd 2580: WSAECONNREFUSED
WARNING:tornado.general:Connect error on fd 3020: WSAECONNREFUSED
WARNING:tornado.general:Connect error on fd 3592: WSAECONNREFUSED
WARNING:tornado.general:Connect error on fd 4868: WSAECONNREFUSED
WARNING:tornado.general:Connect error on fd 3612: WSAECONNREFUSED
WARNING:tornado.general:Connect error on fd 4596: WSAECONNREFUSED
WARNING:tornado.general:Connect error on fd 5072: WSAECONNREFUSED
WARNING:tornado.general:Connect error on fd 3240: WSAECONNREFUSED
WARNING:tornado.general:Connect error on fd 2544: WSAECONNREFUSED
WARNING:tornado.general:Connect error on fd 4392: WSAECONNREFUSED
WARNING:tornado.general:Connect error on fd 4960: WSAECONNREFUSED
WARNING:tornado.general:Connect error on fd 3760: WSAECONNREFUSED
WARNING:tornado.general:Connect error on fd 4748: WSAECONNREFUSED
WARNING:tornado.general:Connect error on fd 2668: WSAECONNREFUSED
WARNING:tornado.general:Connect error on fd 364: WSAECONNREFUSED
WARNING:tornado.general:Connect error on fd 2996: WSAECONNREFUSED
WARNING:tornado.general:Connect error on fd 3664: WSAECONNREFUSED
WARNING:tornado.general:Connect error on fd 4280: WSAECONNREFUSED
WARNING:tornado.general:Connect error on fd 3776: WSAECONNREFUSED
WARNING:tornado.general:Connect error on fd 2664: WSAECONNREFUSED
WARNING:tornado.general:Connect error on fd 4676: WSAECONNREFUSED
WARNING:tornado.general:Connect error on fd 4344: WSAECONNREFUSED
WARNING:tornado.general:Connect error on fd 1796: WSAECONNREFUSED
WARNING:tornado.general:Connect error on fd 4112: WSAECONNREFUSED
WARNING:tornado.general:Connect error on fd 4948: WSAECONNREFUSED
WARNING:tornado.general:Connect error on fd 4180: WSAECONNREFUSED
WARNING:tornado.general:Connect error on fd 4180: WSAECONNREFUSED
WARNING:tornado.general:Connect error on fd 2924: WSAECONNREFUSED
WARNING:tornado.general:Connect error on fd 4104: WSAECONNREFUSED
WARNING:tornado.general:Connect error on fd 3332: WSAECONNREFUSED
WARNING:tornado.general:Connect error on fd 1656: WSAECONNREFUSED
WARNING:tornado.general:Connect error on fd 4644: WSAECONNREFUSED
WARNING:tornado.general:Connect error on fd 3524: WSAECONNREFUSED
WARNING:tornado.general:Connect error on fd 2824: WSAECONNREFUSED
WARNING:tornado.general:Connect error on fd 4112: WSAECONNREFUSED
WARNING:tornado.general:Connect error on fd 1796: WSAECONNREFUSED
WARNING:tornado.general:Connect error on fd 4948: WSAECONNREFUSED
WARNING:tornado.general:Connect error on fd 2448: WSAECONNREFUSED
WARNING:tornado.general:Connect error on fd 3760: WSAECONNREFUSED
WARNING:tornado.general:Connect error on fd 4912: WSAECONNREFUSED
WARNING:tornado.general:Connect error on fd 4556: WSAECONNREFUSED
WARNING:tornado.general:Connect error on fd 3332: WSAECONNREFUSED
WARNING:tornado.general:Connect error on fd 4104: WSAECONNREFUSED
WARNING:tornado.general:Connect error on fd 4104: WSAECONNREFUSED
WARNING:tornado.general:Connect error on fd 2924: WSAECONNREFUSED
WARNING:tornado.general:Connect error on fd 364: WSAECONNREFUSED
WARNING:tornado.general:Connect error on fd 3304: WSAECONNREFUSED
WARNING:tornado.general:Connect error on fd 2412: WSAECONNREFUSED
WARNING:tornado.general:Connect error on fd 2664: WSAECONNREFUSED
WARNING:tornado.general:Connect error on fd 1656: WSAECONNREFUSED
WARNING:tornado.general:Connect error on fd 2824: WSAECONNREFUSED
WARNING:tornado.general:Connect error on fd 3524: WSAECONNREFUSED
WARNING:tornado.general:Connect error on fd 4836: WSAECONNREFUSED
WARNING:tornado.general:Connect error on fd 1924: WSAECONNREFUSED
WARNING:tornado.general:Connect error on fd 3868: WSAECONNREFUSED
WARNING:tornado.general:Connect error on fd 5072: WSAECONNREFUSED
WARNING:tornado.general:Connect error on fd 3516: WSAECONNREFUSED
WARNING:tornado.general:Connect error on fd 2036: WSAECONNREFUSED
WARNING:tornado.general:Connect error on fd 4948: WSAECONNREFUSED
WARNING:tornado.general:Connect error on fd 3736: WSAECONNREFUSED
WARNING:tornado.general:Connect error on fd 4780: WSAECONNREFUSED
WARNING:tornado.general:Connect error on fd 2824: WSAECONNREFUSED
WARNING:tornado.general:Connect error on fd 3524: WSAECONNREFUSED
WARNING:tornado.general:Connect error on fd 4192: WSAECONNREFUSED
WARNING:tornado.general:Connect error on fd 2420: WSAECONNREFUSED
WARNING:tornado.general:Connect error on fd 2420: WSAECONNREFUSED
WARNING:tornado.general:Connect error on fd 4164: WSAECONNREFUSED
WARNING:tornado.general:Connect error on fd 5080: WSAECONNREFUSED
WARNING:tornado.general:Connect error on fd 2276: WSAECONNREFUSED
WARNING:tornado.general:Connect error on fd 4972: WSAECONNREFUSED
WARNING:tornado.general:Connect error on fd 4104: WSAECONNREFUSED
WARNING:tornado.general:Connect error on fd 2912: WSAECONNREFUSED
WARNING:tornado.general:Connect error on fd 4112: WSAECONNREFUSED
WARNING:tornado.general:Connect error on fd 3776: WSAECONNREFUSED
WARNING:tornado.general:Connect error on fd 2448: WSAECONNREFUSED
WARNING:tornado.general:Connect error on fd 4596: WSAECONNREFUSED
WARNING:tornado.general:Connect error on fd 352: WSAECONNREFUSED
WARNING:tornado.general:Connect error on fd 5096: WSAECONNREFUSED
WARNING:tornado.general:Connect error on fd 4324: WSAECONNREFUSED
WARNING:tornado.general:Connect error on fd 1844: WSAECONNREFUSED
WARNING:tornado.general:Connect error on fd 1648: WSAECONNREFUSED
WARNING:tornado.general:Connect error on fd 4748: WSAECONNREFUSED
WARNING:tornado.general:Connect error on fd 2956: WSAECONNREFUSED
WARNING:tornado.general:Connect error on fd 3240: WSAECONNREFUSED
WARNING:tornado.general:Connect error on fd 3020: WSAECONNREFUSED
WARNING:tornado.general:Connect error on fd 2580: WSAECONNREFUSED
WARNING:tornado.general:Connect error on fd 4768: WSAECONNREFUSED
WARNING:tornado.general:Connect error on fd 4392: WSAECONNREFUSED
WARNING:tornado.general:Connect error on fd 2248: WSAECONNREFUSED
WARNING:tornado.general:Connect error on fd 4868: WSAECONNREFUSED
WARNING:tornado.general:Connect error on fd 3648: WSAECONNREFUSED
WARNING:tornado.general:Connect error on fd 4732: WSAECONNREFUSED
WARNING:tornado.general:Connect error on fd 4612: WSAECONNREFUSED
WARNING:tornado.general:Connect error on fd 4960: WSAECONNREFUSED
WARNING:tornado.general:Connect error on fd 2912: WSAECONNREFUSED
WARNING:tornado.general:Connect error on fd 4912: WSAECONNREFUSED
WARNING:tornado.general:Connect error on fd 1824: WSAECONNREFUSED
WARNING:tornado.general:Connect error on fd 4112: WSAECONNREFUSED
WARNING:tornado.general:Connect error on fd 4112: WSAECONNREFUSED
WARNING:tornado.general:Connect error on fd 2508: WSAECONNREFUSED
WARNING:tornado.general:Connect error on fd 4644: WSAECONNREFUSED
WARNING:tornado.general:Connect error on fd 4164: WSAECONNREFUSED
WARNING:tornado.general:Connect error on fd 5072: WSAECONNREFUSED
WARNING:tornado.general:Connect error on fd 4732: WSAECONNREFUSED
WARNING:tornado.general:Connect error on fd 2316: WSAECONNREFUSED
WARNING:tornado.general:Connect error on fd 4192: WSAECONNREFUSED
WARNING:tornado.general:Connect error on fd 4972: WSAECONNREFUSED
WARNING:tornado.general:Connect error on fd 4692: WSAECONNREFUSED
WARNING:tornado.general:Connect error on fd 1832: WSAECONNREFUSED
WARNING:tornado.general:Connect error on fd 4616: WSAECONNREFUSED
WARNING:tornado.general:Connect error on fd 2616: WSAECONNREFUSED
WARNING:tornado.general:Connect error on fd 2924: WSAECONNREFUSED
WARNING:tornado.general:Connect error on fd 1924: WSAECONNREFUSED
WARNING:tornado.general:Connect error on fd 4408: WSAECONNREFUSED
WARNING:tornado.general:Connect error on fd 2796: WSAECONNREFUSED
WARNING:tornado.general:Connect error on fd 2796: WSAECONNREFUSED
WARNING:tornado.general:Connect error on fd 2912: WSAECONNREFUSED
WARNING:tornado.general:Connect error on fd 2508: WSAECONNREFUSED
WARNING:tornado.general:Connect error on fd 2956: WSAECONNREFUSED
WARNING:tornado.general:Connect error on fd 4972: WSAECONNREFUSED
WARNING:tornado.general:Connect error on fd 4692: WSAECONNREFUSED
WARNING:tornado.general:Connect error on fd 3604: WSAECONNREFUSED
WARNING:tornado.general:Connect error on fd 4960: WSAECONNREFUSED
WARNING:tornado.general:Connect error on fd 1844: WSAECONNREFUSED
WARNING:tornado.general:Connect error on fd 3760: WSAECONNREFUSED
WARNING:tornado.general:Connect error on fd 4768: WSAECONNREFUSED
WARNING:tornado.general:Connect error on fd 3760: WSAECONNREFUSED
WARNING:tornado.general:Connect error on fd 4420: WSAECONNREFUSED
WARNING:tornado.general:Connect error on fd 4960: WSAECONNREFUSED
WARNING:tornado.general:Connect error on fd 2588: WSAECONNREFUSED
WARNING:tornado.general:Connect error on fd 4692: WSAECONNREFUSED
WARNING:tornado.general:Connect error on fd 4872: WSAECONNREFUSED
WARNING:tornado.general:Connect error on fd 2460: WSAECONNREFUSED
WARNING:tornado.general:Connect error on fd 4888: WSAECONNREFUSED
WARNING:tornado.general:Connect error on fd 3592: WSAECONNREFUSED
WARNING:tornado.general:Connect error on fd 1832: WSAECONNREFUSED
WARNING:tornado.general:Connect error on fd 2568: WSAECONNREFUSED
WARNING:tornado.general:Connect error on fd 4644: WSAECONNREFUSED
WARNING:tornado.general:Connect error on fd 3648: WSAECONNREFUSED
WARNING:tornado.general:Connect error on fd 4836: WSAECONNREFUSED
WARNING:tornado.general:Connect error on fd 1832: WSAECONNREFUSED
WARNING:tornado.general:Connect error on fd 3592: WSAECONNREFUSED
WARNING:tornado.general:Connect error on fd 3332: WSAECONNREFUSED
WARNING:tornado.general:Connect error on fd 4888: WSAECONNREFUSED
WARNING:tornado.general:Connect error on fd 4960: WSAECONNREFUSED
WARNING:tornado.general:Connect error on fd 2588: WSAECONNREFUSED
WARNING:tornado.general:Connect error on fd 1832: WSAECONNREFUSED
WARNING:tornado.general:Connect error on fd 4112: WSAECONNREFUSED
WARNING:tornado.general:Connect error on fd 4112: WSAECONNREFUSED
WARNING:tornado.general:Connect error on fd 4960: WSAECONNREFUSED
WARNING:tornado.general:Connect error on fd 1832: WSAECONNREFUSED
WARNING:tornado.general:Connect error on fd 3248: WSAECONNREFUSED
WARNING:tornado.general:Connect error on fd 1924: WSAECONNREFUSED
WARNING:tornado.general:Connect error on fd 4616: WSAECONNREFUSED
WARNING:tornado.general:Connect error on fd 1924: WSAECONNREFUSED
WARNING:tornado.general:Connect error on fd 2460: WSAECONNREFUSED
WARNING:tornado.general:Connect error on fd 3760: WSAECONNREFUSED
WARNING:tornado.general:Connect error on fd 3588: WSAECONNREFUSED
WARNING:tornado.general:Connect error on fd 3648: WSAECONNREFUSED
WARNING:tornado.general:Connect error on fd 2172: WSAECONNREFUSED
WARNING:tornado.general:Connect error on fd 3732: WSAECONNREFUSED
WARNING:tornado.general:Connect error on fd 1956: WSAECONNREFUSED
WARNING:tornado.general:Connect error on fd 3248: WSAECONNREFUSED
WARNING:tornado.general:Connect error on fd 2588: WSAECONNREFUSED
WARNING:tornado.general:Connect error on fd 4612: WSAECONNREFUSED
WARNING:tornado.general:Connect error on fd 4612: WSAECONNREFUSED
WARNING:tornado.general:Connect error on fd 1892: WSAECONNREFUSED
WARNING:tornado.general:Connect error on fd 2460: WSAECONNREFUSED
WARNING:tornado.general:Connect error on fd 3776: WSAECONNREFUSED
WARNING:tornado.general:Connect error on fd 1832: WSAECONNREFUSED
WARNING:tornado.general:Connect error on fd 1956: WSAECONNREFUSED
WARNING:tornado.general:Connect error on fd 3732: WSAECONNREFUSED
WARNING:tornado.general:Connect error on fd 3392: WSAECONNREFUSED
WARNING:tornado.general:Connect error on fd 1796: WSAECONNREFUSED
WARNING:tornado.general:Connect error on fd 3948: WSAECONNREFUSED
WARNING:tornado.general:Connect error on fd 3080: WSAECONNREFUSED
WARNING:tornado.general:Connect error on fd 4104: WSAECONNREFUSED
WARNING:tornado.general:Connect error on fd 3304: WSAECONNREFUSED
WARNING:tornado.general:Connect error on fd 3732: WSAECONNREFUSED
WARNING:tornado.general:Connect error on fd 4036: WSAECONNREFUSED
WARNING:tornado.general:Connect error on fd 4728: WSAECONNREFUSED
WARNING:tornado.general:Connect error on fd 2196: WSAECONNREFUSED
WARNING:tornado.general:Connect error on fd 3588: WSAECONNREFUSED
WARNING:tornado.general:Connect error on fd 1832: WSAECONNREFUSED
WARNING:tornado.general:Connect error on fd 352: WSAECONNREFUSED
WARNING:tornado.general:Connect error on fd 1796: WSAECONNREFUSED
WARNING:tornado.general:Connect error on fd 1824: WSAECONNREFUSED
WARNING:tornado.general:Connect error on fd 4408: WSAECONNREFUSED
WARNING:tornado.general:Connect error on fd 3716: WSAECONNREFUSED
WARNING:tornado.general:Connect error on fd 3304: WSAECONNREFUSED
WARNING:tornado.general:Connect error on fd 3732: WSAECONNREFUSED
WARNING:tornado.general:Connect error on fd 4036: WSAECONNREFUSED
WARNING:tornado.general:Connect error on fd 2316: WSAECONNREFUSED
WARNING:tornado.general:Connect error on fd 1648: WSAECONNREFUSED
WARNING:tornado.general:Connect error on fd 3648: WSAECONNREFUSED
WARNING:tornado.general:Connect error on fd 3344: WSAECONNREFUSED
WARNING:tornado.general:Connect error on fd 1796: WSAECONNREFUSED
WARNING:tornado.general:Connect error on fd 1824: WSAECONNREFUSED
WARNING:tornado.general:Connect error on fd 3716: WSAECONNREFUSED
WARNING:tornado.general:Connect error on fd 2580: WSAECONNREFUSED
WARNING:tornado.general:Connect error on fd 3648: WSAECONNREFUSED
WARNING:tornado.general:Connect error on fd 3612: WSAECONNREFUSED
WARNING:tornado.general:Connect error on fd 3776: WSAECONNREFUSED
WARNING:tornado.general:Connect error on fd 2912: WSAECONNREFUSED
WARNING:tornado.general:Connect error on fd 4728: WSAECONNREFUSED
WARNING:tornado.general:Connect error on fd 3096: WSAECONNREFUSED
WARNING:tornado.general:Connect error on fd 4104: WSAECONNREFUSED
WARNING:tornado.general:Connect error on fd 3868: WSAECONNREFUSED
WARNING:tornado.general:Connect error on fd 4556: WSAECONNREFUSED
WARNING:tornado.general:Connect error on fd 3912: WSAECONNREFUSED
WARNING:tornado.general:Connect error on fd 1956: WSAECONNREFUSED
WARNING:tornado.general:Connect error on fd 2036: WSAECONNREFUSED
WARNING:tornado.general:Connect error on fd 3248: WSAECONNREFUSED
WARNING:tornado.general:Connect error on fd 3096: WSAECONNREFUSED
WARNING:tornado.general:Connect error on fd 4728: WSAECONNREFUSED
WARNING:tornado.general:Connect error on fd 3096: WSAECONNREFUSED
WARNING:tornado.general:Connect error on fd 5080: WSAECONNREFUSED
WARNING:tornado.general:Connect error on fd 4392: WSAECONNREFUSED
WARNING:tornado.general:Connect error on fd 2172: WSAECONNREFUSED
WARNING:tornado.general:Connect error on fd 4956: WSAECONNREFUSED
WARNING:tornado.general:Connect error on fd 4956: WSAECONNREFUSED
WARNING:tornado.general:Connect error on fd 4080: WSAECONNREFUSED
WARNING:tornado.general:Connect error on fd 1684: WSAECONNREFUSED
WARNING:tornado.general:Connect error on fd 4836: WSAECONNREFUSED
WARNING:tornado.general:Connect error on fd 4732: WSAECONNREFUSED
WARNING:tornado.general:Connect error on fd 2956: WSAECONNREFUSED
WARNING:tornado.general:Connect error on fd 4572: WSAECONNREFUSED
WARNING:tornado.general:Connect error on fd 2052: WSAECONNREFUSED
WARNING:tornado.general:Connect error on fd 4692: WSAECONNREFUSED
WARNING:tornado.general:Connect error on fd 2920: WSAECONNREFUSED
WARNING:tornado.general:Connect error on fd 3604: WSAECONNREFUSED
WARNING:tornado.general:Connect error on fd 4972: WSAECONNREFUSED
WARNING:tornado.general:Connect error on fd 3648: WSAECONNREFUSED
WARNING:tornado.general:Connect error on fd 4364: WSAECONNREFUSED
WARNING:tornado.general:Connect error on fd 4180: WSAECONNREFUSED
WARNING:tornado.general:Connect error on fd 2172: WSAECONNREFUSED
WARNING:tornado.general:Connect error on fd 4112: WSAECONNREFUSED
WARNING:tornado.general:Connect error on fd 4112: WSAECONNREFUSED
WARNING:tornado.general:Connect error on fd 1656: WSAECONNREFUSED
WARNING:tornado.general:Connect error on fd 4276: WSAECONNREFUSED
WARNING:tornado.general:Connect error on fd 3656: WSAECONNREFUSED
WARNING:tornado.general:Connect error on fd 4784: WSAECONNREFUSED
WARNING:tornado.general:Connect error on fd 4312: WSAECONNREFUSED
WARNING:tornado.general:Connect error on fd 3196: WSAECONNREFUSED
WARNING:tornado.general:Connect error on fd 2000: WSAECONNREFUSED
WARNING:tornado.general:Connect error on fd 3964: WSAECONNREFUSED
WARNING:tornado.general:Connect error on fd 2328: WSAECONNREFUSED
WARNING:tornado.general:Connect error on fd 4948: WSAECONNREFUSED
WARNING:tornado.general:Connect error on fd 4640: WSAECONNREFUSED
WARNING:tornado.general:Connect error on fd 2172: WSAECONNREFUSED
WARNING:tornado.general:Connect error on fd 3148: WSAECONNREFUSED
WARNING:tornado.general:Connect error on fd 4796: WSAECONNREFUSED
WARNING:tornado.general:Connect error on fd 2828: WSAECONNREFUSED
WARNING:tornado.general:Connect error on fd 2776: WSAECONNREFUSED
WARNING:tornado.general:Connect error on fd 4828: WSAECONNREFUSED
WARNING:tornado.general:Connect error on fd 5108: WSAECONNREFUSED
WARNING:tornado.general:Connect error on fd 2000: WSAECONNREFUSED
WARNING:tornado.general:Connect error on fd 3964: WSAECONNREFUSED
WARNING:tornado.general:Connect error on fd 4616: WSAECONNREFUSED
WARNING:tornado.general:Connect error on fd 4616: WSAECONNREFUSED
WARNING:tornado.general:Connect error on fd 4080: WSAECONNREFUSED
WARNING:tornado.general:Connect error on fd 3884: WSAECONNREFUSED
WARNING:tornado.general:Connect error on fd 4552: WSAECONNREFUSED
WARNING:tornado.general:Connect error on fd 4000: WSAECONNREFUSED
WARNING:tornado.general:Connect error on fd 2564: WSAECONNREFUSED
WARNING:tornado.general:Connect error on fd 3572: WSAECONNREFUSED
WARNING:tornado.general:Connect error on fd 4144: WSAECONNREFUSED
WARNING:tornado.general:Connect error on fd 4848: WSAECONNREFUSED
WARNING:tornado.general:Connect error on fd 4608: WSAECONNREFUSED
WARNING:tornado.general:Connect error on fd 4292: WSAECONNREFUSED
WARNING:tornado.general:Connect error on fd 4436: WSAECONNREFUSED
WARNING:tornado.general:Connect error on fd 3456: WSAECONNREFUSED
WARNING:tornado.general:Connect error on fd 3572: WSAECONNREFUSED
WARNING:tornado.general:Connect error on fd 4072: WSAECONNREFUSED
WARNING:tornado.general:Connect error on fd 3064: WSAECONNREFUSED
WARNING:tornado.general:Connect error on fd 3688: WSAECONNREFUSED
WARNING:tornado.general:Connect error on fd 1944: WSAECONNREFUSED
WARNING:tornado.general:Connect error on fd 2288: WSAECONNREFUSED
WARNING:tornado.general:Connect error on fd 5056: WSAECONNREFUSED
WARNING:tornado.general:Connect error on fd 3208: WSAECONNREFUSED
WARNING:tornado.general:Connect error on fd 1868: WSAECONNREFUSED
WARNING:tornado.general:Connect error on fd 4880: WSAECONNREFUSED
WARNING:tornado.general:Connect error on fd 2800: WSAECONNREFUSED
WARNING:tornado.general:Connect error on fd 4840: WSAECONNREFUSED
WARNING:tornado.general:Connect error on fd 4352: WSAECONNREFUSED
WARNING:tornado.general:Connect error on fd 3572: WSAECONNREFUSED
WARNING:tornado.general:Connect error on fd 4072: WSAECONNREFUSED
WARNING:tornado.general:Connect error on fd 4932: WSAECONNREFUSED
WARNING:tornado.general:Connect error on fd 4400: WSAECONNREFUSED
WARNING:tornado.general:Connect error on fd 4860: WSAECONNREFUSED
WARNING:tornado.general:Connect error on fd 2360: WSAECONNREFUSED
WARNING:tornado.general:Connect error on fd 1760: WSAECONNREFUSED
WARNING:tornado.general:Connect error on fd 1760: WSAECONNREFUSED
WARNING:tornado.general:Connect error on fd 1904: WSAECONNREFUSED
WARNING:tornado.general:Connect error on fd 4716: WSAECONNREFUSED
WARNING:tornado.general:Connect error on fd 3940: WSAECONNREFUSED
WARNING:tornado.general:Connect error on fd 2852: WSAECONNREFUSED
WARNING:tornado.general:Connect error on fd 3184: WSAECONNREFUSED
WARNING:tornado.general:Connect error on fd 3576: WSAECONNREFUSED
WARNING:tornado.general:Connect error on fd 4068: WSAECONNREFUSED
WARNING:tornado.general:Connect error on fd 4432: WSAECONNREFUSED
WARNING:tornado.general:Connect error on fd 5020: WSAECONNREFUSED
WARNING:tornado.general:Connect error on fd 3832: WSAECONNREFUSED
WARNING:tornado.general:Connect error on fd 4688: WSAECONNREFUSED
WARNING:tornado.general:Connect error on fd 2884: WSAECONNREFUSED
WARNING:tornado.general:Connect error on fd 4580: WSAECONNREFUSED
WARNING:tornado.general:Connect error on fd 4792: WSAECONNREFUSED
WARNING:tornado.general:Connect error on fd 2892: WSAECONNREFUSED
WARNING:tornado.general:Connect error on fd 3108: WSAECONNREFUSED
WARNING:tornado.general:Connect error on fd 3108: WSAECONNREFUSED
WARNING:tornado.general:Connect error on fd 1588: WSAECONNREFUSED
WARNING:tornado.general:Connect error on fd 4252: WSAECONNREFUSED
WARNING:tornado.general:Connect error on fd 2140: WSAECONNREFUSED
WARNING:tornado.general:Connect error on fd 2028: WSAECONNREFUSED
WARNING:tornado.general:Connect error on fd 4356: WSAECONNREFUSED
WARNING:tornado.general:Connect error on fd 4044: WSAECONNREFUSED
WARNING:tornado.general:Connect error on fd 4588: WSAECONNREFUSED
WARNING:tornado.general:Connect error on fd 4376: WSAECONNREFUSED
WARNING:tornado.general:Connect error on fd 3044: WSAECONNREFUSED
WARNING:tornado.general:Connect error on fd 3628: WSAECONNREFUSED
WARNING:tornado.general:Connect error on fd 3252: WSAECONNREFUSED
WARNING:tornado.general:Connect error on fd 4300: WSAECONNREFUSED
WARNING:tornado.general:Connect error on fd 2024: WSAECONNREFUSED
WARNING:tornado.general:Connect error on fd 4412: WSAECONNREFUSED
WARNING:tornado.general:Connect error on fd 4376: WSAECONNREFUSED
WARNING:tornado.general:Connect error on fd 4588: WSAECONNREFUSED
WARNING:tornado.general:Connect error on fd 2204: WSAECONNREFUSED
WARNING:tornado.general:Connect error on fd 4936: WSAECONNREFUSED
WARNING:tornado.general:Connect error on fd 4476: WSAECONNREFUSED
WARNING:tornado.general:Connect error on fd 1784: WSAECONNREFUSED
WARNING:tornado.general:Connect error on fd 3972: WSAECONNREFUSED
WARNING:tornado.general:Connect error on fd 3972: WSAECONNREFUSED
WARNING:tornado.general:Connect error on fd 4564: WSAECONNREFUSED
WARNING:tornado.general:Connect error on fd 2736: WSAECONNREFUSED
WARNING:tornado.general:Connect error on fd 4604: WSAECONNREFUSED
WARNING:tornado.general:Connect error on fd 3520: WSAECONNREFUSED
WARNING:tornado.general:Connect error on fd 3056: WSAECONNREFUSED
WARNING:tornado.general:Connect error on fd 4652: WSAECONNREFUSED
WARNING:tornado.general:Connect error on fd 1672: WSAECONNREFUSED
WARNING:tornado.general:Connect error on fd 5084: WSAECONNREFUSED
WARNING:tornado.general:Connect error on fd 4712: WSAECONNREFUSED
WARNING:tornado.general:Connect error on fd 1828: WSAECONNREFUSED
WARNING:tornado.general:Connect error on fd 3432: WSAECONNREFUSED
WARNING:tornado.general:Connect error on fd 4980: WSAECONNREFUSED
WARNING:tornado.general:Connect error on fd 4544: WSAECONNREFUSED
WARNING:tornado.general:Connect error on fd 4136: WSAECONNREFUSED
WARNING:tornado.general:Connect error on fd 3520: WSAECONNREFUSED
WARNING:tornado.general:Connect error on fd 3852: WSAECONNREFUSED
WARNING:tornado.general:Connect error on fd 2896: WSAECONNREFUSED
WARNING:tornado.general:Connect error on fd 4536: WSAECONNREFUSED
WARNING:tornado.general:Connect error on fd 4544: WSAECONNREFUSED
WARNING:tornado.general:Connect error on fd 5112: WSAECONNREFUSED
WARNING:tornado.general:Connect error on fd 5052: WSAECONNREFUSED
WARNING:tornado.general:Connect error on fd 3540: WSAECONNREFUSED
WARNING:tornado.general:Connect error on fd 4228: WSAECONNREFUSED
WARNING:tornado.general:Connect error on fd 4388: WSAECONNREFUSED
WARNING:tornado.general:Connect error on fd 4668: WSAECONNREFUSED
WARNING:tornado.general:Connect error on fd 2988: WSAECONNREFUSED
WARNING:tornado.general:Connect error on fd 4236: WSAECONNREFUSED
WARNING:tornado.general:Connect error on fd 5044: WSAECONNREFUSED
WARNING:tornado.general:Connect error on fd 4560: WSAECONNREFUSED
WARNING:tornado.general:Connect error on fd 4360: WSAECONNREFUSED
WARNING:tornado.general:Connect error on fd 1996: WSAECONNREFUSED
WARNING:tornado.general:Connect error on fd 3608: WSAECONNREFUSED
WARNING:tornado.general:Connect error on fd 3608: WSAECONNREFUSED
WARNING:tornado.general:Connect error on fd 4904: WSAECONNREFUSED
WARNING:tornado.general:Connect error on fd 4536: WSAECONNREFUSED
WARNING:tornado.general:Connect error on fd 2896: WSAECONNREFUSED
WARNING:tornado.general:Connect error on fd 3328: WSAECONNREFUSED
WARNING:tornado.general:Connect error on fd 3100: WSAECONNREFUSED
WARNING:tornado.general:Connect error on fd 1316: WSAECONNREFUSED
WARNING:tornado.general:Connect error on fd 3328: WSAECONNREFUSED
WARNING:tornado.general:Connect error on fd 4996: WSAECONNREFUSED
WARNING:tornado.general:Connect error on fd 2032: WSAECONNREFUSED
WARNING:tornado.general:Connect error on fd 4856: WSAECONNREFUSED
WARNING:tornado.general:Connect error on fd 3320: WSAECONNREFUSED
WARNING:tornado.general:Connect error on fd 4032: WSAECONNREFUSED
WARNING:tornado.general:Connect error on fd 2680: WSAECONNREFUSED
WARNING:tornado.general:Connect error on fd 2752: WSAECONNREFUSED
WARNING:tornado.general:Connect error on fd 1848: WSAECONNREFUSED
WARNING:tornado.general:Connect error on fd 3740: WSAECONNREFUSED
WARNING:tornado.general:Connect error on fd 1848: WSAECONNREFUSED
WARNING:tornado.general:Connect error on fd 5092: WSAECONNREFUSED
WARNING:tornado.general:Connect error on fd 2764: WSAECONNREFUSED
WARNING:tornado.general:Connect error on fd 2692: WSAECONNREFUSED
WARNING:tornado.general:Connect error on fd 1804: WSAECONNREFUSED
WARNING:tornado.general:Connect error on fd 3548: WSAECONNREFUSED
WARNING:tornado.general:Connect error on fd 3188: WSAECONNREFUSED
WARNING:tornado.general:Connect error on fd 3032: WSAECONNREFUSED
WARNING:tornado.general:Connect error on fd 4684: WSAECONNREFUSED
WARNING:tornado.general:Connect error on fd 2812: WSAECONNREFUSED
WARNING:tornado.general:Connect error on fd 2456: WSAECONNREFUSED
WARNING:tornado.general:Connect error on fd 1768: WSAECONNREFUSED
WARNING:tornado.general:Connect error on fd 3900: WSAECONNREFUSED
WARNING:tornado.general:Connect error on fd 1900: WSAECONNREFUSED
WARNING:tornado.general:Connect error on fd 4296: WSAECONNREFUSED
WARNING:tornado.general:Connect error on fd 1644: WSAECONNREFUSED
WARNING:tornado.general:Connect error on fd 1848: WSAECONNREFUSED
WARNING:tornado.general:Connect error on fd 1644: WSAECONNREFUSED
WARNING:tornado.general:Connect error on fd 2416: WSAECONNREFUSED
WARNING:tornado.general:Connect error on fd 4752: WSAECONNREFUSED
WARNING:tornado.general:Connect error on fd 2764: WSAECONNREFUSED
WARNING:tornado.general:Connect error on fd 3292: WSAECONNREFUSED
WARNING:tornado.general:Connect error on fd 3292: WSAECONNREFUSED
WARNING:tornado.general:Connect error on fd 3980: WSAECONNREFUSED
WARNING:tornado.general:Connect error on fd 3100: WSAECONNREFUSED
WARNING:tornado.general:Connect error on fd 3320: WSAECONNREFUSED
WARNING:tornado.general:Connect error on fd 2604: WSAECONNREFUSED
WARNING:tornado.general:Connect error on fd 3484: WSAECONNREFUSED
WARNING:tornado.general:Connect error on fd 3892: WSAECONNREFUSED
WARNING:tornado.general:Connect error on fd 3320: WSAECONNREFUSED
WARNING:tornado.general:Connect error on fd 3936: WSAECONNREFUSED
WARNING:tornado.general:Connect error on fd 4892: WSAECONNREFUSED
WARNING:tornado.general:Connect error on fd 4236: WSAECONNREFUSED
WARNING:tornado.general:Connect error on fd 3228: WSAECONNREFUSED
WARNING:tornado.general:Connect error on fd 4360: WSAECONNREFUSED
WARNING:tornado.general:Connect error on fd 4200: WSAECONNREFUSED
WARNING:tornado.general:Connect error on fd 3740: WSAECONNREFUSED
WARNING:tornado.general:Connect error on fd 2416: WSAECONNREFUSED
WARNING:tornado.general:Connect error on fd 3796: WSAECONNREFUSED
WARNING:tornado.general:Connect error on fd 2076: WSAECONNREFUSED
WARNING:tornado.general:Connect error on fd 2604: WSAECONNREFUSED
WARNING:tornado.general:Connect error on fd 3100: WSAECONNREFUSED
WARNING:tornado.general:Connect error on fd 3936: WSAECONNREFUSED
WARNING:tornado.general:Connect error on fd 2324: WSAECONNREFUSED
WARNING:tornado.general:Connect error on fd 1644: WSAECONNREFUSED
WARNING:tornado.general:Connect error on fd 4200: WSAECONNREFUSED
WARNING:tornado.general:Connect error on fd 3640: WSAECONNREFUSED
WARNING:tornado.general:Connect error on fd 4520: WSAECONNREFUSED
WARNING:tornado.general:Connect error on fd 3432: WSAECONNREFUSED
WARNING:tornado.general:Connect error on fd 3340: WSAECONNREFUSED
WARNING:tornado.general:Connect error on fd 3432: WSAECONNREFUSED
WARNING:tornado.general:Connect error on fd 4284: WSAECONNREFUSED
WARNING:tornado.general:Connect error on fd 3056: WSAECONNREFUSED
WARNING:tornado.general:Connect error on fd 3560: WSAECONNREFUSED
WARNING:tornado.general:Connect error on fd 3972: WSAECONNREFUSED
WARNING:tornado.general:Connect error on fd 3972: WSAECONNREFUSED
WARNING:tornado.general:Connect error on fd 3984: WSAECONNREFUSED
WARNING:tornado.general:Connect error on fd 2004: WSAECONNREFUSED
WARNING:tornado.general:Connect error on fd 2492: WSAECONNREFUSED
WARNING:tornado.general:Connect error on fd 4016: WSAECONNREFUSED
WARNING:tornado.general:Connect error on fd 2268: WSAECONNREFUSED
WARNING:tornado.general:Connect error on fd 3600: WSAECONNREFUSED
WARNING:tornado.general:Connect error on fd 1324: WSAECONNREFUSED
WARNING:tornado.general:Connect error on fd 2492: WSAECONNREFUSED
WARNING:tornado.general:Connect error on fd 2004: WSAECONNREFUSED
WARNING:tornado.general:Connect error on fd 3984: WSAECONNREFUSED
WARNING:tornado.general:Connect error on fd 2520: WSAECONNREFUSED
WARNING:tornado.general:Connect error on fd 4820: WSAECONNREFUSED
WARNING:tornado.general:Connect error on fd 4496: WSAECONNREFUSED
WARNING:tornado.general:Connect error on fd 3680: WSAECONNREFUSED
WARNING:tornado.general:Connect error on fd 4132: WSAECONNREFUSED
WARNING:tornado.general:Connect error on fd 2160: WSAECONNREFUSED
WARNING:tornado.general:Connect error on fd 4120: WSAECONNREFUSED
WARNING:tornado.general:Connect error on fd 4380: WSAECONNREFUSED
WARNING:tornado.general:Connect error on fd 4368: WSAECONNREFUSED
WARNING:tornado.general:Connect error on fd 4992: WSAECONNREFUSED
WARNING:tornado.general:Connect error on fd 2168: WSAECONNREFUSED
WARNING:tornado.general:Connect error on fd 2168: WSAECONNREFUSED
WARNING:tornado.general:Connect error on fd 3984: WSAECONNREFUSED
WARNING:tornado.general:Connect error on fd 3416: WSAECONNREFUSED
WARNING:tornado.general:Connect error on fd 2164: WSAECONNREFUSED
WARNING:tornado.general:Connect error on fd 4852: WSAECONNREFUSED
WARNING:tornado.general:Connect error on fd 3520: WSAECONNREFUSED
WARNING:tornado.general:Connect error on fd 4852: WSAECONNREFUSED
WARNING:tornado.general:Connect error on fd 3796: WSAECONNREFUSED
WARNING:tornado.general:Connect error on fd 3228: WSAECONNREFUSED
WARNING:tornado.general:Connect error on fd 3512: WSAECONNREFUSED
WARNING:tornado.general:Connect error on fd 2644: WSAECONNREFUSED
WARNING:tornado.general:Connect error on fd 1700: WSAECONNREFUSED
WARNING:tornado.general:Connect error on fd 4964: WSAECONNREFUSED
WARNING:tornado.general:Connect error on fd 3320: WSAECONNREFUSED
WARNING:tornado.general:Connect error on fd 4592: WSAECONNREFUSED
WARNING:tornado.general:Connect error on fd 1556: WSAECONNREFUSED
WARNING:tornado.general:Connect error on fd 2232: WSAECONNREFUSED
WARNING:tornado.general:Connect error on fd 2232: WSAECONNREFUSED
WARNING:tornado.general:Connect error on fd 3712: WSAECONNREFUSED
WARNING:tornado.general:Connect error on fd 3400: WSAECONNREFUSED
WARNING:tornado.general:Connect error on fd 2132: WSAECONNREFUSED
WARNING:tornado.general:Connect error on fd 2184: WSAECONNREFUSED
WARNING:tornado.general:Connect error on fd 2656: WSAECONNREFUSED
WARNING:tornado.general:Connect error on fd 2148: WSAECONNREFUSED
WARNING:tornado.general:Connect error on fd 3320: WSAECONNREFUSED
WARNING:tornado.general:Connect error on fd 1840: WSAECONNREFUSED
WARNING:tornado.general:Connect error on fd 3232: WSAECONNREFUSED
WARNING:tornado.general:Connect error on fd 4892: WSAECONNREFUSED
WARNING:tornado.general:Connect error on fd 2644: WSAECONNREFUSED
WARNING:tornado.general:Connect error on fd 3200: WSAECONNREFUSED
WARNING:tornado.general:Connect error on fd 4256: WSAECONNREFUSED
WARNING:tornado.general:Connect error on fd 3540: WSAECONNREFUSED
WARNING:tornado.general:Connect error on fd 3712: WSAECONNREFUSED
WARNING:tornado.general:Connect error on fd 5052: WSAECONNREFUSED
WARNING:tornado.general:Connect error on fd 3720: WSAECONNREFUSED
WARNING:tornado.general:Connect error on fd 4204: WSAECONNREFUSED
WARNING:tornado.general:Connect error on fd 3548: WSAECONNREFUSED
WARNING:tornado.general:Connect error on fd 4296: WSAECONNREFUSED
WARNING:tornado.general:Connect error on fd 2240: WSAECONNREFUSED
WARNING:tornado.general:Connect error on fd 3536: WSAECONNREFUSED
WARNING:tornado.general:Connect error on fd 3188: WSAECONNREFUSED
WARNING:tornado.general:Connect error on fd 4084: WSAECONNREFUSED
WARNING:tornado.general:Connect error on fd 3796: WSAECONNREFUSED
WARNING:tornado.general:Connect error on fd 4636: WSAECONNREFUSED
WARNING:tornado.general:Connect error on fd 2752: WSAECONNREFUSED
WARNING:tornado.general:Connect error on fd 4636: WSAECONNREFUSED
WARNING:tornado.general:Connect error on fd 3356: WSAECONNREFUSED
WARNING:tornado.general:Connect error on fd 3036: WSAECONNREFUSED
WARNING:tornado.general:Connect error on fd 3224: WSAECONNREFUSED
WARNING:tornado.general:Connect error on fd 3400: WSAECONNREFUSED
WARNING:tornado.general:Connect error on fd 3400: WSAECONNREFUSED
WARNING:tornado.general:Connect error on fd 4700: WSAECONNREFUSED
WARNING:tornado.general:Connect error on fd 3216: WSAECONNREFUSED
WARNING:tornado.general:Connect error on fd 4084: WSAECONNREFUSED
WARNING:tornado.general:Connect error on fd 2088: WSAECONNREFUSED
WARNING:tornado.general:Connect error on fd 3796: WSAECONNREFUSED
WARNING:tornado.general:Connect error on fd 1952: WSAECONNREFUSED
WARNING:tornado.general:Connect error on fd 3632: WSAECONNREFUSED
WARNING:tornado.general:Connect error on fd 1928: WSAECONNREFUSED
WARNING:tornado.general:Connect error on fd 4304: WSAECONNREFUSED
WARNING:tornado.general:Connect error on fd 4600: WSAECONNREFUSED
WARNING:tornado.general:Connect error on fd 3300: WSAECONNREFUSED
WARNING:tornado.general:Connect error on fd 3192: WSAECONNREFUSED
WARNING:tornado.general:Connect error on fd 3660: WSAECONNREFUSED
WARNING:tornado.general:Connect error on fd 3684: WSAECONNREFUSED
WARNING:tornado.general:Connect error on fd 2280: WSAECONNREFUSED
WARNING:tornado.general:Connect error on fd 1848: WSAECONNREFUSED
WARNING:tornado.general:Connect error on fd 4084: WSAECONNREFUSED
WARNING:tornado.general:Connect error on fd 3320: WSAECONNREFUSED
WARNING:tornado.general:Connect error on fd 236: WSAECONNREFUSED
WARNING:tornado.general:Connect error on fd 1880: WSAECONNREFUSED
WARNING:tornado.general:Connect error on fd 2444: WSAECONNREFUSED
WARNING:tornado.general:Connect error on fd 4908: WSAECONNREFUSED
WARNING:tornado.general:Connect error on fd 4908: WSAECONNREFUSED
WARNING:tornado.general:Connect error on fd 3212: WSAECONNREFUSED
WARNING:tornado.general:Connect error on fd 232: WSAECONNREFUSED
WARNING:tornado.general:Connect error on fd 3580: WSAECONNREFUSED
WARNING:tornado.general:Connect error on fd 4256: WSAECONNREFUSED
WARNING:tornado.general:Connect error on fd 3720: WSAECONNREFUSED
WARNING:tornado.general:Connect error on fd 4204: WSAECONNREFUSED
WARNING:tornado.general:Connect error on fd 2600: WSAECONNREFUSED
WARNING:tornado.general:Connect error on fd 4380: WSAECONNREFUSED
WARNING:tornado.general:Connect error on fd 5112: WSAECONNREFUSED
WARNING:tornado.general:Connect error on fd 3580: WSAECONNREFUSED
WARNING:tornado.general:Connect error on fd 232: WSAECONNREFUSED
WARNING:tornado.general:Connect error on fd 3400: WSAECONNREFUSED
WARNING:tornado.general:Connect error on fd 3188: WSAECONNREFUSED
WARNING:tornado.general:Connect error on fd 4124: WSAECONNREFUSED
WARNING:tornado.general:Connect error on fd 4240: WSAECONNREFUSED
WARNING:tornado.general:Connect error on fd 2752: WSAECONNREFUSED
WARNING:tornado.general:Connect error on fd 2752: WSAECONNREFUSED
WARNING:tornado.general:Connect error on fd 2820: WSAECONNREFUSED
WARNING:tornado.general:Connect error on fd 2780: WSAECONNREFUSED
WARNING:tornado.general:Connect error on fd 4876: WSAECONNREFUSED
WARNING:tornado.general:Connect error on fd 1780: WSAECONNREFUSED
WARNING:tornado.general:Connect error on fd 4204: WSAECONNREFUSED
WARNING:tornado.general:Connect error on fd 4256: WSAECONNREFUSED
WARNING:tornado.general:Connect error on fd 5032: WSAECONNREFUSED
WARNING:tornado.general:Connect error on fd 5112: WSAECONNREFUSED
WARNING:tornado.general:Connect error on fd 3400: WSAECONNREFUSED
WARNING:tornado.general:Connect error on fd 3684: WSAECONNREFUSED
WARNING:tornado.general:Connect error on fd 2272: WSAECONNREFUSED
WARNING:tornado.general:Connect error on fd 2012: WSAECONNREFUSED
WARNING:tornado.general:Connect error on fd 3188: WSAECONNREFUSED
WARNING:tornado.general:Connect error on fd 3368: WSAECONNREFUSED
WARNING:tornado.general:Connect error on fd 4852: WSAECONNREFUSED
WARNING:tornado.general:Connect error on fd 4256: WSAECONNREFUSED
WARNING:tornado.general:Connect error on fd 3192: WSAECONNREFUSED
WARNING:tornado.general:Connect error on fd 4224: WSAECONNREFUSED
WARNING:tornado.general:Connect error on fd 3580: WSAECONNREFUSED
WARNING:tornado.general:Connect error on fd 2468: WSAECONNREFUSED
WARNING:tornado.general:Connect error on fd 4008: WSAECONNREFUSED
WARNING:tornado.general:Connect error on fd 4240: WSAECONNREFUSED
WARNING:tornado.general:Connect error on fd 2444: WSAECONNREFUSED
WARNING:tornado.general:Connect error on fd 3712: WSAECONNREFUSED
WARNING:tornado.general:Connect error on fd 1840: WSAECONNREFUSED
WARNING:tornado.general:Connect error on fd 2240: WSAECONNREFUSED
WARNING:tornado.general:Connect error on fd 5048: WSAECONNREFUSED
WARNING:tornado.general:Connect error on fd 4528: WSAECONNREFUSED
WARNING:tornado.general:Connect error on fd 3320: WSAECONNREFUSED
WARNING:tornado.general:Connect error on fd 4244: WSAECONNREFUSED
WARNING:tornado.general:Connect error on fd 3724: WSAECONNREFUSED
WARNING:tornado.general:Connect error on fd 4600: WSAECONNREFUSED
WARNING:tornado.general:Connect error on fd 4600: WSAECONNREFUSED
WARNING:tornado.general:Connect error on fd 1644: WSAECONNREFUSED
WARNING:tornado.general:Connect error on fd 5052: WSAECONNREFUSED
WARNING:tornado.general:Connect error on fd 2468: WSAECONNREFUSED
WARNING:tornado.general:Connect error on fd 3232: WSAECONNREFUSED
WARNING:tornado.general:Connect error on fd 3568: WSAECONNREFUSED
WARNING:tornado.general:Connect error on fd 4008: WSAECONNREFUSED
WARNING:tornado.general:Connect error on fd 4964: WSAECONNREFUSED
WARNING:tornado.general:Connect error on fd 4892: WSAECONNREFUSED
WARNING:tornado.general:Connect error on fd 2688: WSAECONNREFUSED
WARNING:tornado.general:Connect error on fd 3212: WSAECONNREFUSED
WARNING:tornado.general:Connect error on fd 3632: WSAECONNREFUSED
WARNING:tornado.general:Connect error on fd 2600: WSAECONNREFUSED
WARNING:tornado.general:Connect error on fd 3200: WSAECONNREFUSED
WARNING:tornado.general:Connect error on fd 3220: WSAECONNREFUSED
WARNING:tornado.general:Connect error on fd 232: WSAECONNREFUSED
WARNING:tornado.general:Connect error on fd 3492: WSAECONNREFUSED
WARNING:tornado.general:Connect error on fd 4984: WSAECONNREFUSED
WARNING:tornado.general:Connect error on fd 3356: WSAECONNREFUSED
WARNING:tornado.general:Connect error on fd 4428: WSAECONNREFUSED
WARNING:tornado.general:Connect error on fd 2500: WSAECONNREFUSED
WARNING:tornado.general:Connect error on fd 4152: WSAECONNREFUSED
WARNING:tornado.general:Connect error on fd 4528: WSAECONNREFUSED
WARNING:tornado.general:Connect error on fd 3584: WSAECONNREFUSED
WARNING:tornado.general:Connect error on fd 4200: WSAECONNREFUSED
WARNING:tornado.general:Connect error on fd 4152: WSAECONNREFUSED
WARNING:tornado.general:Connect error on fd 4964: WSAECONNREFUSED
WARNING:tornado.general:Connect error on fd 2284: WSAECONNREFUSED
WARNING:tornado.general:Connect error on fd 3172: WSAECONNREFUSED
WARNING:tornado.general:Connect error on fd 4600: WSAECONNREFUSED
WARNING:tornado.general:Connect error on fd 2500: WSAECONNREFUSED
WARNING:tornado.general:Connect error on fd 3848: WSAECONNREFUSED
WARNING:tornado.general:Connect error on fd 2148: WSAECONNREFUSED
WARNING:tornado.general:Connect error on fd 4424: WSAECONNREFUSED
WARNING:tornado.general:Connect error on fd 2656: WSAECONNREFUSED
WARNING:tornado.general:Connect error on fd 4632: WSAECONNREFUSED
WARNING:tornado.general:Connect error on fd 2152: WSAECONNREFUSED
WARNING:tornado.general:Connect error on fd 3896: WSAECONNREFUSED
WARNING:tornado.general:Connect error on fd 4204: WSAECONNREFUSED
WARNING:tornado.general:Connect error on fd 5088: WSAECONNREFUSED
WARNING:tornado.general:Connect error on fd 4496: WSAECONNREFUSED
WARNING:tornado.general:Connect error on fd 4656: WSAECONNREFUSED
WARNING:tornado.general:Connect error on fd 2292: WSAECONNREFUSED
WARNING:tornado.general:Connect error on fd 3628: WSAECONNREFUSED
WARNING:tornado.general:Connect error on fd 2736: WSAECONNREFUSED
WARNING:tornado.general:Connect error on fd 4132: WSAECONNREFUSED
WARNING:tornado.general:Connect error on fd 2012: WSAECONNREFUSED
WARNING:tornado.general:Connect error on fd 1768: WSAECONNREFUSED
WARNING:tornado.general:Connect error on fd 4964: WSAECONNREFUSED
WARNING:tornado.general:Connect error on fd 3720: WSAECONNREFUSED
WARNING:tornado.general:Connect error on fd 3600: WSAECONNREFUSED
WARNING:tornado.general:Connect error on fd 3492: WSAECONNREFUSED
WARNING:tornado.general:Connect error on fd 2292: WSAECONNREFUSED
WARNING:tornado.general:Connect error on fd 2284: WSAECONNREFUSED
WARNING:tornado.general:Connect error on fd 4304: WSAECONNREFUSED
WARNING:tornado.general:Connect error on fd 2764: WSAECONNREFUSED
WARNING:tornado.general:Connect error on fd 2764: WSAECONNREFUSED
WARNING:tornado.general:Connect error on fd 3216: WSAECONNREFUSED
WARNING:tornado.general:Connect error on fd 4304: WSAECONNREFUSED
WARNING:tornado.general:Connect error on fd 4032: WSAECONNREFUSED
WARNING:tornado.general:Connect error on fd 4268: WSAECONNREFUSED
WARNING:tornado.general:Connect error on fd 2284: WSAECONNREFUSED
WARNING:tornado.general:Connect error on fd 2292: WSAECONNREFUSED
WARNING:tornado.general:Connect error on fd 1836: WSAECONNREFUSED
WARNING:tornado.general:Connect error on fd 3540: WSAECONNREFUSED
WARNING:tornado.general:Connect error on fd 3492: WSAECONNREFUSED
WARNING:tornado.general:Connect error on fd 2356: WSAECONNREFUSED
WARNING:tornado.general:Connect error on fd 1672: WSAECONNREFUSED
WARNING:tornado.general:Connect error on fd 3212: WSAECONNREFUSED
WARNING:tornado.general:Connect error on fd 4248: WSAECONNREFUSED
WARNING:tornado.general:Connect error on fd 4852: WSAECONNREFUSED
WARNING:tornado.general:Connect error on fd 2356: WSAECONNREFUSED
WARNING:tornado.general:Connect error on fd 2100: WSAECONNREFUSED
WARNING:tornado.general:Connect error on fd 2100: WSAECONNREFUSED
WARNING:tornado.general:Connect error on fd 4740: WSAECONNREFUSED
WARNING:tornado.general:Connect error on fd 2856: WSAECONNREFUSED
WARNING:tornado.general:Connect error on fd 4684: WSAECONNREFUSED
WARNING:tornado.general:Connect error on fd 3684: WSAECONNREFUSED
WARNING:tornado.general:Connect error on fd 1940: WSAECONNREFUSED
WARNING:tornado.general:Connect error on fd 3200: WSAECONNREFUSED
WARNING:tornado.general:Connect error on fd 4032: WSAECONNREFUSED
WARNING:tornado.general:Connect error on fd 2108: WSAECONNREFUSED
WARNING:tornado.general:Connect error on fd 3296: WSAECONNREFUSED
WARNING:tornado.general:Connect error on fd 4240: WSAECONNREFUSED
WARNING:tornado.general:Connect error on fd 4224: WSAECONNREFUSED
WARNING:tornado.general:Connect error on fd 3844: WSAECONNREFUSED
WARNING:tornado.general:Connect error on fd 4008: WSAECONNREFUSED
WARNING:tornado.general:Connect error on fd 2356: WSAECONNREFUSED
WARNING:tornado.general:Connect error on fd 4528: WSAECONNREFUSED
WARNING:tornado.general:Connect error on fd 4984: WSAECONNREFUSED
WARNING:tornado.general:Connect error on fd 2152: WSAECONNREFUSED
WARNING:tornado.general:Connect error on fd 2032: WSAECONNREFUSED
WARNING:tornado.general:Connect error on fd 3928: WSAECONNREFUSED
WARNING:tornado.general:Connect error on fd 4684: WSAECONNREFUSED
WARNING:tornado.general:Connect error on fd 4212: WSAECONNREFUSED
WARNING:tornado.general:Connect error on fd 4268: WSAECONNREFUSED
WARNING:tornado.general:Connect error on fd 4516: WSAECONNREFUSED
WARNING:tornado.general:Connect error on fd 2284: WSAECONNREFUSED
WARNING:tornado.general:Connect error on fd 2676: WSAECONNREFUSED
WARNING:tornado.general:Connect error on fd 3432: WSAECONNREFUSED
WARNING:tornado.general:Connect error on fd 4632: WSAECONNREFUSED
WARNING:tornado.general:Connect error on fd 4444: WSAECONNREFUSED
WARNING:tornado.general:Connect error on fd 3580: WSAECONNREFUSED
WARNING:tornado.general:Connect error on fd 3680: WSAECONNREFUSED
WARNING:tornado.general:Connect error on fd 2184: WSAECONNREFUSED
WARNING:tornado.general:Connect error on fd 2764: WSAECONNREFUSED
WARNING:tornado.general:Connect error on fd 2764: WSAECONNREFUSED
WARNING:tornado.general:Connect error on fd 4020: WSAECONNREFUSED
