Episode,Start_X,Start_Y,Target_X,Target_Y,Total_Reward,Collisions,Steps,Navigation_Time,Path_Length,Obstacle_Avoidance_Count,Final_Distance,Success
1,32.521671295166016,29.032072067260742,11.83347225189209,-13.683388710021973,-150.3102383995056,1,1,1.0924715995788574,0.638496458530426,1,46.82927322387695,0
2,3.065030574798584,-31.092445373535156,45.573768615722656,-45.84211349487305,-414.0788985776901,1,40,45.00510358810425,48.21484813094139,3,59.80762481689453,0
3,38.391990661621094,13.963887214660645,-11.49622917175293,41.73494338989258,-122.88313304185867,1,1,1.1193969249725342,9.5367431640625e-07,0,57.09699249267578,0
4,46.96092987060547,8.977416038513184,-33.9092903137207,-37.95680236816406,-154.58216512203217,1,1,1.1651978492736816,0.9614377021789551,1,93.11629486083984,0
5,-31.197345733642578,9.168967247009277,46.34762954711914,-5.587185382843018,-194.5701814365387,1,10,11.21223759651184,9.94538813829422,1,79.23570251464844,0
6,13.670148849487305,-35.20305633544922,62.150787353515625,17.914052963256836,-52.61109207868576,1,15,16.695327281951904,18.921726241707802,1,53.04802703857422,0
7,21.294239044189453,37.88956069946289,47.653621673583984,0.4588795304298401,-242.12521530151372,1,17,18.910109519958496,16.343914538621902,1,51.87002182006836,0
8,-15.898539543151855,31.1134090423584,9.496726989746094,18.885547637939453,-4520.786745213272,0,400,422.71059370040894,391.01929296180606,0,287.3573913574219,0
9,36.75792694091797,35.18814468383789,-49.82096481323242,48.82370376586914,-180.59544852495193,1,4,4.3852317333221436,2.1027634874917567,1,88.8867416381836,0
10,-7.982159614562988,-47.57756423950195,29.975032806396484,-28.654090881347656,-660.2223845529555,1,94,105.0741913318634,112.07801881432533,1,77.89063262939453,0
11,-0.5775749683380127,36.154632568359375,0.8510902523994446,-11.767088890075684,-7714.124986752279,0,400,424.6222722530365,480.058061347343,0,458.6424865722656,0
12,-8.247936248779297,44.60227966308594,-39.04689025878906,49.48443603515625,-271.82490354359146,1,139,154.61741852760315,117.30947468429804,2,14.098814964294434,0
13,-54.82028579711914,25.759235382080078,58.74421310424805,26.283939361572266,-3709.1509167634313,0,400,453.7456216812134,304.68801894783974,0,210.52084350585938,0
14,-25.863813400268555,-31.58652114868164,47.40030288696289,14.862774848937988,-121.6714548277855,1,1,1.1461992263793945,0.5126019716262817,0,86.41370391845703,0
15,51.22003936767578,2.81040620803833,6.035960674285889,23.195127487182617,-233.9255992388725,1,4,4.581554174423218,3.616346061229706,4,52.38740158081055,0
16,-41.47856521606445,-4.985994338989258,-22.551156997680664,18.422504425048828,-427.3628641609102,1,85,97.86098194122314,49.87439577281475,2,42.521461486816406,0
17,-21.215917587280273,-9.846508026123047,32.70690155029297,-6.434848785400391,-270.16172914594415,1,87,99.57833933830261,73.58115808665752,1,44.88359832763672,0
18,-12.463269233703613,22.5291690826416,32.485450744628906,24.017776489257812,-442.3629872047901,1,93,105.47912812232971,69.66747383773327,10,45.15682601928711,0
19,-53.044166564941406,48.194210052490234,29.96312141418457,-9.073123931884766,-2180.377527883799,0,400,445.9311966896057,337.90781734883785,1,147.4661102294922,0
20,-42.31370544433594,36.99720764160156,-20.9293212890625,-40.557918548583984,-166.84634978652002,1,10,11.555457353591919,9.26440754532814,4,71.82290649414062,0
21,27.60518455505371,-24.70562171936035,-18.24418830871582,-3.218980073928833,-178.56493438631318,0,400,447.1966588497162,227.6097749620676,0,20.364093780517578,0
22,-53.797996520996094,-3.4593472480773926,35.08158493041992,28.710575103759766,-361.70030370600523,0,400,451.4990496635437,215.6068563722074,0,33.663856506347656,0
23,0.2567307651042938,44.339202880859375,33.79931640625,31.604122161865234,-354.2360887371005,0,400,456.6263883113861,218.09437499195337,0,15.928731918334961,0
24,18.975099563598633,-36.13663101196289,54.46492385864258,-26.271907806396484,-146.7143237656355,1,23,25.853376865386963,16.1213611215353,1,31.002384185791016,0
25,-2.502866268157959,44.0473518371582,-37.50185012817383,-24.19697380065918,-28.500994732379908,1,15,16.873459339141846,19.73921200633049,0,58.22146224975586,0
26,32.084716796875,-46.3857307434082,-33.892494201660156,48.24515151977539,276.38424830198306,1,63,71.05680513381958,90.54050916433334,1,30.140085220336914,0
27,56.86712646484375,-0.8083720207214355,-17.206451416015625,45.41183090209961,-128.76063044786454,1,1,1.118621826171875,1.1429336071014404,0,87.85343170166016,0
28,-29.61275863647461,9.118497848510742,49.15114974975586,20.09850311279297,-142.61676485180865,1,249,279.58272647857666,153.93406104668975,1,24.269765853881836,0
29,3.147885799407959,33.10343551635742,48.01597213745117,-5.0006842613220215,-435.6227756755056,0,400,461.7991089820862,229.00798021443188,21,29.00029754638672,0
30,-2.8176629543304443,2.6458964347839355,29.744972229003906,16.871578216552734,-5.150391667783268,1,149,169.90782713890076,83.17403508722782,2,6.894275665283203,0
31,-5.997725009918213,-26.265836715698242,30.503253936767578,18.46170997619629,145.07521857880076,0,400,445.19104838371277,227.38246332108974,0,5.38596773147583,0
32,67.11534881591797,-16.64535903930664,-12.635110855102539,-11.6693115234375,-119.32765205860139,1,7,7.653543472290039,5.760455399751663,0,76.2684555053711,0
33,-22.511478424072266,-44.94247817993164,-34.765506744384766,-2.0064685344696045,-130.94079818248747,1,4,4.4375200271606445,4.597336262464523,1,40.69527053833008,0
34,53.73810958862305,-23.146188735961914,-23.742706298828125,31.71869659423828,-185.42618876457215,1,3,3.2853684425354004,1.9321772754192352,2,93.02653503417969,0
35,13.534646034240723,-37.70112228393555,72.4346694946289,-12.72019100189209,-9.928400790691398,1,23,25.752371311187744,27.491646885871887,1,37.80510330200195,0
36,61.47826385498047,-33.98774337768555,74.32057189941406,21.332534790039062,-133.49923546791078,1,13,14.314656972885132,17.786898285150528,1,49.775794982910156,0
37,-57.931888580322266,-41.345542907714844,20.004074096679688,40.00973892211914,333.65263875186406,0,400,450.73038244247437,275.58765003085136,1,11.76162052154541,0
38,14.931761741638184,-11.665853500366211,-23.035554885864258,-11.438139915466309,366.1617420864106,0,37,42.55084228515625,38.442452520132065,0,0.8964248895645142,1
39,-49.48222732543945,-17.330646514892578,24.153472900390625,-2.9408984184265137,161.48968620933624,0,400,455.0311543941498,197.4497854784131,0,10.404356956481934,0
40,54.43333053588867,-43.95972442626953,71.09343719482422,38.91669845581055,-147.21683866500854,1,23,25.567538022994995,31.26859286427498,1,72.15673828125,0
41,-12.05615520477295,1.045798659324646,27.693519592285156,-15.370322227478027,-84.08078144084668,0,400,448.73441195487976,170.79986864328384,0,13.619128227233887,0
42,39.493080139160156,-21.3695125579834,8.002225875854492,-25.37372589111328,-118.7734360408783,1,1,1.0946574211120605,0.360521525144577,0,31.39228630065918,0
43,72.62863159179688,41.43495178222656,5.548139572143555,-32.90135955810547,2.965125002861015,1,32,34.74360632896423,38.26765754818916,1,63.26645278930664,0
44,14.705405235290527,29.959566116333008,24.6611385345459,-46.90567398071289,-94.2831440114975,1,51,56.77260136604309,62.84011259675026,1,49.387027740478516,0
45,13.864653587341309,2.646731376647949,-7.06743860244751,13.27386474609375,267.57194557547575,0,50,55.796319246292114,29.539137549698353,0,1.40428626537323,1
46,-48.723148345947266,40.92660140991211,53.498104095458984,-11.673630714416504,-143.71367971897126,1,13,14.398742914199829,16.856414675712585,4,99.38320922851562,0
47,-17.781824111938477,27.22096824645996,74.91416931152344,22.3497257232666,-121.8341273021698,1,1,1.1020796298980713,0.42762473225593567,0,92.47211456298828,0
48,-39.57425308227539,-37.0762825012207,-1.9827768802642822,-13.485047340393066,-197.04274042963982,1,7,7.779414892196655,6.058772265911102,7,39.72574996948242,0
49,-17.34636688232422,-14.028325080871582,-11.600478172302246,-39.64918518066406,-4999.31089267805,0,400,435.4841573238373,391.58970245718956,0,272.53509521484375,0
50,-52.39464569091797,-40.80226516723633,20.690641403198242,-19.887786865234375,-79.66675530195235,1,16,17.755364894866943,20.996057271957397,3,58.42624282836914,0
51,43.7440185546875,-12.291402816772461,42.91504669189453,-49.07769012451172,-120.5711480140686,1,1,1.0978331565856934,0.210279643535614,0,36.63468551635742,0
52,46.94445037841797,35.10295104980469,27.33036231994629,-32.914276123046875,-62.96007431745528,1,18,19.745773315429688,23.50810596346855,1,51.975345611572266,0
53,-23.399402618408203,-28.784929275512695,-40.68983459472656,21.61566734313965,-122.69237169027329,1,1,1.10042142868042,1.9073486328125e-06,0,53.2839469909668,0
54,14.553384780883789,-1.5246657133102417,-55.62693405151367,28.203964233398438,75.59390685796741,1,31,34.65040612220764,42.79078271985054,0,39.23116683959961,0
55,8.587091445922852,14.402901649475098,31.721637725830078,-4.142307758331299,-265.9401874848083,0,400,447.3189368247986,168.94750449433923,0,16.584213256835938,0
56,-45.163326263427734,0.6911112070083618,-26.98413848876953,24.915681838989258,-1843.4397263029232,1,219,239.8092291355133,227.4251590371132,3,114.45939636230469,0
57,42.74371337890625,25.57547378540039,42.99519348144531,-28.94966697692871,-126.08295834302905,1,8,8.799574851989746,8.806477785110474,1,48.34174346923828,0
58,61.720375061035156,28.850473403930664,23.200496673583984,-10.27005672454834,-65.75193042516707,1,12,13.088479042053223,15.0713369846344,1,39.918212890625,0
59,-15.019227027893066,16.193483352661133,-35.13847351074219,5.418619155883789,-114.13901087760925,1,11,12.264125108718872,10.34494924545288,1,16.357555389404297,0
60,-22.501384735107422,-47.38113784790039,74.00721740722656,-14.10239315032959,-94.57174851894379,1,7,7.763265132904053,8.563674688339233,0,94.33184051513672,0
61,55.399574279785156,18.02604866027832,-47.26198959350586,35.91225814819336,-122.09656141519547,1,1,1.1074397563934326,0.46762341260910034,0,103.8178482055664,0
62,50.21573257446289,-1.3730331659317017,7.605832576751709,-23.078601837158203,-72.9020951962471,1,11,12.298329830169678,14.17684605717659,1,34.39852523803711,0
63,-55.96706771850586,12.92301082611084,-26.48322296142578,-28.213407516479492,-927.951746661626,0,400,438.6089301109314,251.20064151845872,0,46.57684326171875,0
64,78.07119750976562,8.937114715576172,24.32346534729004,33.41239929199219,126.37256513237946,1,45,49.01168918609619,59.77273181080818,0,17.427440643310547,0
65,41.628116607666016,15.454398155212402,22.22096061706543,8.6129789352417,-134.34075921416283,1,1,1.0905146598815918,1.827002763748169,0,22.229366302490234,0
66,42.494537353515625,27.000263214111328,-46.1654052734375,-33.17098617553711,-112.92153117418292,1,9,9.8702871799469,11.344396859407425,1,96.02436065673828,0
67,-11.748353958129883,21.1942081451416,0.3247982859611511,-6.151145935058594,-93.13192934416224,0,400,441.6743369102478,185.94009090587497,0,12.071968078613281,0
68,7.031095504760742,-7.679617404937744,46.29629898071289,24.91306495666504,114.71828977867962,1,55,61.35843205451965,51.11588832363486,0,10.820992469787598,0
69,60.068599700927734,8.716490745544434,-53.56889343261719,5.136844158172607,-122.92013461828232,1,1,1.0992186069488525,0.6471786499023438,0,113.34764862060547,0
70,-49.721412658691406,-33.11420822143555,-28.045534133911133,-6.549716472625732,285.55574838079514,0,121,135.28865814208984,57.785155903548,0,1.1336582899093628,1
71,20.02861785888672,2.7221410274505615,48.86514663696289,18.686338424682617,-471.7053744524718,1,76,85.00771307945251,32.203980304300785,52,26.435993194580078,0
72,51.13458251953125,46.39718246459961,13.892449378967285,42.325462341308594,-44.25935213208196,1,19,20.786270141601562,19.715797007083893,1,19.8918514251709,0
73,30.896923065185547,11.60848331451416,34.67523956298828,45.29417037963867,-121.72299881219864,1,1,1.1019673347473145,0.0,0,33.89691925048828,0
74,-42.600425720214844,-11.58043098449707,25.039602279663086,-22.1439266204834,-36.01483729243279,1,20,22.500149965286255,21.26069125533104,1,48.79981231689453,0
75,70.73173522949219,2.3502559661865234,-0.2130715698003769,41.57084655761719,-76.23755039215088,1,8,8.669403553009033,9.956865847110748,0,71.51036834716797,0
76,45.538787841796875,14.539278030395508,26.08707046508789,-32.53178405761719,-122.5746750164032,1,1,1.0981335639953613,0.0,0,50.93185806274414,0
77,67.10035705566406,-34.86138916015625,-48.738346099853516,-7.426839351654053,-75.43453596353531,1,15,16.35642433166504,19.31280827522278,0,102.54521942138672,0
78,50.22774887084961,-49.46853256225586,-48.40998077392578,16.413135528564453,-51.13478099823,1,15,16.441291093826294,19.991218864917755,0,99.06732177734375,0
79,5.091154098510742,-10.52285385131836,8.845410346984863,-45.94062042236328,-102.2852424120903,1,26,29.07832360267639,31.562365531921387,0,28.17700958251953,0
80,38.1215705871582,43.2762451171875,-52.32452392578125,-2.6754186153411865,42.46275470018385,1,55,61.36596488952637,64.9328074529767,6,43.634891510009766,0
81,54.28453826904297,-25.231914520263672,29.940662384033203,-33.18434143066406,18.114060223102555,1,19,20.877532243728638,22.3108272254467,0,5.760502815246582,0
82,57.6621208190918,48.986778259277344,17.71657371520996,29.354589462280273,21.228388643264765,1,19,20.752187967300415,23.346171259880066,0,22.15276336669922,0
83,-20.952587127685547,27.772218704223633,-21.94404411315918,1.9113986492156982,-121.63944952845573,1,1,1.1160731315612793,0.2052072435617447,0,25.921245574951172,0
84,-53.73611831665039,-4.835475444793701,11.670907020568848,45.936798095703125,14.007868130207044,1,24,26.838077545166016,32.52902436256409,1,50.64325714111328,0
85,72.14800262451172,42.01917266845703,13.200033187866211,-38.365509033203125,-6.902831118106832,1,24,26.135857105255127,32.44361451268196,1,67.77527618408203,0
86,0.5144363045692444,0.5063254833221436,11.724687576293945,19.381250381469727,263.7879287040234,0,24,26.890108346939087,22.80309361219406,0,1.3610481023788452,1
87,15.808859825134277,26.273014068603516,57.98507308959961,28.307025909423828,-82.89630627274512,1,15,16.80433750152588,15.301611065864563,3,28.556930541992188,0
88,-54.199546813964844,23.26354217529297,-23.17243194580078,-20.068584442138672,135.76208708703518,1,59,69.78812980651855,57.81965048611164,1,5.265566349029541,0
89,-34.695037841796875,16.97275161743164,44.11814498901367,47.851806640625,-150.28972910642622,1,2,2.2230846881866455,1.5264388024806976,1,83.223876953125,0
90,-23.373729705810547,28.95659828186035,37.96773147583008,-3.275663375854492,-122.85133980512619,1,1,1.1036064624786377,0.08664154261350632,0,69.2145767211914,0
91,-20.71657371520996,41.100608825683594,77.12593841552734,-20.03822135925293,-147.7237273859978,1,3,3.321279525756836,2.9607119858264923,1,112.49214172363281,0
92,-14.657742500305176,-15.736349105834961,-54.45454788208008,28.90450096130371,20.189693417548938,1,64,71.07121300697327,87.17342945933342,1,26.586870193481445,0
93,-34.2773323059082,24.360774993896484,27.121000289916992,-38.265533447265625,-124.40760404348373,1,1,1.0971648693084717,1.9073486328125e-06,0,87.70295715332031,0
94,8.642508506774902,45.32297897338867,17.87233543395996,10.044551849365234,283.0400813665986,0,382,424.2547688484192,192.74611712247133,0,1.3030202388763428,1
95,-47.373966217041016,33.86215591430664,44.2946662902832,-33.106468200683594,-111.91950688123703,1,12,13.395438432693481,15.204572528600693,4,98.7730941772461,0
96,-53.205665588378906,-2.5281941890716553,2.0294029712677,38.933231353759766,14.579360127449092,1,22,24.827368021011353,30.012303411960602,1,39.378787994384766,0
97,45.268043518066406,44.12294387817383,10.140268325805664,-43.381439208984375,-89.05693044900895,1,9,9.881264209747314,10.333704441785812,0,85.03106689453125,0
98,35.375587463378906,48.826786041259766,32.10183334350586,-29.17874526977539,-21.79709404863427,0,400,442.2855064868927,238.9604227077216,0,20.92722511291504,0
99,73.60255432128906,-42.32917785644531,53.25754165649414,-33.72846603393555,271.6206454074383,0,20,21.785465717315674,21.995413780212402,0,1.055726170539856,1
100,-17.610925674438477,-12.869030952453613,63.57518005371094,-7.0872721672058105,-18.08403940349814,1,61,68.48382830619812,52.56122525036335,10,43.2010612487793,0
101,38.96358871459961,44.55750274658203,-3.780870199203491,-0.9962370991706848,-142.44983015298843,1,11,12.10565972328186,10.098331719636917,2,52.685691833496094,0
102,47.446712493896484,12.685530662536621,-44.82632064819336,31.3135986328125,-124.73336808681488,1,1,1.107381820678711,0.0,0,94.13456726074219,0
103,-6.483558654785156,-17.34935188293457,19.737247467041016,-5.636719703674316,-50.123018285706685,0,400,449.8005928993225,170.3290949240327,0,6.759954452514648,0
104,47.78450012207031,42.70500183105469,-7.0283074378967285,41.312076568603516,-65.17821951031684,1,18,19.830286502838135,18.663243889808655,1,37.96904754638672,0
105,25.76180076599121,28.91834259033203,-16.711057662963867,41.42945098876953,396.2756051398069,0,55,61.55757665634155,50.04274931550026,0,1.419491171836853,1
106,-33.731990814208984,-2.4143917560577393,6.120203971862793,22.1312198638916,421.1667134404183,0,42,47.26462697982788,47.224968671798706,0,1.3392256498336792,1
107,-31.91775131225586,34.21562194824219,7.87751579284668,46.01664352416992,-122.10127880573273,1,1,1.1097817420959473,0.0,0,41.50815963745117,0
108,-56.59373092651367,-44.76087951660156,-32.143951416015625,12.020162582397461,384.6973482771222,0,345,384.77180552482605,177.25548969954252,0,1.4555907249450684,1
109,20.024471282958984,-1.1925203800201416,-15.328437805175781,35.192176818847656,174.29043460726734,1,38,42.69276833534241,48.082628317177296,0,5.884734153747559,0
110,-9.606094360351562,29.993183135986328,47.17509841918945,28.478389739990234,-277.119633350298,0,400,445.0116674900055,214.63304818980396,0,23.868337631225586,0
111,14.0740327835083,17.892047882080078,-16.797319412231445,-24.267242431640625,38.282089584767874,1,150,168.4523470401764,92.67818576097488,1,11.455409049987793,0
112,24.93330955505371,-28.663671493530273,-54.546592712402344,7.279909133911133,199.55402420997623,1,54,60.6908483505249,73.07457140088081,0,26.332046508789062,0
113,29.679048538208008,-18.80086326599121,-33.17569351196289,-13.717815399169922,-123.17967485666276,1,1,1.1129612922668457,1.9073486328125e-06,0,63.0599365234375,0
114,-25.47313690185547,12.915229797363281,9.508186340332031,-14.790772438049316,130.2607252416759,0,400,446.16789388656616,177.5196621865034,0,4.82389497756958,0
115,66.1832275390625,-8.708843231201172,-15.404991149902344,-19.266544342041016,-120.5053532242775,1,4,5.78414249420166,3.6162784099578857,0,80.08844757080078,0
116,18.530813217163086,-46.88164520263672,-17.279752731323242,35.41157531738281,200.90578378438957,1,67,79.24509525299072,85.21954292058945,1,24.22797393798828,0
117,-54.11261749267578,-20.316076278686523,-50.66470718383789,-46.57248306274414,-134.69875569731002,0,400,440.42868733406067,293.08600762858987,0,5.238729476928711,0
118,22.549095153808594,7.590915679931641,-56.95289611816406,-31.169200897216797,82.51977981805797,1,38,42.89582633972168,53.148910224437714,3,40.636348724365234,0
119,27.482929229736328,-0.4593367576599121,-17.593616485595703,-47.51150894165039,-119.42788460969925,1,1,1.1154711246490479,0.4794822335243225,0,64.68058776855469,0
120,68.44534301757812,-3.865966558456421,-21.136951446533203,7.481601238250732,-105.2869334936142,1,6,6.5439536571502686,6.831499010324478,0,84.99445343017578,0
121,-41.42750549316406,-32.986785888671875,12.609000205993652,9.722148895263672,-133.7753892493248,1,5,5.534712791442871,5.7124936282634735,3,63.208824157714844,0
122,27.219928741455078,-6.667489051818848,-56.35829162597656,-27.70173454284668,-124.3353624343872,1,1,1.1062870025634766,0.0,0,86.18444061279297,0
123,-21.20969009399414,-43.95424270629883,79.2365493774414,-37.927181243896484,-1035.0694128656387,1,58,64.04067945480347,80.44970467686653,0,168.47731018066406,0
124,-10.272828102111816,-10.486971855163574,-15.348906517028809,40.314971923828125,-54.43844858169555,1,31,34.62594819068909,38.595415487885475,1,30.41136932373047,0
125,40.08561325073242,-43.985713958740234,-38.0064697265625,-49.73896026611328,-96.95577763319014,1,15,16.524608373641968,16.338344305753708,1,64.10222625732422,0
126,46.563106536865234,-18.17603302001953,-41.11552810668945,45.73219299316406,-125.45312009811401,1,1,1.1128010749816895,3.814697265625e-06,0,108.4979476928711,0
127,-44.328765869140625,25.213987350463867,33.62389373779297,-45.25054931640625,-994.63009125933,0,400,439.59498596191406,311.69832560792565,0,49.73269271850586,0
128,23.210861206054688,42.16023254394531,59.025630950927734,-16.500782012939453,-143.80269425630567,1,47,52.568366289138794,52.45316261053085,10,38.16903305053711,0
129,-24.319652557373047,6.65483283996582,20.181034088134766,-0.9063639044761658,159.80172349527479,0,400,446.62584257125854,202.91460902616382,0,4.7115797996521,0
130,37.943336486816406,-4.4566450119018555,-15.409472465515137,-15.132431983947754,-102.47583617925645,1,6,6.7212183475494385,4.5398388504981995,0,50.07931137084961,0
131,77.92961883544922,0.3536337912082672,33.919647216796875,-10.978083610534668,-102.08272819042205,1,15,16.246659755706787,20.109581649303436,0,39.09574508666992,0
132,51.23881912231445,3.310804605484009,25.921052932739258,16.830209732055664,-111.05427122354507,1,6,6.680206775665283,6.791608959436417,2,22.23319435119629,0
133,-31.463863372802734,-0.3818378746509552,-42.44056701660156,-22.175037384033203,271.05827890753744,0,39,43.74339437484741,29.311179026961327,0,1.4294397830963135,1
134,-29.518362045288086,-8.189824104309082,-54.0745735168457,-25.306461334228516,322.7427090072632,0,24,26.898972749710083,29.068122148513794,0,1.1112983226776123,1
135,29.634172439575195,-27.92157554626465,61.08839797973633,-19.546981811523438,-88.45077354311942,1,15,16.51253318786621,13.175988733768463,1,21.544288635253906,0
136,-24.289695739746094,37.84896469116211,-24.679107666015625,-14.441102027893066,-164.92380295515062,1,1,1.0968034267425537,1.1538290977478027,1,53.4453239440918,0
137,54.47932434082031,-16.106201171875,4.317905426025391,-8.111493110656738,-119.50127761840821,1,1,1.1098670959472656,0.47101518511772156,0,50.4136848449707,0
138,78.23172760009766,44.84759521484375,7.813773155212402,7.186983108520508,154.72228105545037,1,45,48.98884582519531,52.74398013949394,0,28.54435157775879,0
139,46.41608428955078,-37.944217681884766,-2.3052151203155518,-34.95440673828125,423.07176286220545,0,48,53.28729701042175,52.71834135055542,0,1.4156805276870728,1
140,60.05794143676758,19.270755767822266,-14.214822769165039,-45.64204406738281,-154.88219399452208,1,1,1.0772640705108643,0.38308829069137573,1,98.25900268554688,0
141,9.869209289550781,-17.329042434692383,-52.275474548339844,-39.93699264526367,82.18948084831237,1,78,86.47498965263367,95.11616626381874,0,23.02288246154785,0
142,31.661224365234375,14.511218070983887,-29.561887741088867,-37.02804183959961,-132.18595679521562,1,1,1.104170799255371,1.635354995727539,0,81.04174041748047,0
143,-3.100173234939575,-30.052900314331055,46.35063171386719,48.41249084472656,141.26432774513967,1,96,107.13253569602966,90.26517230272293,1,20.668071746826172,0
144,38.11408233642578,-16.981090545654297,1.6896538734436035,5.6202778816223145,-122.17101910114289,1,1,1.0974395275115967,0.0,0,42.86677932739258,0
145,-31.45461082458496,-40.38838195800781,-48.31056594848633,33.01776123046875,-169.46948792934418,1,1,1.1005563735961914,1.6152745485305786,1,76.89115142822266,0
146,66.21369171142578,15.776000022888184,18.685401916503906,10.350379943847656,-111.8015817975998,1,4,4.315056562423706,3.4873044192790985,0,45.57788848876953,0
147,74.61270141601562,-38.44343185424805,34.637935638427734,-4.0492682456970215,-7.245952396392795,1,18,19.520737886428833,23.594592213630676,1,29.222354888916016,0
148,-26.92607307434082,-12.2764253616333,-45.62350845336914,10.126815795898438,142.41156201235938,0,244,271.31281304359436,156.86399222631007,0,1.285897135734558,1
149,-7.107081413269043,-12.035517692565918,29.745141983032227,-17.899890899658203,1.462203209400144,1,32,35.826473236083984,34.71874359250069,4,7.354887008666992,0
150,45.43976593017578,-14.905122756958008,15.071844100952148,-17.01413345336914,-121.54883803367615,1,1,1.1105053424835205,0.0,0,30.441068649291992,0
151,-8.542820930480957,13.318224906921387,31.831588745117188,-42.94479751586914,126.70344732522969,1,83,92.5751404762268,81.69493708014488,1,17.058990478515625,0
152,14.28238296508789,-39.98386764526367,62.7669792175293,28.822101593017578,-43.72584573775541,1,168,191.26959896087646,127.87221930921078,1,21.302139282226562,0
153,40.98640441894531,42.26803970336914,2.4197194576263428,-6.480970859527588,-122.26520164489746,1,6,6.547696352005005,6.306892216205597,1,55.90375900268555,0
154,53.652687072753906,32.25836944580078,31.457441329956055,6.654289722442627,-14.007906677722929,1,23,25.188976287841797,26.116908490657806,1,12.359930992126465,0
155,-43.52358627319336,-15.812091827392578,20.79572105407715,43.76886749267578,210.94795054912578,1,175,195.37608194351196,169.51497200131416,3,9.173582077026367,0
156,-12.065107345581055,-1.5680147409439087,-18.77787208557129,-46.432861328125,-51.01420300006869,1,20,22.382914066314697,25.864775866270065,1,27.4361629486084,0
157,61.807594299316406,-11.416909217834473,0.16267235577106476,-16.775991439819336,-120.14978171110154,1,1,1.1137464046478271,0.5951825380325317,0,61.50912094116211,0
158,-58.07683181762695,14.533722877502441,19.661149978637695,-11.104398727416992,581.2844538450241,0,80,89.53784012794495,89.98984596133232,0,1.1837819814682007,1
159,-42.083675384521484,37.04307556152344,19.40667152404785,-4.196215629577637,-131.35952582597733,1,6,6.673314571380615,6.812375366687775,3,67.41397857666016,0
160,37.828243255615234,15.194446563720703,-20.214982986450195,-26.679550170898438,-123.60530223369598,1,1,1.1021850109100342,3.814697265625e-06,0,71.57127380371094,0
161,70.18372344970703,-20.29987144470215,55.474239349365234,-48.23765563964844,-129.80360167980194,1,8,8.673596858978271,7.35558494925499,0,31.21611785888672,0
162,12.649986267089844,8.259970664978027,30.61578941345215,33.090858459472656,-32.064255269169834,1,111,123.35721278190613,75.97171750292182,1,6.17144250869751,0
163,58.50340270996094,-19.317977905273438,-14.689577102661133,-23.22513771057129,-123.6853411602974,1,1,1.1043527126312256,0.0,0,73.29718780517578,0
164,-16.497989654541016,6.663376808166504,9.360880851745605,-25.88938331604004,73.61648151054968,0,400,440.8971881866455,215.84418039396405,2,8.178731918334961,0
165,-7.221368789672852,48.26215362548828,13.037410736083984,7.276301383972168,415.15467202186585,0,41,45.621400117874146,51.64737841486931,0,1.4126821756362915,1
166,62.288204193115234,43.771324157714844,35.827423095703125,-20.131149291992188,5.934680974483513,1,27,29.46833872795105,36.26082423329353,1,39.13515090942383,0
167,0.6539604663848877,-17.714101791381836,-10.490647315979004,14.63299560546875,261.2653409314155,0,241,266.52926111221313,119.89351379685104,0,1.4756743907928467,1
168,-29.85744285583496,-46.251243591308594,-52.309814453125,-38.433589935302734,279.02686740636824,0,24,26.471689462661743,24.45482325553894,0,1.3036139011383057,1
169,-17.06501007080078,20.063016891479492,68.91057586669922,13.303152084350586,-121.57708236217499,1,1,1.0985662937164307,0.470326691865921,0,85.89781188964844,0
170,-42.3355712890625,-22.502798080444336,-47.967010498046875,34.98686599731445,157.84763277053824,0,400,437.89680433273315,246.34012277796865,0,6.229305267333984,0
171,-34.08124542236328,14.363726615905762,-8.804621696472168,-30.38376235961914,453.43659197688095,0,46,51.306204319000244,54.19633635878563,0,0.9056081771850586,1
172,28.85401153564453,22.703031539916992,18.319364547729492,-4.194847583770752,-124.75041082143784,1,5,5.5050060749053955,4.851962238550186,1,24.35660743713379,0
173,-32.48066329956055,29.991899490356445,62.168819427490234,-21.267213821411133,-121.64823124408721,1,1,1.1094560623168945,0.4883442521095276,0,107.17108154296875,0
174,-12.620975494384766,-25.530048370361328,19.71435546875,-44.7924690246582,-132.08324890643357,0,400,435.0956768989563,226.91525251884013,0,16.488161087036133,0
175,25.280662536621094,32.62996292114258,-56.1939582824707,-33.623348236083984,253.71844535112382,1,56,62.52081632614136,77.91589415073395,1,28.04267120361328,0
176,29.343774795532227,3.0538065433502197,77.04717254638672,40.00873947143555,-123.0396260023117,1,1,1.1272754669189453,1.922192041092785e-06,0,60.3430290222168,0
177,-11.950742721557617,-41.063629150390625,-39.04014587402344,-12.373000144958496,-82.09225702524185,1,6,6.6275763511657715,6.325024396181107,0,33.13833999633789,0
178,29.962827682495117,-29.00812530517578,-27.501710891723633,1.3987048864364624,489.24202152006313,0,193,215.05258870124817,115.15143299102783,0,1.2089606523513794,1
179,-44.1413459777832,-41.20005798339844,29.064786911010742,16.162166595458984,-153.85188875198364,1,11,12.218132972717285,12.21770292520523,4,81.51699829101562,0
180,66.02421569824219,3.848466634750366,40.14331817626953,43.466285705566406,-105.2697719192505,1,4,4.309385776519775,3.2079928517341614,0,44.245574951171875,0
181,35.73130416870117,-24.002450942993164,14.482022285461426,38.81156539916992,-145.901967523098,1,4,4.380492210388184,3.110741510987282,1,63.68252944946289,0
182,-53.12948989868164,9.045622825622559,-34.93906784057617,-18.289766311645508,339.6654783773422,0,28,31.38768982887268,33.016316652297974,0,1.355678915977478,1
183,-49.643924713134766,5.179503440856934,63.823429107666016,22.707279205322266,-48.066036927700026,1,134,149.29735231399536,93.61749715358019,2,39.93264389038086,0
184,26.292469024658203,-29.820676803588867,55.00001525878906,-30.63296127319336,-178.5109523004293,0,400,431.27272629737854,206.45312417298555,2,17.457857131958008,0
185,79.94169616699219,16.7807559967041,26.73798942565918,-17.593013763427734,7.586999499797855,1,17,18.430848598480225,22.860234260559082,0,41.19350051879883,0
186,41.55778884887695,-32.222618103027344,10.9623441696167,29.307262420654297,-82.8231262111664,1,11,12.059143304824829,14.443520545959473,1,55.213619232177734,0
187,32.77253341674805,-1.4191017150878906,-47.82413864135742,-37.09794998168945,-122.22672972202301,1,1,1.0966205596923828,0.3481440842151642,0,87.86647033691406,0
188,-27.898483276367188,-32.4137077331543,-19.47727394104004,2.3325512409210205,-119.64092667341232,1,1,1.1012439727783203,0.44016173481941223,0,35.48237228393555,0
189,37.994667053222656,46.82416534423828,61.82564163208008,42.678688049316406,-134.70272880375387,1,14,15.274093389511108,12.892154216766357,0,24.00156021118164,0
190,50.28657531738281,4.1735992431640625,58.74223709106445,36.78248977661133,-143.11954529285433,1,5,5.575927495956421,5.4477865397930145,1,31.319217681884766,0
191,-19.690753936767578,43.35237121582031,46.35752487182617,6.94310998916626,-458.91232625126844,0,400,444.03146529197693,232.3204563781619,0,31.561979293823242,0
192,45.18303680419922,-7.788419723510742,58.48019790649414,8.000659942626953,-217.20095169983801,1,38,42.606252670288086,14.589259304106236,0,27.22939109802246,0
193,52.804473876953125,22.78975486755371,-42.3814811706543,29.83633041381836,-61.775124355554595,1,28,30.912059545516968,28.620142981410027,1,68.62703704833984,0
194,-37.25875473022461,46.785728454589844,-29.47862434387207,-31.154495239257812,-123.78023183107376,1,9,9.975928783416748,10.119965136051178,1,70.17150115966797,0
195,36.940120697021484,-21.27195167541504,-44.90903091430664,43.832759857177734,-161.86798514366149,1,1,1.0868923664093018,0.7312159538269043,1,105.03326416015625,0
196,26.606853485107422,15.32225513458252,50.81377029418945,-5.835355758666992,-121.63060013055801,1,1,1.105544090270996,3.932099843950709e-06,0,32.14995193481445,0
197,-46.891380310058594,46.524810791015625,3.423527240753174,23.860254287719727,-120.58132058382031,1,11,12.14098572731018,12.855645924806595,2,43.16903305053711,0
198,-0.020060833543539047,42.419578552246094,-46.27869415283203,-7.5496320724487305,10.635184876918771,1,17,18.88760280609131,23.201324462890625,0,44.916378021240234,0
199,-24.24734115600586,-43.848114013671875,18.01841926574707,-2.2930827140808105,-143.2675578355789,1,3,3.329582452774048,2.4031498730182648,1,56.881404876708984,0
200,70.92234802246094,33.87748336791992,-16.567838668823242,8.837387084960938,-53.14354644775392,1,23,24.949180603027344,26.80802196264267,1,66.48778533935547,0
201,16.877378463745117,-44.958892822265625,-38.73394012451172,-25.19230079650879,87.94385937809948,1,34,37.80409598350525,37.20400132238865,0,22.993255615234375,0
202,70.362060546875,39.54262161254883,-23.7432804107666,34.65847396850586,-60.22158675670623,1,29,32.363534927368164,38.2336328625679,1,66.85354614257812,0
203,4.168691635131836,-14.441489219665527,2.538379430770874,13.94359016418457,-91.6120366115868,0,400,443.87098240852356,219.54485718905926,0,11.877239227294922,0
204,-34.35770797729492,-35.55205154418945,-51.69671630859375,2.4768402576446533,-122.11796314001083,1,1,1.1133112907409668,0.0,0,41.795188903808594,0
205,37.15303421020508,43.440101623535156,-23.13994026184082,-0.6397923827171326,472.0976840889453,0,58,64.72836709022522,76.58035734295845,6,1.3656481504440308,1
206,-25.331689834594727,40.691009521484375,-25.916452407836914,-23.848918914794922,-149.83577845096588,1,3,3.302541494369507,2.3684715032577515,1,62.89236068725586,0
207,-32.98853302001953,7.450434684753418,60.95232009887695,-41.4837532043457,627.5744246123732,0,166,182.5901234149933,145.5895233079791,0,1.4840883016586304,1
208,37.4258918762207,21.49410057067871,-21.402868270874023,-23.02155303955078,-140.16880977392196,1,4,4.383036375045776,3.570322096347809,1,70.23285675048828,0
209,-15.061467170715332,22.91629409790039,11.494915962219238,49.192115783691406,-81.48595975071179,0,400,433.74738073349,234.70848278701305,0,11.636514663696289,0
210,-23.91358184814453,-35.50130081176758,-54.149871826171875,-25.698251724243164,-121.6174833369255,1,1,1.108733892440796,0.0,0,31.785736083984375,0
211,-33.982513427734375,37.15147018432617,-41.88515853881836,-45.1094970703125,-172.00276979207993,1,1,1.1115496158599854,1.8517812490463257,1,84.48357391357422,0
212,-6.8347601890563965,-24.049375534057617,-38.3154296875,21.211185455322266,452.91799850702284,0,44,49.42327284812927,57.492597460746765,3,1.0330307483673096,1
213,40.01908493041992,-15.274197578430176,78.96334838867188,-17.64280891418457,-121.97436292171479,1,1,1.113412618637085,0.0,0,39.01622772216797,0
214,-25.70450210571289,14.230027198791504,-48.53327560424805,8.10489559173584,257.9000231881439,0,101,112.80287766456604,67.86788582056761,0,1.123023509979248,1
215,-51.836463928222656,-37.56602096557617,21.764310836791992,-19.834896087646484,-146.50647681593898,1,18,20.07973861694336,17.659400828182697,5,60.56970977783203,0
216,59.89699935913086,-45.593257904052734,-31.069116592407227,-3.1770384311676025,29.02975240588185,1,29,31.76920223236084,37.30991277098656,0,65.35601043701172,0
217,-11.491724967956543,-37.89945983886719,-58.27338409423828,38.968833923339844,-94.11262692689897,1,6,6.655316352844238,6.95620459318161,0,83.236328125,0
218,73.38326263427734,-47.13283920288086,37.44483947753906,-10.204826354980469,78.1685534501076,1,27,29.482099056243896,35.86334785819054,1,15.72084903717041,0
219,-24.375411987304688,-4.758030414581299,-56.40840530395508,46.32105255126953,-48.52468202680319,0,400,441.93544244766235,237.8743364419788,0,16.385814666748047,0
220,30.336002349853516,2.1991655826568604,-14.190953254699707,-4.790538787841797,-122.28161514043808,1,1,1.1179492473602295,0.0,0,45.072227478027344,0
221,-30.966493606567383,2.0276036262512207,16.276782989501953,16.803926467895508,418.46968511685725,0,98,109.66092586517334,76.44882897287607,0,1.2330539226531982,1
222,29.580917358398438,35.374855041503906,-2.3122384548187256,14.83428955078125,303.07685531541705,0,146,163.0850486755371,87.16653335466981,4,1.3853435516357422,1
223,25.9243106842041,-7.480435848236084,-37.953243255615234,3.9971506595611572,-123.26620513439178,1,1,1.1255292892456055,0.0,0,64.90052032470703,0
224,21.16707420349121,25.754425048828125,16.765756607055664,-20.6279296875,409.34987925887106,0,48,54.1224730014801,51.826956391334534,0,1.2992414236068726,1
225,4.623295783996582,7.055513381958008,-17.234619140625,36.511558532714844,-38.42091215189543,0,400,434.6210780143738,241.0385148115456,0,8.848472595214844,0
226,48.737037658691406,-6.7547736167907715,-32.7872314453125,-18.511802673339844,-139.89755425930022,1,6,6.761541843414307,6.125207722187042,1,77.47460174560547,0
227,20.372289657592773,18.461380004882812,36.444339752197266,-15.675931930541992,9.684401797354212,1,80,89.39668607711792,70.04221145808697,2,6.374740123748779,0
228,24.115724563598633,-45.78138732910156,9.274133682250977,37.0245475769043,349.1713007288419,0,400,442.5292718410492,248.37914042826742,0,2.686594247817993,0
229,-12.448410987854004,-12.477612495422363,37.978790283203125,7.570160388946533,-280.3373234420269,0,400,449.3176188468933,175.008718887344,0,25.296344757080078,0
230,-24.612564086914062,-14.739324569702148,54.371219635009766,20.581226348876953,17.84859318435184,1,68,76.11773324012756,77.31049168109894,11,31.982772827148438,0
231,53.58922576904297,-31.983957290649414,-9.934944152832031,30.844961166381836,-88.9937394952774,1,11,12.064480543136597,14.196841686964035,1,75.14997100830078,0
232,-36.59215545654297,-46.4158935546875,-24.153318405151367,42.116371154785156,151.62400896787645,1,65,72.64406085014343,83.50773790478706,1,24.203353881835938,0
233,-44.86122131347656,3.4532437324523926,-29.75162696838379,38.550537109375,-41.5269135069847,1,16,17.935120582580566,19.546123147010803,1,20.65749168395996,0
234,-2.749337673187256,33.21791076660156,55.17681121826172,31.410694122314453,125.65358745701629,0,290,321.777414560318,152.86955704167485,11,1.3545435667037964,1
235,69.18928527832031,19.65180015563965,-8.600995063781738,-44.100799560546875,-91.68086523294448,1,7,7.581896066665649,8.054328680038452,0,92.58486938476562,0
236,-23.940813064575195,5.278441429138184,72.96920013427734,-46.8703727722168,337.1662305611368,0,400,432.3889355659485,292.7878288887441,0,11.28919506072998,0
237,47.681968688964844,3.0896074771881104,-47.4305419921875,-9.25571060180664,-72.54822396993637,1,15,16.696619987487793,17.18319872021675,0,81.07972717285156,0
238,-40.50636672973633,10.754077911376953,-23.01456069946289,-4.3309221267700195,265.27095386981955,0,72,80.33775472640991,39.611080249771476,0,1.2506290674209595,1
239,-2.08842396736145,-27.9954891204834,28.526426315307617,-14.596580505371094,35.534080128073626,1,46,51.008506774902344,40.33080245554447,1,7.486158847808838,0
240,69.76763153076172,16.69624900817871,-7.973684787750244,38.21381378173828,136.4919070646169,0,400,438.65151810646057,238.01448081247509,2,14.858819007873535,0
241,-21.930418014526367,36.820159912109375,-30.553159713745117,-35.397178649902344,-174.10638279438018,1,1,1.0953707695007324,2.1824727058410645,1,74.89697265625,0
242,-5.306486129760742,-40.46813201904297,6.100795269012451,10.401803016662598,435.65839927613723,0,66,73.50853300094604,60.74439416080713,0,1.4368689060211182,1
243,-53.80765151977539,-18.46154022216797,-3.8989505767822266,10.518529891967773,484.3059835600853,0,52,58.0311279296875,60.66113677620888,0,1.3390151262283325,1
244,-57.24858474731445,7.2715373039245605,39.79629135131836,-46.71158981323242,15.883718316555019,1,31,34.676345109939575,42.063777416944504,1,70.77528381347656,0
245,-5.358631134033203,43.180503845214844,-59.471824645996094,18.477079391479492,-41.22545229196548,1,12,13.289493083953857,15.593314290046692,0,45.19988250732422,0
246,54.53831481933594,-12.728710174560547,12.466402053833008,36.144012451171875,-119.35103315830231,1,1,1.1105732917785645,0.4861600399017334,0,64.0024642944336,0
247,21.977426528930664,-18.643238067626953,29.338815689086914,33.941017150878906,64.34918336451048,1,59,65.83423018455505,67.52503690496087,4,8.573745727539062,0
248,-34.90766525268555,-13.593046188354492,16.40277671813965,-6.1790361404418945,47.7192440113055,0,400,444.43750166893005,177.8215869916603,0,10.616426467895508,0
249,-44.882530212402344,-15.308484077453613,36.79884719848633,-8.651467323303223,195.41214379638438,1,100,111.30148959159851,88.93975701928139,0,14.666707992553711,0
250,28.176389694213867,-7.1025567054748535,60.79591369628906,-27.669275283813477,-121.95566897153854,1,1,1.1081104278564453,1.9073486328125e-06,0,38.56194305419922,0
251,-36.27239227294922,22.742660522460938,76.72022247314453,-4.645825386047363,-167.67028595924378,1,1,1.0979523658752441,1.1307770013809204,1,117.36173248291016,0
252,-41.32694625854492,7.996889114379883,-13.99520206451416,43.510005950927734,-90.49124588489533,1,13,14.475462675094604,11.754801839590073,1,33.3675422668457,0
253,-1.1967722177505493,24.830663681030273,5.037621974945068,-14.591459274291992,158.95138697504976,0,400,443.83858251571655,176.245552117005,0,3.059877872467041,0
254,68.50792694091797,25.49100112915039,48.10498046875,-18.87482261657715,-106.60129999399186,1,9,9.749816656112671,9.414549052715302,1,40.261051177978516,0
255,-42.947776794433594,-0.7246236205101013,-32.18882751464844,39.11856460571289,10.833704130649608,1,36,40.07671236991882,35.7638224363327,6,7.787652492523193,0
256,49.529293060302734,23.640483856201172,-6.942007541656494,-3.534712553024292,-118.78114780902861,1,7,7.6359312534332275,7.346716940402985,1,55.57134246826172,0
257,-18.105375289916992,-45.1909065246582,-15.27114486694336,-2.336994171142578,-106.3395984005928,1,4,4.398846387863159,4.431341111660004,0,40.10430145263672,0
258,-11.317242622375488,-40.21592330932617,77.36079406738281,0.8680070638656616,-1027.7203904876865,0,400,443.4712624549866,244.74108522757888,0,66.37096405029297,0
259,44.24806594848633,33.318458557128906,30.61483383178711,-3.284611940383911,-103.53475660562515,1,6,6.567398548126221,5.597488045692444,0,35.476070404052734,0
260,48.670921325683594,31.117170333862305,-3.6159045696258545,10.69093132019043,-33.11183276176453,1,20,21.887057781219482,22.604303061962128,1,34.6951904296875,0
261,2.758479595184326,-2.503347396850586,-30.410261154174805,-16.361793518066406,358.61717694640157,0,33,36.778648376464844,37.638893753290176,0,1.187267541885376,1
262,-28.89254379272461,-34.66569900512695,-54.39502716064453,-28.160953521728516,-121.34421136140823,1,1,1.1003336906433105,0.0,0,26.318973541259766,0
263,-27.305700302124023,1.815163254737854,48.6303825378418,14.770841598510742,-378.6372974576057,0,400,438.52088713645935,286.95624190196395,8,33.071998596191406,0
264,5.651562690734863,34.51749801635742,-54.83011245727539,8.681323051452637,509.33569684006284,0,147,163.57575511932373,95.94258557911962,0,1.3410829305648804,1
265,-19.465312957763672,3.6453425884246826,32.669315338134766,21.574047088623047,117.03280410766604,1,66,74.11115646362305,67.33489991724491,2,7.758201599121094,0
266,53.65373611450195,10.42706298828125,18.71262550354004,15.1297607421875,-121.34614220142365,1,1,1.0942189693450928,0.06725296378135681,0,35.20131301879883,0
267,-26.23445701599121,4.170544147491455,-43.655242919921875,35.00197982788086,357.1398902523518,0,31,34.52091646194458,38.757749170064926,0,1.1933389902114868,1
268,-13.343353271484375,-20.31473731994629,-58.40986633300781,-44.80924606323242,-98.10253042459487,1,4,4.426085710525513,4.283484846353531,0,47.191532135009766,0
269,35.274742126464844,42.21767807006836,26.531625747680664,12.69669246673584,-132.79644395798445,1,60,65.50116300582886,35.56522424519062,0,21.221513748168945,0
270,11.459797859191895,28.616180419921875,40.13697814941406,1.9773123264312744,-141.92001497223976,1,117,129.59655117988586,49.63153613358736,0,20.861175537109375,0
271,-26.868165969848633,34.43442916870117,19.919841766357422,30.307477951049805,-123.88439316511155,1,1,1.1101603507995605,0.39031434059143066,0,47.1569709777832,0
272,-53.8009033203125,9.963834762573242,37.67868423461914,-34.669673919677734,567.4109811575711,0,275,302.26939153671265,178.90584237501025,4,1.0607244968414307,1
273,-50.10973358154297,4.385191440582275,13.676569938659668,43.340606689453125,-18.105241177082064,1,25,27.98202610015869,28.158730566501617,1,47.12799072265625,0
274,70.69222259521484,-34.5780029296875,42.30388259887695,14.964353561401367,-54.66452665328981,1,23,25.05198311805725,25.66806310415268,1,37.517913818359375,0
275,55.97465515136719,42.6664924621582,68.92528533935547,-24.624427795410156,-392.0611736431347,0,400,436.62004017829895,269.94321323605254,0,22.038087844848633,0
276,63.62739181518555,-35.982276916503906,-41.949607849121094,-41.70444869995117,-53.638345839977276,1,30,32.64936137199402,42.50999313592911,0,79.37491607666016,0
277,-23.889240264892578,-22.954025268554688,-33.07117462158203,-42.3758659362793,-121.5303426104784,1,1,1.095616102218628,0.05984405800700188,0,21.53915786743164,0
278,-18.34676170349121,-38.40824890136719,-8.758177757263184,-7.674905300140381,-117.3122425699234,1,1,1.0947539806365967,1.9507248401641846,0,31.65742301940918,0
279,44.533973693847656,-32.080223083496094,73.5118408203125,38.52452087402344,-159.04290239810942,1,11,12.049303770065308,13.95684877038002,1,71.80903625488281,0
280,-10.18120002746582,-44.78243637084961,-53.1914176940918,-8.838415145874023,-70.10689177751541,1,7,7.72614049911499,8.846189558506012,0,47.252567291259766,0
281,51.55350875854492,24.457441329956055,-44.576045989990234,15.049742698669434,-95.65161536455155,1,13,14.224546909332275,14.844797015190125,0,85.77039337158203,0
282,53.9190559387207,-31.986547470092773,35.104164123535156,-47.433799743652344,-179.6098879352213,0,400,430.6005907058716,207.4994803033769,2,13.520233154296875,0
283,65.58623504638672,3.2960562705993652,2.115443468093872,-45.082366943359375,-109.22328665494919,1,3,3.2580080032348633,2.9432742595672607,0,76.91142272949219,0
284,74.35698699951172,-1.4882838726043701,-5.694469451904297,2.1601579189300537,-82.8932750582695,1,12,12.984445571899414,14.632638782262802,0,69.5823745727539,0
285,60.80009841918945,26.610530853271484,34.435611724853516,-45.681434631347656,-133.0768622004986,1,20,21.781189680099487,20.641555100679398,1,65.11412811279297,0
286,23.253887176513672,14.196635246276855,51.42088317871094,-38.04853439331055,-154.88961375713347,1,1,1.108299732208252,0.4881521463394165,1,59.21690368652344,0
287,-45.28622817993164,-46.92705154418945,2.421522378921509,35.39360427856445,-168.18798342943194,1,20,22.139535665512085,23.90267214179039,8,74.33360290527344,0
288,9.760011672973633,-17.493642807006836,-19.935684204101562,33.52228927612305,116.40451883077623,1,36,40.244131088256836,47.35991793870926,1,15.597601890563965,0
289,-16.808034896850586,8.432853698730469,6.457189559936523,11.630157470703125,31.78691566526889,0,400,441.5866050720215,196.05718773975968,0,3.941678047180176,0
290,-23.53687286376953,9.128981590270996,-29.50225257873535,-26.443622589111328,-319.353263276592,0,400,434.5839822292328,209.16681247204542,0,20.685970306396484,0
291,-10.055320739746094,39.683074951171875,-35.557464599609375,-46.48668670654297,-73.7529695701599,1,12,13.256348371505737,14.325110495090485,0,77.33867645263672,0
292,6.7740936279296875,27.37012481689453,38.413082122802734,27.747875213623047,21.468497953414925,1,31,34.47342610359192,27.520006597042084,1,5.294585227966309,0
293,-28.024452209472656,14.479042053222656,-56.00279998779297,9.85246467590332,311.57052674114703,0,28,31.16452431678772,31.943034917116165,0,0.8790283799171448,1
294,0.31217673420906067,-25.63471221923828,-36.03062057495117,-6.010105609893799,51.25733489796495,0,400,438.5669038295746,238.2579614855349,0,12.312889099121094,0
295,27.702836990356445,-37.43314743041992,55.773406982421875,41.924434661865234,-120.37805166602135,1,16,17.72114586830139,17.46950426697731,1,71.7763671875,0
296,-3.4615085124969482,-26.2845516204834,49.1740837097168,35.513214111328125,135.62050866007812,1,85,94.9062659740448,81.55425089597702,4,18.81222915649414,0
297,59.91585922241211,41.74909591674805,8.699284553527832,-47.09660720825195,-37.351240049600605,1,25,27.35555148124695,30.220452457666397,1,73.17623901367188,0
298,3.111557722091675,47.82979202270508,-12.86800479888916,1.296522617340088,90.92443902991722,0,400,438.4407787322998,210.97515102103353,0,9.704629898071289,0
299,48.422264099121094,-3.6264331340789795,39.49269485473633,-21.851472854614258,-56.387505450248725,1,11,12.285510778427124,12.556899636983871,0,10.896540641784668,0
300,58.54567337036133,-49.93086242675781,43.42462921142578,-3.423830270767212,-45.443989228010196,1,31,33.81429171562195,28.240218102931976,0,31.704906463623047,0
301,40.782440185546875,40.363792419433594,74.09815979003906,-17.61935806274414,-199.3571217465401,1,9,9.856025457382202,8.600390195846558,1,68.84876251220703,0
302,-33.462894439697266,1.475335717201233,49.95780944824219,19.868547439575195,29.200788228921724,1,296,327.59359526634216,194.95027601532638,5,4.999613285064697,0
303,60.25153732299805,19.719314575195312,-5.966292858123779,-20.080373764038086,-153.39624460220335,1,2,2.180302381515503,0.9807234406471252,1,76.3147964477539,0
304,37.9840087890625,-33.36269760131836,-55.63072204589844,16.191808700561523,-128.13395238757133,1,3,3.3056576251983643,2.1546267569065094,0,104.92231750488281,0
305,74.64141845703125,-42.106788635253906,-6.0384931564331055,22.955379486083984,-27.03417250156403,1,22,23.94812321662903,29.10555225610733,1,74.69564819335938,0
306,-18.742511749267578,-40.91675567626953,4.113295555114746,5.544054985046387,-163.48907611608504,1,1,1.093843698501587,1.0867072343826294,1,52.75672149658203,0
307,-43.57984924316406,-25.395185470581055,-5.474710941314697,15.037910461425781,464.2012097550927,0,86,96.10539817810059,69.45906542986631,0,1.3900021314620972,1
308,43.28635025024414,23.632068634033203,-47.33256530761719,-8.468716621398926,-135.5914249944687,1,6,6.560055732727051,6.555477440357208,1,90.25798034667969,0
309,59.818660736083984,2.0859642028808594,64.35147094726562,44.973480224609375,-122.18372436285019,1,1,1.0900676250457764,0.0,0,43.12638854980469,0
310,72.42778015136719,-28.87488555908203,-19.717342376708984,24.874561309814453,-81.80295731067659,1,10,10.86222505569458,11.62661823630333,0,95.2324447631836,0
311,-7.2119011878967285,41.05592727661133,13.547924041748047,-22.697715759277344,521.981909865141,0,63,70.48390483856201,70.93016147613525,0,1.3353941440582275,1
312,-23.29741859436035,-16.080930709838867,39.9305419921875,25.331790924072266,156.52230778396137,1,89,99.38435959815979,93.14717947691679,1,8.320051193237305,0
313,77.05216217041016,-37.331539154052734,1.8572617769241333,-24.407268524169922,-97.49714758515358,1,45,48.95027422904968,56.17683118581772,0,55.5536003112793,0
314,17.32791519165039,36.7572021484375,-8.654247283935547,10.668951034545898,373.0672174319624,0,27,30.161964893341064,36.432905822992325,0,0.4845588505268097,1
315,14.340693473815918,32.79496765136719,-56.971736907958984,-47.211097717285156,-742.979875641913,0,400,440.23471307754517,223.2746002357453,0,58.85353088378906,0
316,-13.968917846679688,-49.61991500854492,49.919822692871094,-49.874141693115234,138.9827993889899,0,400,440.75314593315125,191.06354380212724,0,6.459146499633789,0
317,-31.244476318359375,-15.902933120727539,-18.755828857421875,15.258611679077148,75.90118132911603,0,400,443.63815999031067,138.05792498309165,0,5.316545009613037,0
318,55.04603958129883,-14.118704795837402,-1.1850721836090088,16.970256805419922,-123.23788103103638,1,1,1.1176526546478271,0.0,0,64.25310516357422,0
319,-15.429659843444824,-32.46818542480469,71.6636962890625,-33.80340576171875,29.735382851362314,0,400,430.4978699684143,244.75869862735271,0,19.17930030822754,0
320,-57.09891891479492,9.629927635192871,39.7585563659668,-1.7718300819396973,-180.63871976979073,0,400,444.1396424770355,250.96763372980058,31,27.371437072753906,0
321,37.900272369384766,10.958321571350098,27.470333099365234,39.61864471435547,-121.55323776483536,1,1,1.1169593334197998,0.0,0,30.499143600463867,0
322,71.90553283691406,-19.506179809570312,-10.6129150390625,-34.501258850097656,7.0221004223823655,1,41,44.81920146942139,54.46648421883583,0,50.15336608886719,0
323,21.220170974731445,20.540239334106445,-7.348966598510742,-42.0766487121582,149.70329009771342,1,43,48.27852773666382,57.2149600982666,0,21.559926986694336,0
324,50.61270523071289,21.99409294128418,-30.189746856689453,-18.12401580810547,-151.39218590140342,1,5,5.487401008605957,3.6405724585056305,1,87.10121154785156,0
325,9.428631782531738,-8.563136100769043,79.2474136352539,-19.545652389526367,-210.83729437053196,0,400,430.8785378932953,223.47590555995703,8,16.318103790283203,0
326,23.74570083618164,16.14675521850586,-3.369117021560669,-29.069055557250977,-118.84107632637024,1,1,1.0961971282958984,0.4902278184890747,0,52.24776077270508,0
327,61.72050094604492,4.173202037811279,-51.72655487060547,33.9149284362793,-140.54791431188585,1,1,1.063319444656372,1.8825876712799072,0,119.10151672363281,0
328,79.05040740966797,-26.66063690185547,50.59687805175781,13.24068546295166,-9.392262661457067,1,17,18.43253779411316,19.89179104566574,0,30.437530517578125,0
329,40.98834991455078,-7.798576831817627,19.550148010253906,2.4853062629699707,-68.83291521847248,1,11,12.375398874282837,8.56803959608078,0,15.67599868774414,0
330,42.95734786987305,-37.50740051269531,-17.472888946533203,-47.59214401245117,-76.76221298933028,1,16,17.64924168586731,20.009478896856308,1,45.815032958984375,0
331,68.11659240722656,-30.073970794677734,-14.740306854248047,-26.878807067871094,-53.3601682972908,1,36,39.386921405792236,45.340368419885635,0,58.16357421875,0
332,-14.069961547851562,-37.98112106323242,-7.332354545593262,-2.8618617057800293,-108.5816390299797,1,4,4.436159610748291,3.7970760464668274,0,33.382965087890625,0
333,30.301042556762695,2.805131196975708,40.58619689941406,23.398441314697266,-121.17668450593948,1,1,1.1250874996185303,0.0,0,23.018878936767578,0
334,-44.557437896728516,-35.908531188964844,44.94264602661133,17.41339683532715,-76.57309127181753,1,155,173.2540464401245,151.35052026994526,1,14.088525772094727,0
335,40.902008056640625,35.003204345703125,-54.45878982543945,-33.23066329956055,-121.27126542806626,1,3,3.2904627323150635,2.1562588214874268,0,115.13666534423828,0
336,65.04890441894531,37.60560607910156,52.58489990234375,-28.783422470092773,-204.95097893953323,1,28,30.569921493530273,30.480183959007263,0,65.81690216064453,0
337,-27.05694580078125,17.914058685302734,76.20116424560547,-38.942108154296875,667.3985980051012,0,240,262.69278478622437,186.5040423721075,0,1.2905651330947876,1
338,51.50995635986328,-48.957008361816406,29.812673568725586,31.35515785217285,-22.451129026412985,1,29,31.908946990966797,37.218452990055084,1,53.50776672363281,0
339,-17.273456573486328,47.80469512939453,-39.51786422729492,-37.206302642822266,-118.43650887489318,1,10,11.114020109176636,10.610121548175812,1,77.98831939697266,0
340,-14.843873977661133,-13.407185554504395,29.148910522460938,5.772250175476074,-227.09987178303288,0,400,449.00044083595276,181.09913190454245,0,19.804828643798828,0
341,49.716339111328125,25.622833251953125,62.62218475341797,-30.86539649963379,-260.55420221090316,1,25,27.596742391586304,27.51876389980316,1,61.91727066040039,0
342,27.16221809387207,37.99741744995117,70.19625091552734,-37.17340850830078,141.1172949689626,0,400,435.49548625946045,270.67775483895093,1,4.9923577308654785,0
343,-26.393815994262695,-31.307418823242188,41.46636962890625,-13.66213607788086,-122.50459071397782,1,1,1.1169986724853516,0.4460720419883728,0,69.9895248413086,0
344,-17.619407653808594,-3.155054807662964,29.665475845336914,6.984952926635742,-170.5122986464947,0,400,450.2398190498352,205.41759908013046,0,16.71826171875,0
345,-56.879024505615234,15.077102661132812,-12.702901840209961,-22.952234268188477,100.26773113928748,0,400,438.37842321395874,233.49114386178553,0,13.532083511352539,0
346,-34.84624099731445,2.871918201446533,55.95117950439453,48.1990852355957,-419.0457650321726,0,400,444.05525755882263,267.4169568065554,1,36.43060302734375,0
347,68.06655883789062,-4.107834339141846,38.267860412597656,10.583817481994629,-101.43422300815583,1,29,31.610677480697632,18.258831322193146,0,25.45901870727539,0
348,28.86949348449707,35.697696685791016,4.471217155456543,14.642062187194824,247.76104942008857,0,273,300.13772678375244,157.64957722648978,3,1.416087031364441,1
349,71.0622329711914,7.280115127563477,39.929176330566406,19.080814361572266,-63.73861454606057,1,11,11.914148807525635,11.030864849686623,0,23.97591781616211,0
350,-58.192054748535156,-36.744327545166016,-20.967464447021484,36.260955810546875,-1.6159722024204939,1,179,198.6604106426239,128.18513465300202,1,19.241525650024414,0
351,-50.247737884521484,-29.13165283203125,-22.103092193603516,-39.57843017578125,-369.8714609920235,0,400,439.0998215675354,237.45756243541837,0,19.121814727783203,0
352,54.20390319824219,6.103933334350586,51.50679397583008,-26.50890350341797,-153.45875696897508,1,1,1.1143231391906738,1.60978364944458,1,32.575382232666016,0
353,43.56892776489258,23.438676834106445,63.1978759765625,-26.437692642211914,-159.03866524100303,1,7,7.672276258468628,7.167045533657074,1,51.96531677246094,0
354,14.771841049194336,14.195941925048828,24.17743682861328,-22.64495277404785,248.7830260857196,0,298,329.0465362071991,149.5516008026898,0,1.4566725492477417,1
355,58.8538703918457,13.89233684539795,78.3960189819336,-6.255029201507568,-121.42182389259338,1,1,1.111325979232788,9.5367431640625e-07,0,28.0679874420166,0
356,-33.388519287109375,37.8002815246582,44.40520095825195,19.757678985595703,-159.21668096303938,1,1,1.1064436435699463,1.2026523351669312,1,80.13164520263672,0
357,59.1119270324707,-41.4686393737793,73.27068328857422,-26.51168441772461,211.76269385792313,0,125,135.89806652069092,63.718506157398224,0,1.4793586730957031,1
358,2.0993871688842773,-47.451812744140625,5.890904426574707,-10.854353904724121,354.6401446470618,0,48,53.47586679458618,43.167492903769016,0,1.4876084327697754,1
359,-10.21048355102539,47.21620559692383,-14.311692237854004,0.3664819002151489,313.1235095080732,0,343,380.25843834877014,154.76534842513502,0,1.3242796659469604,1
360,41.7126350402832,20.81294059753418,-41.49876403808594,-14.823786735534668,-147.98369356155396,1,3,3.2744765281677246,2.5656698644161224,1,88.1413803100586,0
361,57.70383071899414,-13.183426856994629,-32.70498275756836,23.54810905456543,-121.53363748311996,1,1,1.1042165756225586,0.43316972255706787,0,97.16693878173828,0
362,54.05251693725586,43.99807357788086,-10.439050674438477,-7.617164611816406,44.328243038654335,1,26,28.400014877319336,33.28523463010788,0,50.19761276245117,0
363,14.380624771118164,-9.747586250305176,-17.470766067504883,-42.0060920715332,-97.94889041632413,0,400,439.248517036438,222.2999577894807,0,12.897024154663086,0
364,32.07737350463867,-45.304718017578125,66.98001861572266,-40.779335021972656,333.30108873635527,0,89,96.57533955574036,53.92389062605798,0,1.3482918739318848,1
365,30.601171493530273,40.10247039794922,-43.03886413574219,-44.3118896484375,292.8392669653892,1,61,67.95541572570801,86.03520961105824,1,26.733623504638672,0
366,-51.33714294433594,-18.82588768005371,44.38008117675781,40.714786529541016,63.18578293271335,0,400,441.42475986480713,217.14070856198668,0,21.732934951782227,0
367,56.64899826049805,-21.867115020751953,25.356998443603516,-26.142457962036133,-120.20533601045608,1,1,1.0936126708984375,0.26835015416145325,0,31.410829544067383,0
368,73.17496490478516,8.587310791015625,14.964302062988281,16.777626037597656,-73.55253252267838,1,12,12.973710775375366,12.09172908961773,0,48.660274505615234,0
369,-0.492104709148407,-5.964475631713867,-14.211386680603027,47.027976989746094,-307.32379471987485,1,160,177.6179482936859,128.26336405426264,1,31.22858238220215,0
370,5.447582721710205,36.17597961425781,66.08554077148438,-32.34375,523.098930375874,0,159,174.7220275402069,144.57803439348936,4,1.4598352909088135,1
371,-3.180345296859741,19.906129837036133,15.165771484375,-46.262996673583984,521.8190446636081,0,80,89.22414946556091,78.78300900757313,0,1.4024475812911987,1
372,-31.71951675415039,-36.21216583251953,58.56436538696289,-43.872005462646484,-124.55802078485489,1,1,1.1065247058868408,0.0,0,90.60823822021484,0
373,-38.50156021118164,-2.0721566677093506,58.91330337524414,-27.952299118041992,639.3492629420755,0,107,118.5022828578949,111.05960004031658,1,1.4725080728530884,1
374,-55.7507438659668,20.983686447143555,15.821456909179688,27.615692138671875,522.4217963433265,0,105,117.0147020816803,96.03631953895092,0,0.837777853012085,1
375,49.703094482421875,7.585202693939209,32.65188217163086,44.17827606201172,-118.67820925474167,1,2,2.2247042655944824,0.9114120602607727,0,39.67070770263672,0
376,63.672828674316406,38.74405288696289,-36.13743591308594,-11.571893692016602,-49.78017271757126,1,20,21.772122383117676,27.96122533082962,1,85.65861511230469,0
377,-36.854347229003906,-0.23659352958202362,3.8798749446868896,13.707540512084961,391.56387168049815,0,48,53.78202748298645,47.78107976913452,0,1.4635334014892578,1
378,-44.36124801635742,14.413718223571777,-12.66965103149414,16.89236068725586,321.17674643158915,0,39,43.63402009010315,47.375120371580124,0,0.8950443267822266,1
379,45.848079681396484,44.46501922607422,70.89775085449219,22.28665542602539,-822.842814569697,0,400,431.2882881164551,286.3610503934324,0,27.02804183959961,0
380,-22.788536071777344,-37.43784713745117,-55.417449951171875,-6.463241100311279,-122.27755737543106,1,1,1.103093147277832,1.9073486328125e-06,0,44.989688873291016,0
381,14.856963157653809,-7.492801666259766,-47.098472595214844,-25.085351943969727,63.86679910659784,1,32,35.82839035987854,39.82401077821851,0,30.73188591003418,0
382,-19.800796508789062,-8.839591979980469,-56.8956184387207,42.60283660888672,17.73360237717631,1,28,31.380528211593628,32.99061253666878,1,32.78477096557617,0
383,-10.385354042053223,-47.25077438354492,12.89795970916748,48.16530227661133,255.4678368954361,1,126,140.0792875289917,119.43652006983757,1,9.625295639038086,0
384,47.34151840209961,42.53832244873047,69.3302001953125,18.638090133666992,-349.1848098860682,0,400,431.1823444366455,180.56745948828757,0,17.130849838256836,0
385,-42.5904426574707,40.02363204956055,-41.07161331176758,-35.467620849609375,-169.93922484576723,0,400,442.69404554367065,249.40587431564927,0,24.780107498168945,0
386,-43.33445358276367,-20.993947982788086,52.24855422973633,46.85526657104492,288.76199754357356,1,77,85.68233942985535,98.77808855473995,1,26.119043350219727,0
387,-15.548154830932617,41.46148681640625,-54.512062072753906,-7.445233345031738,-138.18910176753997,1,4,4.409840822219849,3.5473333299160004,1,59.017906188964844,0
388,20.55309295654297,-17.712474822998047,-43.092411041259766,2.935612440109253,87.16389328099785,0,400,440.0574059486389,221.9094400331378,1,12.343084335327148,0
389,50.65599822998047,5.603741645812988,56.31938934326172,25.166481018066406,-142.34927095293997,1,4,4.447228670120239,2.951326847076416,4,18.473466873168945,0
390,49.17265701293945,-6.039462089538574,-57.2857551574707,7.130777835845947,-74.1384340786934,1,16,17.87611436843872,19.049836933612823,0,90.91593170166016,0
391,-11.460243225097656,25.942834854125977,-55.39484786987305,23.325239181518555,-94.16768043041229,1,6,6.622864007949829,6.833971351385117,0,39.05428695678711,0
392,-24.100675582885742,8.165231704711914,-52.560142517089844,-44.7038459777832,-379.9222385236618,0,400,440.50904297828674,260.0190119855106,0,30.135400772094727,0
393,-43.12334060668945,-45.42784118652344,-4.185508728027344,-1.1226389408111572,257.1242263355103,0,400,445.2710907459259,144.7898915372789,0,3.856142520904541,0
394,-49.78407669067383,27.387033462524414,49.756290435791016,30.147457122802734,-167.23156727910043,1,14,15.481577157974243,15.971150606870651,4,87.60418701171875,0
395,-13.227246284484863,-36.59499740600586,2.688891887664795,27.667821884155273,78.87635181177434,0,400,444.1781349182129,189.40402437373996,0,12.751952171325684,0
396,-46.8867073059082,48.22841262817383,35.96520233154297,43.298118591308594,-112.93488666772842,1,12,13.25285816192627,14.559861958026886,1,71.75909423828125,0
397,73.63410186767578,4.167628288269043,42.00481033325195,-31.994882583618164,-32.730227615833286,1,12,12.99170207977295,14.431726217269897,0,33.64524841308594,0
398,-40.28089904785156,-20.21295166015625,-26.16364860534668,41.41582489013672,-101.46160059202465,0,400,442.464980840683,222.09596117027104,0,13.394189834594727,0
399,20.26793670654297,-4.430184364318848,-21.328693389892578,-36.763797760009766,-5.50549001276498,1,197,218.450341463089,124.53262718394399,0,13.007084846496582,0
400,-37.40987777709961,-20.03497314453125,66.3524169921875,-11.154610633850098,-124.44324029982096,1,73,81.98912858963013,75.72088697552681,16,44.17192840576172,0
401,57.326263427734375,27.149900436401367,8.98155403137207,39.20345687866211,-13.404273399114615,1,19,20.83048391342163,19.34909564256668,0,31.02391815185547,0
402,22.037721633911133,15.722949981689453,20.707406997680664,-13.38679313659668,37.5914552213623,0,400,446.3734805583954,186.16839163564146,2,5.545578956604004,0
403,30.197769165039062,-34.30124282836914,-12.2473726272583,-48.37023162841797,94.83861776620151,1,87,96.55829644203186,74.65314473211765,0,8.338500022888184,0
404,-12.748350143432617,-41.6490364074707,-1.1163077354431152,3.233912706375122,408.08249155983333,0,61,68.34298610687256,50.77943094074726,0,1.4141403436660767,1
405,49.40230178833008,-6.217401504516602,-44.814327239990234,-12.603904724121094,-142.114927983284,1,6,6.698847532272339,6.8009630143642426,1,89.39128875732422,0
406,61.74256134033203,-10.055213928222656,13.451372146606445,-32.677616119384766,-136.2647111082077,1,1,1.0704903602600098,1.8595927953720093,0,55.01319122314453,0
407,-3.6235885620117188,37.83725357055664,-55.33268356323242,16.398998260498047,-29.003734359741202,1,14,15.537331104278564,18.3436399102211,0,39.80661392211914,0
408,-1.6318913698196411,-2.820902109146118,-58.55903625488281,-30.161270141601562,-57.08064768597464,0,400,438.4696207046509,243.44216857478023,0,15.060380935668945,0
409,45.80530548095703,-43.06751251220703,49.45108413696289,11.471592903137207,20.54610192269091,1,76,82.69249963760376,58.47287102043629,0,19.681907653808594,0
410,-7.717222213745117,-25.782028198242188,-30.882566452026367,3.619783401489258,-0.5356303175537569,0,400,439.7323594093323,202.34006540849805,0,10.564375877380371,0
411,-37.456382751464844,39.622406005859375,4.710338592529297,-8.137040138244629,-152.61948037862777,1,2,2.2242960929870605,0.8883017301559448,1,62.825016021728516,0
412,4.092037677764893,11.87431526184082,-24.7420654296875,-38.417510986328125,166.96015582263482,1,72,80.50384283065796,65.13779919967055,0,8.750779151916504,0
413,55.604591369628906,-16.409183502197266,3.158841609954834,-17.162382125854492,-122.6454884147644,1,1,1.0970532894134521,3.814697265625e-06,0,52.45115661621094,0
414,9.240998268127441,-40.7650146484375,55.89572525024414,7.477227687835693,-2.0308327078819275,1,20,22.38198757171631,26.788897544145584,1,40.35097885131836,0
415,46.062255859375,24.004335403442383,1.216857671737671,11.18747615814209,409.09910393536103,0,74,82.52473521232605,55.922552201896906,0,1.1148558855056763,1
416,3.4936954975128174,2.6053073406219482,-48.63203048706055,-17.85152816772461,15.15153331838531,0,400,438.006329536438,231.4785155467689,0,10.022919654846191,0
417,49.398075103759766,25.412704467773438,-38.85142135620117,25.562923431396484,205.120553663969,1,65,72.32059931755066,68.76439589262009,0,22.48504638671875,0
418,-27.478200912475586,-49.58287811279297,-53.991180419921875,-40.58551788330078,-98.18514511585236,1,9,9.968944787979126,10.395246416330338,1,19.461814880371094,0
419,19.677942276000977,-30.488046646118164,74.7381362915039,-28.357698440551758,392.5653103367986,0,222,241.0700240135193,135.11941735446453,0,1.2626076936721802,1
420,70.177490234375,29.9718017578125,-28.54320526123047,-35.839054107666016,-105.16000097751618,1,13,14.136205911636353,15.798569232225418,1,103.17129516601562,0
421,-46.174415588378906,-33.491371154785156,35.86804962158203,11.133462905883789,-159.5799025332928,1,12,13.341745615005493,12.169881016016006,4,81.97161865234375,0
422,29.1779727935791,-46.6755256652832,71.90692901611328,28.057880401611328,-2.3114631807804074,1,31,34.0630145072937,36.22982033714652,1,52.820350646972656,0
423,51.815555572509766,-19.38410758972168,39.70738983154297,25.445297241210938,-120.13301090717316,1,1,1.103682041168213,0.38116851449012756,0,46.16115188598633,0
424,37.15084457397461,-23.579233169555664,44.86598205566406,48.3139533996582,-151.27114837408064,1,3,3.296440362930298,1.6750715672969818,1,70.68109130859375,0
425,53.420143127441406,-4.089117527008057,-10.45893383026123,-46.332523345947266,-120.22003759860992,1,1,1.1047358512878418,0.4557322859764099,0,76.13194274902344,0
426,22.196409225463867,40.88835525512695,16.553375244140625,-10.646235466003418,437.3433758139611,0,52,58.24597430229187,61.495551228523254,0,1.2936811447143555,1
427,-11.553332328796387,-45.41519546508789,50.20449447631836,22.97681999206543,-46.365191919803635,1,52,57.792197704315186,52.4771631360054,0,58.26811981201172,0
428,-1.9903212785720825,-35.29090881347656,-54.38486862182617,8.472764015197754,35.1337423436716,0,400,443.08844113349915,227.9855182133615,0,15.766410827636719,0
429,49.67839050292969,-49.453346252441406,22.456472396850586,-22.693248748779297,11.54291384577752,1,16,17.522666692733765,20.178135454654694,0,18.162700653076172,0
430,-21.29463768005371,-10.867781639099121,3.717890739440918,-16.132474899291992,291.2227254211902,0,25,28.00901198387146,26.655373245477676,0,1.075809121131897,1
431,-20.967575073242188,22.63202476501465,36.37093734741211,32.56663131713867,-122.92678624629974,1,1,1.1061294078826904,1.9073486328125e-06,0,58.19279861450195,0
432,-51.11591339111328,20.463972091674805,53.78620147705078,-23.253801345825195,-48.85342383861544,1,42,47.01288676261902,53.71065255999565,1,73.94475555419922,0
433,10.651310920715332,16.367412567138672,-19.115934371948242,15.865301132202148,30.730264017730917,1,70,77.89206337928772,39.61082002520561,0,5.591087818145752,0
434,-49.09750747680664,-15.39985466003418,13.353365898132324,-24.869104385375977,74.70314748994998,0,400,441.591290473938,207.74010493792593,0,13.972529411315918,0
435,8.48364543914795,-48.32012939453125,-55.6812744140625,0.956910252571106,67.31921413183211,1,25,27.7617404460907,35.13571152091026,0,46.281620025634766,0
436,-31.844308853149414,3.1068804264068604,68.55116271972656,-35.704586029052734,639.9592325118176,0,282,306.00652503967285,214.68971680663526,0,1.0432549715042114,1
437,62.019386291503906,7.17083215713501,-13.397374153137207,-16.859174728393555,-136.13039448022843,1,1,1.0758044719696045,1.5835096836090088,0,80.6614761352539,0
438,43.89241409301758,-32.54364776611328,-48.691375732421875,15.0709810256958,-101.11225589036943,1,12,13.1353759765625,15.038880974054337,1,89.86080932617188,0
439,50.17962646484375,24.798368453979492,5.570450305938721,-38.55997848510742,-116.7255389380455,1,7,7.7097039222717285,8.222137659788132,1,69.40670776367188,0
440,52.23415756225586,0.7666022777557373,2.097722053527832,14.632349014282227,-122.17698127985001,1,9,10.0803701877594,10.498424261808395,4,43.045284271240234,0
441,12.214645385742188,-20.843353271484375,-0.8123555779457092,45.90924072265625,57.49835286617284,1,71,79.45159244537354,81.37817054986954,1,23.244701385498047,0
442,4.15798282623291,-1.9573894739151,1.9595060348510742,32.95579147338867,-106.64215299163016,0,400,441.50374603271484,209.0965474843979,0,17.69693946838379,0
443,-32.13847732543945,-44.95635223388672,34.937721252441406,14.25438404083252,-139.38826813459397,1,4,4.403344631195068,4.046860724687576,1,85.44364929199219,0
444,-36.85148239135742,-24.257009506225586,21.625722885131836,-43.74292755126953,-160.29175194978714,1,1,1.1029102802276611,0.5510590672492981,1,62.15836715698242,0
445,-51.21800231933594,-16.052934646606445,43.2514762878418,-38.999427795410156,-147.9223605632782,1,16,17.935547351837158,16.512223213911057,4,81.88642120361328,0
446,57.59822082519531,48.222190856933594,-54.04258346557617,29.104455947875977,182.55747917532915,1,73,80.68868112564087,83.52788829803467,0,38.361534118652344,0
447,14.301627159118652,-6.916631698608398,-17.870973587036133,30.470399856567383,182.82955181479457,1,53,59.27796673774719,58.1189187169075,0,2.2211086750030518,0
448,-1.7732703685760498,-39.57991027832031,5.145980358123779,33.25709533691406,229.6945378816875,0,400,442.5552353858948,217.8182593267411,0,8.39114761352539,0
449,38.15266799926758,45.170799255371094,-38.67988967895508,-13.869050979614258,335.47430972948706,0,400,441.8358268737793,231.39823320694268,4,7.587548732757568,0
450,76.59686279296875,9.250924110412598,20.289487838745117,-43.25776290893555,-26.54913720369339,1,15,16.289693355560303,18.60977067053318,0,58.416404724121094,0
451,-13.048787117004395,38.458213806152344,-19.91118621826172,-14.713544845581055,404.89056068703565,0,196,218.2371654510498,119.55170491710305,0,1.2806962728500366,1
452,51.032936096191406,46.02033615112305,55.45812225341797,-19.147960662841797,-86.28725508213043,1,13,14.17097806930542,16.559725791215897,0,55.88362503051758,0
453,-26.964693069458008,-11.219311714172363,6.780839920043945,48.560569763183594,107.83441927313814,1,60,67.03050804138184,81.42424166202545,1,20.88658905029297,0
454,-29.958494186401367,27.458656311035156,-56.28890609741211,-18.031641006469727,-130.70188392162322,1,1,1.1047091484069824,1.2705104351043701,0,53.561100006103516,0
455,-39.849891662597656,-17.15816879272461,-41.86908721923828,-48.63804626464844,-145.9286515188217,1,9,10.119309663772583,7.723307520151138,1,28.814956665039062,0
456,-2.6773502826690674,-40.795127868652344,-56.91279983520508,-28.25484848022461,-39.08994544267654,1,15,16.63014507293701,19.348272055387497,0,40.53017807006836,0
457,64.08441162109375,25.70148468017578,-4.899601459503174,48.79432678222656,59.13269211053853,1,31,33.821118116378784,39.9442321062088,0,38.599151611328125,0
458,22.504241943359375,-5.472804546356201,36.75864791870117,24.110933303833008,-240.41359798990194,0,400,445.0356676578522,184.24658015184104,8,20.834041595458984,0
459,23.508228302001953,-14.613462448120117,-24.03534507751465,-14.780074119567871,-119.62796042442322,1,1,1.1226246356964111,0.46032118797302246,0,47.19905090332031,0
460,-46.03023910522461,-22.080059051513672,30.714351654052734,-26.695064544677734,540.5329971677064,0,86,96.85783219337463,94.05035257339478,0,1.4068562984466553,1
461,28.37438201904297,-35.42803955078125,-34.952938079833984,-35.85978317260742,118.0227620065213,1,54,60.52051591873169,47.98398971557617,0,18.672304153442383,0
462,1.3029624223709106,-28.793367385864258,54.95673751831055,18.76102638244629,-156.58714446350936,1,122,137.52654433250427,91.40658620744944,1,30.05892562866211,0
463,-53.78885269165039,33.99228286743164,13.295912742614746,42.2266731262207,-155.2044038885832,1,20,22.329699277877808,21.236749589443207,5,53.567161560058594,0
464,-49.96457290649414,27.605945587158203,-52.62687301635742,-1.94300377368927,313.54626493245365,0,39,43.70058298110962,38.03927779197693,0,0.74754798412323,1
465,22.316970825195312,-13.47446060180664,-41.257102966308594,-7.071076393127441,403.46445595219757,0,265,295.8636131286621,176.1263723447919,3,1.3747038841247559,1
466,40.72686004638672,-11.426287651062012,-29.635257720947266,-40.653343200683594,-158.1049532365799,1,1,1.115767002105713,0.42878881096839905,1,76.34828186035156,0
467,13.882781028747559,-15.607555389404297,79.51339721679688,-15.312210083007812,-1528.1674311877798,0,400,446.946652173996,208.47382433712482,0,74.27690124511719,0
468,39.78428649902344,20.150686264038086,-55.54447555541992,-19.202880859375,-151.15759316444397,1,2,2.2136621475219727,1.6735820174217224,1,101.58209228515625,0
469,76.62095642089844,5.9347453117370605,54.9811897277832,-15.47301197052002,-6.417075697183606,1,14,15.272616386413574,16.913510501384735,0,13.75893783569336,0
470,-17.201868057250977,19.112258911132812,-55.112022399902344,34.80942916870117,-128.06458583831787,1,1,1.1011426448822021,0.8051673173904419,0,41.77545166015625,0
471,76.53274536132812,9.44256591796875,19.000211715698242,-6.320196151733398,-76.77392810583115,1,14,15.257062911987305,14.631178379058838,0,49.10382080078125,0
472,49.03685760498047,27.129770278930664,70.2568130493164,-36.864891052246094,-149.47354660511016,1,9,9.892876386642456,11.517295390367508,1,63.12382888793945,0
473,32.09846878051758,-39.45296096801758,-31.865337371826172,14.004842758178711,313.9362102917578,0,400,444.993901014328,223.98158259503543,0,7.229133605957031,0
474,-13.414058685302734,-32.65119552612305,-40.54574966430664,-26.67930030822754,-99.11420862674713,1,5,5.588184595108032,5.157677203416824,0,24.224843978881836,0
475,30.256362915039062,5.898417949676514,-57.51884460449219,-14.128663063049316,-124.527879114151,1,1,1.1240551471710205,1.9073486328125e-06,0,90.03094482421875,0
476,10.005579948425293,-48.099708557128906,42.923954010009766,-46.653743743896484,336.1842991757393,0,33,36.68994450569153,34.828137159347534,0,1.093605637550354,1
477,64.07323455810547,-21.805465698242188,11.575704574584961,-18.431489944458008,-121.51783991098405,1,2,2.1791703701019287,0.6654875427484512,0,52.10892868041992,0
478,33.34499740600586,-48.94658279418945,-47.72822570800781,23.46123504638672,369.7636094617843,1,68,77.0542061328888,95.86180913448334,1,13.65782356262207,0
479,32.04220199584961,12.361973762512207,46.39707565307617,38.05052185058594,-114.40007324457169,1,1,1.1156160831451416,1.2830259799957275,0,28.545331954956055,0
480,45.79457473754883,25.374813079833984,-54.26218795776367,6.8888421058654785,-54.82303022265434,1,20,22.202030897140503,22.705292016267776,0,81.27792358398438,0
481,45.70737075805664,-36.73221969604492,49.669185638427734,-0.186874121427536,-82.42278959989548,1,17,18.698989629745483,20.78408107161522,1,24.23564910888672,0
482,72.40899658203125,49.4982795715332,78.05682373046875,12.773792266845703,-457.6576545417309,0,400,435.764808177948,191.20192122645676,0,26.28628158569336,0
483,-37.3848762512207,41.14468765258789,45.67109298706055,-27.045225143432617,-145.56934966325758,1,3,3.3245978355407715,3.0432994961738586,1,104.43370056152344,0
484,70.79821014404297,6.004089832305908,48.8088493347168,13.205353736877441,-65.91949332118034,1,11,11.932704448699951,10.455431401729584,0,14.80140209197998,0
485,0.1685096025466919,9.722825050354004,65.30426788330078,18.07396697998047,-45.9084276813269,1,47,52.8447949886322,38.66735312342644,4,35.102481842041016,0
486,-4.498077392578125,47.527618408203125,13.524948120117188,17.448232650756836,354.4437233769894,0,30,33.70767140388489,36.04083555936813,0,1.1521574258804321,1
487,-8.74638843536377,3.584695339202881,47.453792572021484,-13.383710861206055,-309.54557280659674,1,128,144.8618245124817,64.36374823376536,17,24.857864379882812,0
488,-7.504896640777588,13.123943328857422,3.3493642807006836,-36.005401611328125,124.9683845313639,0,400,445.1882894039154,210.80498296115547,0,3.7190709114074707,0
489,-23.403884887695312,-11.99467658996582,41.778282165527344,-14.243830680847168,83.24300152301791,1,48,54.33228349685669,56.28015837073326,3,19.9168643951416,0
490,-10.417925834655762,-32.992897033691406,-28.47869873046875,23.104419708251953,-81.6693405675888,1,7,7.841298341751099,8.558547556400299,0,51.413021087646484,0
491,28.919178009033203,-35.83818054199219,-30.765926361083984,-25.436037063598633,72.62340560287237,1,117,130.68530201911926,77.83628387376666,0,14.803654670715332,0
492,77.72976684570312,-10.96487808227539,7.707398414611816,-45.181053161621094,586.8147382664681,0,70,76.87481546401978,79.90258786082268,0,0.8235620260238647,1
493,-49.09197998046875,-41.15806198120117,22.264713287353516,42.75981521606445,-134.2998411524296,1,67,74.45402002334595,73.08647760748863,4,63.15774154663086,0
494,53.00647735595703,-5.638272285461426,72.53639221191406,27.051904678344727,-154.51586528778077,1,1,1.1031174659729004,0.307859867811203,1,38.02927780151367,0
495,51.233333587646484,-48.44710159301758,19.09385108947754,-36.63050079345703,-6.801578843593603,1,16,17.4964497089386,20.086592435836792,0,16.972644805908203,0
496,16.83361053466797,38.825279235839844,-58.60385513305664,7.149402141571045,590.5750119888783,0,76,84.69145321846008,87.58123353123665,0,1.2440382242202759,1
497,-49.8203010559082,-20.25843620300293,5.595362186431885,18.731067657470703,542.5262621319295,0,55,61.54161310195923,69.80490642786026,0,1.2675907611846924,1
498,27.541345596313477,5.593908309936523,79.66647338867188,-44.246063232421875,-123.63339328527451,1,1,1.103339672088623,1.9660499219753547e-06,0,72.11831665039062,0
499,11.384288787841797,-47.35804748535156,74.37024688720703,-45.26168441772461,-619.4904348925501,0,400,428.64926171302795,272.5133779589087,0,63.785255432128906,0
500,-16.18918228149414,38.71452331542969,42.19029998779297,-7.919215679168701,-89.96427810911104,1,170,191.63532042503357,110.74873282387853,5,21.2656307220459,0
501,26.855552673339844,-7.150944709777832,19.797264099121094,-30.833782196044922,-121.26374708890916,1,1,1.1231071949005127,1.9073486328125e-06,0,24.712268829345703,0
502,71.46025848388672,-46.89982986450195,37.726776123046875,-0.18696333467960358,-112.79640245608988,1,85,92.60630869865417,46.210140243172646,0,31.986312866210938,0
503,14.28818416595459,-18.697628021240234,27.953350067138672,24.348575592041016,48.869049378037566,0,400,443.6680374145508,202.9590663779527,0,10.814776420593262,0
504,55.09503173828125,-38.01026153564453,38.70296859741211,28.306316375732422,-40.90429944634438,1,31,33.79142475128174,31.624622493982315,0,46.40748977661133,0
505,44.05924987792969,-32.318443298339844,-33.298828125,28.33672523498535,-91.85983617067338,1,11,12.268129825592041,14.642854362726212,1,83.7782974243164,0
506,30.152000427246094,-14.542778968811035,-6.765137672424316,4.897757530212402,-122.11418617248535,1,1,1.115201711654663,1.9073486328125e-06,0,41.72300720214844,0
507,16.401123046875,16.014923095703125,16.821788787841797,-38.85530471801758,123.72216318890445,0,400,444.26897382736206,208.65951120480895,0,7.324521064758301,0
508,16.16547966003418,-0.991747260093689,-34.204620361328125,17.10805320739746,22.31201517760752,0,400,446.0270462036133,244.7036074064672,0,10.362666130065918,0
509,-55.73968505859375,4.323292255401611,-31.551284790039062,-35.8669319152832,47.96112343668938,1,27,30.42054843902588,32.63453996181488,1,15.393827438354492,0
510,59.19447708129883,-21.3045711517334,-51.34110641479492,-46.16376495361328,-155.37364027261734,1,1,1.1014864444732666,0.4882062077522278,1,112.88414001464844,0
511,16.418527603149414,26.627031326293945,-37.92873001098633,-22.074922561645508,176.4908867129314,0,400,448.1107323169708,214.28851059265435,0,8.317010879516602,0
512,-41.57233810424805,-25.64495849609375,69.89203643798828,-43.81178665161133,560.8942227004467,0,258,283.6092576980591,183.51891953125596,5,1.128901720046997,1
513,38.84761428833008,-18.109830856323242,22.186134338378906,38.21163558959961,-122.96393556118011,1,1,1.120802879333496,0.0,0,58.7342529296875,0
514,40.64641571044922,-27.460391998291016,5.243396282196045,-39.32634735107422,-79.17385078191757,1,7,7.7842700481414795,7.725767523050308,0,30.471351623535156,0
515,0.7792081236839294,32.624061584472656,44.01487731933594,49.15317916870117,-203.73606585986914,1,272,303.7642159461975,113.56438248977065,0,12.057082176208496,0
516,-21.549434661865234,30.115116119384766,75.55203247070312,-31.43545913696289,-122.18424001693725,1,1,1.1384084224700928,0.4507753551006317,0,114.51996612548828,0
517,-19.05980682373047,43.04816818237305,2.7671430110931396,-48.664405822753906,276.4734610754998,0,400,445.4377374649048,227.37045132741332,0,7.2496490478515625,0
518,-11.609002113342285,1.209783673286438,21.69197654724121,15.64772891998291,250.67486956112094,0,389,433.53266954421997,183.1112711429596,2,1.4317705631256104,1
519,52.00774383544922,-49.68437576293945,30.238019943237305,-18.160430908203125,69.70624673247335,1,31,34.53110694885254,33.929796040058136,1,5.070837020874023,0
520,33.79137420654297,23.999855041503906,-30.48401641845703,-38.9027214050293,-126.21925478458404,1,6,6.695751905441284,6.9013731479644775,1,83.0378189086914,0
521,65.81471252441406,-25.82355499267578,-45.27729034423828,-43.800777435302734,-46.85854586362839,1,34,37.61317992210388,42.396079152822495,1,77.83010864257812,0
522,-14.521157264709473,-8.244097709655762,-51.796356201171875,-31.52887535095215,-62.24729280672984,0,400,447.35620284080505,198.8091817703098,0,16.368621826171875,0
523,64.68544006347656,-1.051256775856018,4.62522029876709,43.821632385253906,-117.0220069861412,1,2,2.1778488159179688,1.3368485569953918,0,73.63616943359375,0
524,49.11272430419922,-17.083946228027344,-5.517909526824951,7.239491939544678,-123.01642794132232,1,1,1.1202008724212646,0.0,0,59.80080032348633,0
525,-43.021156311035156,25.92423439025879,18.143085479736328,38.20193099975586,-184.95988590717315,1,7,7.930752754211426,8.030590444803238,4,58.398250579833984,0
526,-35.91608428955078,35.97779083251953,8.523350715637207,-37.9517822265625,-163.38610847234725,1,1,1.1200008392333984,1.4894475936889648,1,87.00982666015625,0
527,72.41795349121094,-28.741437911987305,-27.53302001953125,-17.96137809753418,-75.08169853448871,1,25,27.668622493743896,26.831609696149826,1,75.99933624267578,0
528,-40.52574920654297,-46.02553939819336,-22.756206512451172,15.329248428344727,-39.375064162248925,0,400,451.12242126464844,203.27284173294902,4,12.98427677154541,0
529,52.61484146118164,-33.9979133605957,15.915332794189453,35.71014404296875,-74.98762468338013,1,13,14.440869569778442,17.272827714681625,1,62.60891342163086,0
530,64.3074951171875,15.954571723937988,-48.434810638427734,44.41136932373047,-127.48887166261673,1,2,2.183241128921509,0.9148042798042297,0,115.74091339111328,0
531,16.348878860473633,-18.649234771728516,-57.84357833862305,3.244173049926758,564.3596092665196,0,74,84.04116582870483,86.60241031646729,0,1.2479498386383057,1
532,-48.85011672973633,3.9549663066864014,-35.67610168457031,-35.98426055908203,-204.4817485587299,0,400,447.2104935646057,212.19315290544182,0,14.51995849609375,0
533,-14.50910758972168,20.943523406982422,58.490081787109375,13.95244026184082,147.3757154494525,1,92,104.03429365158081,85.71577749401331,2,10.299064636230469,0
534,23.726058959960938,5.543647289276123,-30.605676651000977,5.235085487365723,-120.01363661289216,1,1,1.1237232685089111,0.47375592589378357,0,53.99339294433594,0
535,37.006103515625,-24.7939395904541,48.19337844848633,-0.14777468144893646,-765.5237033757561,0,400,454.0552797317505,182.62226388975978,0,34.18105697631836,0
536,52.156341552734375,-37.09107208251953,58.76075744628906,9.727193832397461,-272.9651582613587,1,122,138.02904725074768,112.1413297727704,1,25.97809410095215,0
537,39.76266098022461,-28.564477920532227,-2.7835917472839355,-5.271485805511475,-101.14312109947204,1,8,8.951109170913696,9.510911792516708,1,39.43345642089844,0
538,-20.727405548095703,-45.00932693481445,-27.051359176635742,12.311415672302246,-139.29213012456893,1,4,4.482335090637207,4.264903396368027,1,54.41569137573242,0
539,45.39274597167969,49.744319915771484,74.08671569824219,26.493101119995117,-373.4923043841125,0,400,437.1313102245331,242.8792923539877,0,15.88861083984375,0
540,-55.87886428833008,-28.18108367919922,-36.10033416748047,-35.815860748291016,-230.5446678553523,0,400,442.5740575790405,174.97533090040088,0,11.963809967041016,0
541,-16.503482818603516,23.394311904907227,-59.07863235473633,-19.367877960205078,-123.63693182945252,1,1,1.107813835144043,0.10724154114723206,0,60.416343688964844,0
542,-37.79863357543945,-33.242042541503906,4.217038154602051,28.92014503479004,499.1442522573471,0,68,76.68243646621704,87.97546216845512,3,1.3859138488769531,1
543,7.734429359436035,-48.1580696105957,-16.96310043334961,25.468372344970703,104.67766278497884,0,400,445.10861802101135,242.7691429182887,0,14.241755485534668,0
544,11.993139266967773,-38.674217224121094,21.29521942138672,-3.765556573867798,-216.14993920661507,0,400,446.30314111709595,183.29859818518162,0,16.184762954711914,0
545,60.518798828125,-42.968441009521484,-55.05300521850586,-11.26380729675293,-87.39587137699127,1,25,27.971508502960205,30.655668824911118,1,93.8758316040039,0
546,-43.46512222290039,-33.29763412475586,-1.6781837940216064,46.6066780090332,507.0008580042422,0,352,392.1854465007782,247.0314436033368,0,1.2660256624221802,1
547,11.721487998962402,36.98374938964844,72.02762603759766,4.819901943206787,5.649250124692912,1,32,35.694509983062744,32.7142813205719,1,37.03386306762695,0
548,67.45148468017578,-2.20253849029541,19.215681076049805,22.655088424682617,-114.99515851497651,1,5,5.4257330894470215,4.372311979532242,0,51.90932083129883,0
549,79.30845642089844,-20.3424072265625,57.066280364990234,22.80431365966797,96.28219172082866,0,400,431.665105342865,213.631901236251,0,8.878853797912598,0
550,8.553360939025879,-1.7346566915512085,48.386260986328125,12.624263763427734,-85.49699332237248,1,41,46.44727277755737,35.89598525315523,1,24.757570266723633,0
551,-11.565032005310059,-40.52187728881836,8.800094604492188,15.35917854309082,487.75240593671805,0,54,61.17213296890259,64.02819615602493,0,0.9048782587051392,1
552,49.50579833984375,-42.181800842285156,-43.11748504638672,-36.272911071777344,170.99033675074577,1,79,88.74059009552002,96.93792808055878,1,21.27051544189453,0
553,-19.27523422241211,29.755083084106445,69.50920104980469,28.87285804748535,-121.82203573584556,1,1,1.1106748580932617,0.32749566435813904,0,88.4613265991211,0
554,37.62245559692383,20.27897071838379,-12.76526165008545,-39.046138763427734,-150.8498025751114,1,3,3.287454605102539,1.8021886944770813,1,76.0406723022461,0
555,-42.12981033325195,6.516816139221191,37.31763458251953,8.678449630737305,-71.96688101112834,0,400,450.97971963882446,198.60382280871272,0,21.714832305908203,0
556,54.15964889526367,5.174449443817139,19.979360580444336,13.817014694213867,-119.79905905723572,1,1,1.1058642864227295,0.46798890829086304,0,35.00871658325195,0
557,32.73445510864258,-46.444759368896484,54.27141571044922,38.521785736083984,29.985585028529158,1,77,86.72577571868896,96.18113178014755,11,25.932626724243164,0
558,5.902360439300537,-47.210506439208984,51.26430892944336,48.353309631347656,158.24280846118918,1,80,90.4181137084961,94.01351004838943,7,27.624221801757812,0
559,-3.441816568374634,-32.81230926513672,55.79795455932617,11.211021423339844,86.54254645556222,1,88,99.47692799568176,84.83045004308224,1,19.097856521606445,0
560,43.238624572753906,-41.76123809814453,45.210758209228516,43.9896240234375,-62.50721213102342,1,20,22.116343021392822,26.02141499519348,0,68.3358154296875,0
561,6.849692344665527,43.89451599121094,30.61427116394043,14.984492301940918,34.530541227311076,1,139,155.84662652015686,70.93250280339271,1,7.01792049407959,0
562,13.563626289367676,46.596683502197266,-36.9651985168457,-33.06205368041992,357.13954765979196,0,400,449.7968716621399,208.4052203670144,0,5.742359638214111,0
563,72.5492172241211,27.336639404296875,-40.69730758666992,27.815105438232422,-86.59118948698044,1,16,17.629221200942993,21.106887698173523,0,97.97455596923828,0
564,-11.317218780517578,48.07664489746094,-37.9936637878418,-27.323070526123047,312.6132371507588,0,400,450.8443021774292,213.10835100524127,11,1.8014006614685059,0
565,70.43492126464844,3.2148821353912354,-0.6362099647521973,31.984760284423828,-81.31906507015228,1,8,8.71162223815918,9.516042530536652,0,67.95111083984375,0
566,12.354883193969727,45.6315803527832,-25.704452514648438,10.083041191101074,430.81047471523266,0,176,198.83388710021973,110.4649160951376,0,1.2314931154251099,1
567,18.822830200195312,-2.026458501815796,-22.454097747802734,41.49299240112305,193.79224909067148,1,52,59.134347677230835,57.03290471434593,0,8.30517578125,0
568,-55.153499603271484,32.81254577636719,28.670772552490234,-24.69115447998047,352.66163882113966,0,400,448.88759565353394,219.3408552221954,0,9.86839771270752,0
569,37.26091384887695,-2.11541748046875,29.277570724487305,23.609582901000977,-94.48874527692794,1,5,5.69390869140625,4.982617557048798,0,22.75890350341797,0
570,70.96073150634766,-9.667980194091797,21.27666664123535,17.762052536010742,-67.97045659303666,1,9,9.885216236114502,10.185574024915695,0,46.98261642456055,0
571,53.26344680786133,10.826268196105957,-18.31954002380371,-25.87163734436035,-122.88086243867875,1,1,1.1089069843292236,0.3248947858810425,0,80.2964859008789,0
572,5.7302680015563965,9.722567558288574,10.95631217956543,-44.27740478515625,135.84969245567922,0,400,448.5718162059784,214.84237741678953,0,9.59744930267334,0
573,69.56245422363281,-41.50688552856445,9.160970687866211,5.878008842468262,46.50314183235173,1,41,45.39431715011597,44.60668081045151,1,36.1075439453125,0
574,22.699478149414062,20.623592376708984,-48.71748733520508,29.164592742919922,70.18373410910382,0,400,445.30394864082336,277.4860849119723,0,11.828478813171387,0
575,-45.48036193847656,22.494543075561523,-19.69943618774414,7.155026912689209,315.96432034328586,0,53,60.321598052978516,40.89834675565362,0,1.0952825546264648,1
576,-22.90433120727539,-29.758499145507812,0.7239145040512085,20.160717010498047,-135.80936064481736,1,1,1.1139132976531982,1.9464399814605713,0,56.8463249206543,0
577,22.122304916381836,25.072063446044922,-32.91116714477539,43.42258834838867,22.625345189571348,1,42,47.460713624954224,41.450886368751526,0,28.044126510620117,0
578,73.66748046875,46.841094970703125,26.68244171142578,-23.628341674804688,0.5854156696796053,1,51,56.05035734176636,48.318039029836655,1,43.48933792114258,0
579,42.30659866333008,-29.46750259399414,-43.92251968383789,34.2361946105957,-81.35711830615998,1,8,8.95172667503357,10.506428688764572,0,96.83387756347656,0
580,33.354530334472656,-2.104053497314453,13.53818416595459,-28.855300903320312,-122.84356313228608,1,1,1.1205601692199707,0.24912801384925842,0,33.434661865234375,0
581,22.8095645904541,20.436784744262695,53.74432373046875,13.854021072387695,-717.0444704620546,0,400,437.48235988616943,223.01768147572875,4,32.54947280883789,0
582,-4.258977890014648,25.393869400024414,-0.7113038897514343,-23.03184700012207,110.93375852722677,0,400,452.27279257774353,171.92959669977427,0,8.289381980895996,0
583,-28.654178619384766,49.103702545166016,13.52488899230957,1.4294483661651611,-73.87250614166261,1,11,12.30181074142456,14.385402917861938,1,49.31298065185547,0
584,-0.02969997189939022,-33.165077209472656,79.3517837524414,3.4168643951416016,-27.843515052795425,1,23,26.26621389389038,30.56785598397255,3,59.00121307373047,0
585,-6.180512428283691,22.879505157470703,44.17829132080078,13.04318904876709,-6.760809450447681,0,400,442.21024322509766,205.02367337793112,0,10.560025215148926,0
586,-58.45896530151367,0.7680178284645081,38.47507095336914,39.174766540527344,-63.72158210515978,1,22,24.75550413131714,28.428831696510315,2,78.42840576171875,0
587,-55.35021209716797,-26.066255569458008,-34.019996643066406,35.35277557373047,-147.51079389192157,1,122,138.3369336128235,82.75164173729718,31,9.811505317687988,0
588,-56.36333465576172,-43.906005859375,20.886478424072266,41.11328887939453,-193.77120720237497,1,84,95.3467001914978,97.75740680098534,4,59.989803314208984,0
589,-0.11203016340732574,-7.824124336242676,4.109061241149902,48.96788024902344,81.90531956762077,0,400,448.32835364341736,259.8459221161902,0,10.54065990447998,0
590,39.32963180541992,-21.151981353759766,6.125201225280762,-22.486352920532227,-154.404011387825,1,1,1.0981709957122803,0.8521419763565063,1,33.19599914550781,0
591,54.46116256713867,18.727537155151367,-28.546918869018555,12.252982139587402,-121.61738646984101,1,1,1.131899118423462,0.4741016626358032,0,82.9405746459961,0
592,31.817739486694336,18.539104461669922,4.895111083984375,2.850160837173462,-156.07221091628074,1,1,1.1080436706542969,0.47032374143600464,1,31.34615135192871,0
593,40.17928695678711,13.131117820739746,-29.766664505004883,-47.6878776550293,-124.075818567276,1,1,1.1133551597595215,0.07509351521730423,0,92.61754608154297,0
594,76.69237518310547,37.490806579589844,33.862213134765625,-5.3729963302612305,4.5274638009071,1,21,22.951129913330078,26.71237114071846,1,33.921016693115234,0
595,-5.328128337860107,3.671910285949707,16.003812789916992,29.468647003173828,263.86705461367956,0,252,282.7981743812561,123.06085807457566,0,1.4184316396713257,1
596,9.552332878112793,20.280210494995117,55.764747619628906,-37.09054183959961,195.7556782525405,0,400,438.08570289611816,235.68830845877528,0,4.539911270141602,0
597,55.15217590332031,-17.744112014770508,-58.968326568603516,1.1360938549041748,-125.8116684794426,1,1,1.1078989505767822,0.0,0,115.67173767089844,0
598,-42.0814323425293,-16.912933349609375,25.83103370666504,-14.379286766052246,83.14801902428262,0,400,446.49362206459045,215.70203875005245,2,11.120071411132812,0
599,-53.32042694091797,-7.626757621765137,25.258705139160156,34.833560943603516,17.50506546735761,1,28,31.942946910858154,37.507276117801666,1,53.922393798828125,0
600,8.830317497253418,31.50873565673828,-17.85013771057129,-24.76383399963379,-5.468649584800074,0,400,445.00025248527527,219.82171247899532,0,13.312334060668945,0
601,79.58048248291016,2.7907650470733643,78.03791809082031,37.972110748291016,251.19661684155457,0,214,233.75216436386108,128.48070203699172,0,1.3025262355804443,1
602,38.67757797241211,-28.089115142822266,13.947137832641602,1.1339304447174072,-1627.518281335608,0,400,433.1408233642578,247.651184277609,0,67.64420318603516,0
603,-51.56893539428711,29.54142189025879,-23.890151977539062,-33.4122200012207,-239.3248849993946,0,400,440.60502004623413,282.4035554062575,0,27.68465232849121,0
604,-21.116811752319336,-44.06370162963867,26.87828254699707,-28.334434509277344,-144.96637068033218,1,3,3.3444454669952393,2.52781879901886,1,48.502098083496094,0
605,18.62226104736328,-45.55168914794922,57.79878616333008,-2.941685676574707,-43.63598880290988,1,28,31.249646425247192,26.76245181262493,1,35.26190948486328,0
606,-17.882858276367188,3.003786563873291,-3.3496625423431396,25.82804298400879,302.5348316335678,0,23,25.88180112838745,29.505548804998398,0,1.3654189109802246,1
607,57.030517578125,38.85926818847656,-58.803226470947266,15.663153648376465,-59.037893942594536,1,30,33.97169017791748,39.4130879342556,1,85.65446472167969,0
608,66.21737670898438,4.772228240966797,53.70757293701172,-22.544517517089844,-98.1941734957695,1,4,4.363717555999756,3.786680907011032,0,26.493337631225586,0
609,23.588134765625,-33.47684860229492,22.68211555480957,22.854759216308594,443.65791971132154,0,100,113.304434299469,94.79245306551456,0,1.2583465576171875,1
610,45.352657318115234,28.228870391845703,24.045223236083984,32.368804931640625,-78.47142084240913,1,9,10.064960956573486,9.849310874938965,0,15.190502166748047,0
611,23.757091522216797,40.91667938232422,56.53181076049805,39.974517822265625,-190.55090696156023,1,48,54.29672384262085,35.381318628787994,6,26.57151985168457,0
612,51.3116569519043,34.12727355957031,17.99602699279785,-8.251672744750977,5.041483951807038,1,18,19.787556648254395,21.68303292989731,0,32.64486312866211,0
613,-28.46637725830078,-26.0479793548584,-49.04474639892578,0.9419124722480774,-129.68728610515595,1,1,1.114229679107666,1.7339222431182861,0,34.92996597290039,0
614,-15.721246719360352,20.72943687438965,-44.94993591308594,-25.092138290405273,-117.91095194101334,1,2,2.217660427093506,0.9896281957626343,0,53.3776741027832,0
615,-19.990312576293945,34.201419830322266,-34.7663459777832,2.328275680541992,-121.78239569187164,1,1,1.1352760791778564,0.0,0,35.131587982177734,0
616,67.53678894042969,22.240476608276367,4.322511196136475,-22.798885345458984,-97.95723868250847,1,6,6.563639879226685,6.210164874792099,0,71.88197326660156,0
617,-38.002742767333984,32.711456298828125,-5.033179759979248,-24.040241241455078,-183.39692795991897,1,2,2.2326207160949707,1.2191627025604248,2,64.45024871826172,0
618,1.5905169248580933,-11.949831008911133,-55.18522262573242,15.461746215820312,484.48172420606033,0,103,116.77946662902832,94.40785109251738,0,1.456548810005188,1
619,0.6450462937355042,-48.086177825927734,21.89383888244629,-14.520149230957031,42.75537937182929,0,400,450.0299859046936,202.73144860193133,1,8.068123817443848,0
620,76.90608215332031,8.065293312072754,31.48709487915039,26.300363540649414,-52.411775728464136,1,15,16.606396675109863,13.96162772551179,0,36.10370635986328,0
621,14.527935028076172,-31.367361068725586,31.60028648376465,-15.418501853942871,-61.86344661474227,1,20,22.34479308128357,17.371620297431946,1,9.317841529846191,0
622,-22.390316009521484,39.41361618041992,-45.41550827026367,-2.6862947940826416,-153.5970101976395,1,2,2.2015175819396973,0.5900461450219154,1,47.423892974853516,0
623,17.865598678588867,-34.557796478271484,58.24089431762695,20.648704528808594,-55.72235773444177,1,75,85.65454697608948,74.9149599969387,3,26.965633392333984,0
624,71.46504211425781,21.453758239746094,29.920854568481445,35.86200714111328,-115.09505957365035,1,11,12.073347806930542,10.62657168507576,1,36.26103210449219,0
625,49.232818603515625,-10.81898307800293,0.13418284058570862,33.504119873046875,-3.483307883739485,1,17,19.316238164901733,21.478596836328506,0,44.68227767944336,0
626,27.659860610961914,17.94908905029297,50.442264556884766,-7.704000949859619,-161.12310178041457,1,1,1.1104743480682373,1.054174542427063,1,35.10172653198242,0
627,57.94318389892578,15.958429336547852,32.569149017333984,44.18621063232422,-121.92185760259628,1,1,1.1236629486083984,9.5367431640625e-07,0,37.95588684082031,0
628,52.04741668701172,4.9919819831848145,77.9481430053711,47.13314437866211,-164.39474481105805,1,4,4.559753656387329,4.2065340876579285,3,48.61738204956055,0
629,57.17396926879883,1.8614898920059204,27.704729080200195,28.526254653930664,-122.00952477216721,1,1,1.1076104640960693,1.1920928955078125e-07,0,39.74224090576172,0
630,-6.574457168579102,7.513245582580566,-30.32061004638672,-9.367157936096191,315.85200801610944,0,23,26.12220025062561,28.19241601228714,0,1.3675929307937622,1
631,-5.822381496429443,-20.545148849487305,77.31058502197266,32.09376525878906,573.8540423968432,0,127,143.0264549255371,120.10460788756609,0,0.9537268877029419,1
632,-52.35470962524414,-44.78535842895508,19.961650848388672,-34.9208869934082,-95.18426278352737,1,16,17.937772750854492,21.35880157351494,3,57.62045669555664,0
633,10.72074031829834,43.765995025634766,39.850826263427734,26.3997859954834,47.030876009315264,1,58,65.47709846496582,43.986359637230635,6,4.8282551765441895,0
634,-51.75449752807617,24.025718688964844,-33.43972396850586,-14.806733131408691,391.8959327556937,0,48,54.43716287612915,49.648301750421524,0,1.2845828533172607,1
635,-44.08115005493164,-28.131702423095703,-1.8504960536956787,25.491785049438477,35.77131391406061,1,48,54.15831637382507,63.23810476064682,1,26.70671272277832,0
636,-56.387996673583984,-23.63556480407715,-38.923213958740234,36.3181266784668,-34.88676849260925,1,147,165.91879105567932,124.68034429475665,4,18.41321563720703,0
637,-18.37656021118164,-48.42668151855469,-40.328155517578125,10.705836296081543,-114.55902131795884,1,8,8.886462926864624,8.929943948984146,1,55.01510238647461,0
638,-45.88032150268555,-13.955222129821777,14.503938674926758,10.51948356628418,293.8209027335793,0,400,453.70728850364685,201.65875035896897,0,3.9214067459106445,0
639,76.73765563964844,30.497737884521484,-7.203352451324463,-1.982986569404602,-68.00397277951242,1,21,22.959377765655518,22.75229087471962,0,72.3214340209961,0
640,79.02100372314453,47.225425720214844,15.966339111328125,14.490225791931152,72.11858391642572,1,33,36.20215916633606,40.102657437324524,0,35.06861114501953,0
641,-50.74017333984375,-6.34781551361084,39.81121826171875,14.030838012695312,281.49983339071275,1,84,95.54817485809326,96.15472757816315,1,8.425310134887695,0
642,12.523427963256836,0.6868761777877808,-44.1833381652832,-35.58879089355469,-3.566964732892843,0,400,448.90316462516785,250.06416053324938,0,13.591522216796875,0
643,-13.000099182128906,43.16524887084961,29.46250343322754,-12.47542667388916,41.558423290252776,0,400,454.5334675312042,220.02918312698603,0,16.30233383178711,0
644,27.19279670715332,-32.32306671142578,-38.838462829589844,5.902654647827148,553.0833294516804,0,122,139.6633050441742,115.71529087424278,0,1.4058270454406738,1
645,-20.70697593688965,35.710601806640625,20.453584671020508,33.713985443115234,-122.08838331222535,1,1,1.1279444694519043,4.2649612623790745e-06,0,41.20895767211914,0
646,73.79552459716797,4.575539588928223,48.391902923583984,40.3075065612793,-31.135489459037785,1,11,12.21625304222107,14.457597732543945,0,29.673215866088867,0
647,79.23736572265625,20.251365661621094,27.660078048706055,-33.89719772338867,-114.20185348510743,1,50,56.290825843811035,49.88124877214432,0,53.06464385986328,0
648,-4.374199390411377,-49.666709899902344,-54.762840270996094,9.840803146362305,-34.46814629793167,1,13,14.623366594314575,17.104539185762405,0,60.93632888793945,0
649,33.42820739746094,19.868181228637695,7.994470596313477,14.971076011657715,-147.67575503349303,1,2,2.2118866443634033,1.2347733676433563,1,24.880216598510742,0
650,-36.64108657836914,22.872495651245117,60.27190399169922,27.83989715576172,-164.00928117752073,1,1,1.1158039569854736,0.7622551918029785,1,97.80162811279297,0
651,-56.23922348022461,-44.25047302246094,29.99094009399414,36.9095344543457,-191.7714696709811,1,391,439.9392559528351,305.89392938651145,1,3.248286247253418,0
652,-23.94180679321289,-10.953933715820312,39.227046966552734,13.397420883178711,180.35633777856822,1,55,62.723408699035645,68.46189680695534,1,10.476444244384766,0
653,-43.8946418762207,10.061863899230957,52.60772705078125,-12.971192359924316,-469.3937914454564,1,302,342.8301272392273,163.2119967546314,1,27.697336196899414,0
654,46.26507568359375,32.246158599853516,74.84378814697266,2.5947675704956055,-172.65568389415742,1,9,10.382612466812134,9.628270030021667,0,45.52650451660156,0
655,10.620226860046387,7.762157440185547,-54.723384857177734,26.6342716217041,186.18872326001522,0,400,448.5138785839081,246.0707613416016,0,7.065145015716553,0
656,17.711654663085938,5.098953723907471,-0.6732102036476135,19.484134674072266,-108.6056263077259,0,400,446.94359850883484,208.11917888373137,0,11.356202125549316,0
657,66.78274536132812,-29.98752784729004,44.93538284301758,40.27667999267578,-109.241583237648,1,9,9.82166314125061,10.894818544387817,1,63.93505859375,0
658,72.01873016357422,28.920108795166016,-25.08820915222168,10.284994125366211,-71.25124170064927,1,39,43.062071561813354,46.47911676764488,0,70.9117660522461,0
659,7.740185260772705,-18.596237182617188,61.43240737915039,-22.6545352935791,-237.74905826628208,1,51,57.81921672821045,51.703008860349655,1,50.791534423828125,0
660,45.89363479614258,46.14744567871094,-27.52564239501953,29.2286376953125,231.78207926034924,1,63,71.49205112457275,74.29150721430779,0,11.23765754699707,0
661,-35.348167419433594,24.625253677368164,20.59076690673828,28.358919143676758,-172.33802924871446,1,1,1.1262753009796143,2.0546023845672607,1,58.11400604248047,0
662,53.35380935668945,4.872274398803711,50.824974060058594,39.250179290771484,-119.09908614635468,1,1,1.0979111194610596,0.4350436329841614,0,34.141639709472656,0
663,35.01094055175781,-38.368953704833984,-9.132390022277832,-14.700554847717285,-91.1412690472602,0,400,451.3063278198242,211.9665113016963,0,22.382890701293945,0
664,64.05841064453125,-30.607276916503906,-17.940372467041016,-12.288134574890137,262.65635900273907,0,400,448.641042470932,248.7067782394588,0,7.086160182952881,0
665,37.44307327270508,-41.37018585205078,-13.000600814819336,-3.9665322303771973,509.68565587520607,0,51,58.13211011886597,65.17341965436935,3,1.0408467054367065,1
666,64.9892349243164,19.299396514892578,38.92848587036133,-48.75670623779297,-112.4220005428791,1,4,4.354573011398315,2.8677118718624115,0,70.05198669433594,0
667,9.212592124938965,-4.1718010902404785,34.495948791503906,18.55538558959961,-2.2858122777938945,1,35,40.033750772476196,35.26284117996693,1,9.330803871154785,0
668,-36.45737075805664,32.44353103637695,-49.91516876220703,3.8813085556030273,-117.96136455774307,1,1,1.097783088684082,0.48110780119895935,0,31.12107276916504,0
669,66.33639526367188,-19.606325149536133,-34.91799545288086,-49.21876525878906,-111.78035374164581,1,4,4.362797975540161,4.005765318870544,0,101.77711486816406,0
670,47.07697677612305,-20.38675308227539,-3.4266881942749023,-19.147676467895508,-155.96056889533997,1,1,1.0957698822021484,1.6179230213165283,1,50.5698127746582,0
671,-59.24337387084961,7.910152912139893,-57.04304885864258,-36.59095764160156,301.80090377599004,0,320,358.5380482673645,174.62573464214802,0,1.419764757156372,1
672,-20.632057189941406,-8.445985794067383,47.822532653808594,-31.48293685913086,43.054926597476,1,44,50.057841300964355,47.02212302386761,4,27.168315887451172,0
673,-39.08810806274414,-19.09919548034668,60.44525909423828,5.8766398429870605,76.72133383303867,1,78,89.33374357223511,82.74177995324135,1,39.71304702758789,0
674,-17.21757698059082,42.63945770263672,1.7696723937988281,-33.65673828125,291.39043751388795,0,400,452.7848777770996,218.7426877208054,0,3.4053711891174316,0
675,69.59104919433594,-37.47767639160156,69.36038208007812,-14.2456636428833,-114.19444906443356,1,67,74.27854871749878,38.516036346554756,0,13.255322456359863,0
676,-6.21660852432251,-40.535682678222656,-4.190399646759033,23.42940902709961,-78.36990659356118,1,17,19.30918049812317,17.562169402837753,0,52.14778518676758,0
677,58.02029037475586,-3.963862657546997,-32.275882720947266,31.07789421081543,-124.87114112377166,1,1,1.1146321296691895,3.82214057026431e-06,0,96.85723114013672,0
678,45.33525848388672,20.732208251953125,-48.52317810058594,2.2322757244110107,578.9880117792637,0,243,276.0145072937012,167.63070468232036,0,1.4371832609176636,1
679,76.16991424560547,49.299190521240234,27.866344451904297,-21.907102584838867,41.27787574887276,1,36,39.821600675582886,41.55534639954567,1,45.6251106262207,0
680,46.41938018798828,49.667118072509766,-25.451129913330078,-18.810462951660156,-84.65938268423078,1,13,14.448646783828735,16.57108184695244,1,82.70150756835938,0
681,38.13444900512695,20.74446678161621,1.0839130878448486,49.50929260253906,-292.1583283587173,1,193,219.1151099205017,98.6261899471283,31,11.565775871276855,0
682,17.859085083007812,21.879112243652344,42.530517578125,-0.20592144131660461,-110.26537251353264,1,43,48.85682559013367,36.653671234846115,1,19.22598648071289,0
683,50.29005432128906,-0.09190692007541656,50.536869049072266,23.71601676940918,-108.83927312135698,1,10,11.500916004180908,9.624380886554718,2,16.594764709472656,0
684,11.960177421569824,38.43400192260742,-23.5921573638916,-19.216835021972656,533.4457952594757,0,60,68.2282977104187,75.66230702400208,0,1.1344897747039795,1
685,15.106664657592773,1.6461879014968872,-17.897523880004883,24.608287811279297,109.7951238566637,1,40,45.66515564918518,45.24241527915001,0,5.341735363006592,0
686,47.02863311767578,-41.28718948364258,42.33442687988281,19.772768020629883,-55.5625616145134,1,20,22.43523931503296,21.140266746282578,1,41.777435302734375,0
687,43.21577453613281,-0.7967884540557861,-11.961328506469727,-43.757877349853516,-69.74798311948777,1,12,13.759962797164917,11.904477924108505,0,58.22579574584961,0
688,9.623783111572266,-15.48877239227295,5.8097710609436035,44.2882194519043,454.48274290122094,0,153,173.8128478527069,105.17652267962694,0,1.2514746189117432,1
689,47.35566711425781,-48.54252243041992,-52.27733612060547,1.1376426219940186,690.7082833680512,0,122,138.3164563179016,130.24300780892372,0,1.324697732925415,1
690,-3.027134418487549,-32.775360107421875,41.0742073059082,26.44936752319336,118.83524398475882,1,89,101.17888927459717,84.80272064357996,5,8.127649307250977,0
691,-15.648323059082031,23.322952270507812,29.17852783203125,-24.563106536865234,90.03120987027904,1,176,199.29271602630615,130.7818520590663,7,9.548961639404297,0
692,34.626773834228516,34.54854202270508,76.73857879638672,23.41349220275879,-124.8634039092064,1,1,1.118868112564087,1.4651415348052979,0,43.890045166015625,0
693,58.73943328857422,31.275041580200195,48.113834381103516,-8.756767272949219,-622.746035509557,1,271,299.9428789615631,142.8836052622646,1,30.019386291503906,0
694,-40.30080795288086,46.7196044921875,64.21204376220703,36.11705780029297,-130.44578547000884,1,9,10.198464155197144,11.40003690123558,1,96.16665649414062,0
695,29.325462341308594,-22.50881576538086,-55.18864059448242,-22.71509552001953,543.1871777454021,0,197,222.87620377540588,170.63616505265236,2,1.3770262002944946,1
696,42.18156433105469,-4.583887100219727,-15.827950477600098,-47.808841705322266,-77.4133759379387,1,8,9.055168628692627,9.333950370550156,0,63.191749572753906,0
697,-5.6964192390441895,37.85894012451172,41.208160400390625,-22.01696014404297,-19.499797770567156,1,158,181.59904527664185,95.8714580629021,3,18.68800163269043,0
698,24.44920539855957,8.297014236450195,15.041489601135254,41.25196075439453,-121.38098436355591,1,1,1.136434555053711,0.33075252175331116,0,34.22711944580078,0
699,-1.541764736175537,24.160188674926758,40.48927688598633,-15.326302528381348,11.708363012671384,1,50,57.4327826499939,48.765958815813065,7,18.037771224975586,0
700,-43.488887786865234,9.289048194885254,-10.35217571258545,-7.948207378387451,362.91005856931207,0,46,52.433512926101685,47.71643677353859,0,1.4747107028961182,1
701,-14.491113662719727,-17.88511085510254,-20.386493682861328,1.4136521816253662,243.3711817285418,0,96,109.12404727935791,45.42362202703953,0,1.1765424013137817,1
702,-15.165274620056152,-31.79694175720215,-53.71650314331055,-10.563931465148926,-111.50853182315826,1,2,2.2452046871185303,1.7085734605789185,0,42.370216369628906,0
703,76.40799713134766,6.209020137786865,-2.552762269973755,20.97565269470215,551.8547944669428,0,122,137.9998996257782,118.62796116620302,0,1.1520209312438965,1
704,59.19847869873047,4.664453983306885,-52.48497772216797,-10.517754554748535,-125.66308984756469,1,1,1.145620584487915,3.814697265625e-06,0,112.71066284179688,0
705,4.041549205780029,-21.639123916625977,-2.021664619445801,19.467967987060547,383.06335171461103,0,41,46.710081815719604,52.43785539269447,0,1.3077284097671509,1
706,-21.525484085083008,-46.746253967285156,77.66651153564453,19.827978134155273,-105.12855355024337,1,6,7.003526210784912,6.721368789672852,0,112.87671661376953,0
707,-54.964027404785156,5.437525272369385,32.77899932861328,-39.66764831542969,641.5213617312908,0,105,119.39067006111145,105.20828193426132,0,1.3217676877975464,1
708,30.13634490966797,-27.834861755371094,-10.690702438354492,35.380340576171875,-116.10503808498383,1,7,7.970832824707031,8.337219476699829,1,67.14859771728516,0
709,-36.306724548339844,-47.919647216796875,-44.842529296875,6.27984094619751,457.1123706912995,0,53,59.67809319496155,60.45780834555626,0,1.4458212852478027,1
710,-14.175671577453613,37.10316467285156,-37.043338775634766,14.053863525390625,-90.94428128242492,1,6,6.655125617980957,5.457459777593613,0,27.534212112426758,0
711,12.37621021270752,-13.487743377685547,-5.944721221923828,48.78960037231445,461.4372092050316,0,213,240.89891958236694,134.5944088511169,0,1.3936564922332764,1
712,-49.16082000732422,46.416664123535156,-40.31914138793945,19.748945236206055,307.68666468977926,0,26,29.11361265182495,29.655774742364883,0,1.2153509855270386,1
713,65.77521514892578,-1.0721551179885864,-51.9193000793457,-19.20929718017578,-123.3870970416069,1,3,3.2979977130889893,2.8579152822494507,0,117.23904418945312,0
714,-8.557332038879395,-19.90163803100586,54.05592727661133,-19.813796997070312,-725.6792521606017,0,400,456.2688376903534,207.04428048804402,21,37.518043518066406,0
715,1.8550355434417725,9.188034057617188,1.4448635578155518,-34.76421356201172,125.97730244118716,0,400,454.59450483322144,177.34589258395135,0,3.714028835296631,0
716,49.78543472290039,-5.594979286193848,-6.925731658935547,34.36958694458008,-52.11681273698807,1,14,15.850838899612427,19.21437031030655,1,50.554325103759766,0
717,51.26261901855469,-9.570554733276367,-54.84832763671875,26.009878158569336,-80.01361388206485,1,18,20.339580535888672,24.853715628385544,2,90.34232330322266,0
718,40.351497650146484,19.261714935302734,-57.990413665771484,-32.29700469970703,-155.79180540084838,1,1,1.0949294567108154,0.3630398213863373,1,110.69174194335938,0
719,-17.28377342224121,33.97517395019531,70.01213836669922,41.11516571044922,-121.02306288957595,1,1,1.2026498317718506,0.5774970650672913,0,87.16741943359375,0
720,27.618499755859375,18.809940338134766,-8.785181999206543,44.791168212890625,-117.50129051923751,1,1,1.1053359508514404,0.6371502876281738,0,44.13249588012695,0
721,68.73774719238281,46.17828369140625,18.35970115661621,7.9176483154296875,113.40922956943513,1,38,42.0958456993103,45.261556804180145,1,18.466867446899414,0
722,41.78680419921875,23.905879974365234,6.246957302093506,-33.0765495300293,-131.929325504303,1,7,7.753798246383667,5.723906874656677,1,61.48624801635742,0
723,-15.482091903686523,31.50540542602539,-48.538516998291016,-22.06543731689453,-114.94118395328522,1,2,2.243241786956787,1.4653407037258148,0,61.49900817871094,0
724,3.430790424346924,49.86519241333008,-57.09891891479492,25.742359161376953,10.887395603656756,1,21,23.47458553314209,28.261205285787582,0,40.90010070800781,0
725,18.725744247436523,40.887855529785156,-54.019737243652344,-34.33839797973633,691.0759489534788,0,177,201.24367785453796,146.8404317870736,0,1.136063575744629,1
726,71.87767791748047,-37.544410705566406,-2.0597946643829346,9.423783302307129,-53.04172429084778,1,18,19.680812120437622,22.44621643424034,1,65.75586700439453,0
727,26.59996223449707,40.761043548583984,-44.82606506347656,-22.39131736755371,659.0062093758586,0,107,122.20770597457886,111.46932823210955,2,1.0666816234588623,1
728,6.499865531921387,-5.69720983505249,67.68901062011719,-8.740835189819336,-1056.5151254660634,0,400,460.8848121166229,168.00172132998705,0,54.7487678527832,0
729,55.53311538696289,10.991759300231934,35.303157806396484,-16.391700744628906,-121.72769582748413,1,1,1.1834335327148438,9.5367431640625e-07,0,34.045631408691406,0
730,14.792262077331543,-29.312728881835938,29.29722785949707,0.24615494906902313,-184.31051088273506,0,400,452.85319423675537,225.90553685836494,0,14.776000022888184,0
731,57.23835372924805,28.134559631347656,-38.84613037109375,-1.5139251947402954,392.6237363102481,0,400,454.84927558898926,215.53565674088895,0,5.0766167640686035,0
732,-55.5670051574707,47.35103225708008,-48.4349250793457,13.377595901489258,343.7041292458773,0,35,39.432432889938354,35.49445301294327,0,1.3473825454711914,1
733,-58.577518463134766,17.035663604736328,48.33600616455078,48.62014389038086,-339.321920017302,0,400,456.22041392326355,273.3627315890044,0,31.934724807739258,0
734,-4.846876621246338,30.9558048248291,67.88753509521484,24.389984130859375,386.4446688281,0,126,142.83416366577148,105.392921930179,0,1.456658959388733,1
735,24.98624610900879,41.719051361083984,-35.81534957885742,22.446218490600586,202.2702816581727,1,59,66.92880749702454,70.87035390734673,1,4.622653484344482,0
736,-58.45277404785156,-43.43137741088867,-27.77493667602539,18.468711853027344,112.91693669021132,1,99,112.19612073898315,94.0660435706377,1,2.808781623840332,0
737,13.910809516906738,5.051147937774658,48.8286018371582,48.9360237121582,20.754577829837814,1,58,65.80133485794067,49.724461413919926,1,20.335025787353516,0
738,-2.8959872722625732,28.23036003112793,-1.3336552381515503,-35.676631927490234,232.3996552359311,0,400,452.0387988090515,227.46001428551972,0,3.9101502895355225,0
739,40.15874481201172,9.545553207397461,-27.107723236083984,-29.828380584716797,-150.55506471037864,1,1,1.1022751331329346,1.550681710243225,1,77.15266418457031,0
740,-30.00954818725586,31.90191078186035,-41.47959899902344,-36.16365051269531,-123.47824989080429,1,1,1.1090731620788574,0.0,0,69.02523040771484,0
741,-32.61724090576172,37.20664978027344,-54.4901123046875,19.14769744873047,-163.88590759038925,1,1,1.0946879386901855,1.7970013618469238,1,29.537187576293945,0
742,32.945167541503906,34.3106689453125,-0.9224693179130554,-22.856992721557617,-158.75565778493882,1,1,1.1097733974456787,1.6453769207000732,1,66.74555969238281,0
743,-58.47257614135742,-48.944580078125,24.882062911987305,-6.390989303588867,-5638.039951594729,0,400,441.47521138191223,249.39384461194277,0,290.8460693359375,0
744,9.66812515258789,7.6530280113220215,13.918571472167969,40.743507385253906,41.82133035853513,0,400,451.17651629447937,188.99580596759915,0,7.447772026062012,0
745,-26.41646385192871,15.603500366210938,-54.1939697265625,-32.95607376098633,471.5525729620456,0,49,55.710939168930054,58.61196658015251,0,1.423764944076538,1
746,9.209179878234863,-8.789949417114258,74.80305480957031,5.8774542808532715,-1118.8738181137667,1,332,381.3572404384613,166.8627260439098,1,51.74544143676758,0
